2026-08-03 12:25:06,BTCUSDT,UPTREND,BUY,80,80,77.17,0,0,0,0,100,0.71,False
2026-08-03 12:25:06,ETHUSDT,UPTREND,WAIT,55,55,81.47,0,0,0,0,100,0.51,False
2026-08-03 12:25:06,BNBUSDT,UPTREND,WAIT,45,45,82.23,0,0,0,0,100,0.47,False
2026-08-03 12:25:06,LTCUSDT,UPTREND,SELL,25,25,61.9,0,0,0,0,90,0.13,False
2026-08-03 12:25:06,ADAUSDT,UPTREND,BUY,90,90,70.83,0,0,0,0,100,2.12,False
2026-08-03 12:25:06,XRPUSDT,UPTREND,SELL,25,25,70.37,0,0,0,0,75,0.05,False
2026-08-03 12:25:06,TRXUSDT,SIDEWAYS,SELL,0,0,83.33,0,0,0,0,100,0.6,False
2026-08-03 12:25:06,USDCUSDT,UPTREND,WAIT,80,80,55.56,0,0,0,0,100,0.55,False
2026-08-03 12:25:06,LINKUSDT,UPTREND,BUY,100,100,64.44,0,0,0,0,100,0.53,False
2026-08-03 12:25:06,FETUSDT,SIDEWAYS,SELL,0,0,45.45,0,0,0,0,100,0.25,False
2026-08-03 12:25:06,ZECUSDT,UPTREND,SELL,25,25,58.11,0,0,0,0,75,0.05,False
2026-08-03 12:25:06,CELRUSDT,UPTREND,WAIT,55,55,59.09,0,0,0,0,90,0.19,False
2026-08-03 12:25:06,ENJUSDT,UPTREND,WAIT,50,50,71.79,0,0,0,0,70,2.17,False
2026-08-03 12:25:06,ATOMUSDT,DOWNTREND,WAIT,50,50,22.22,0,0,0,0,90,9.88,False
2026-08-03 12:25:06,ALGOUSDT,UPTREND,WAIT,70,70,69.23,0,0,0,0,100,0.39,False
2026-08-03 12:25:06,DOGEUSDT,UPTREND,SELL,15,15,77.78,0,0,0,0,90,0.16,False
2026-08-03 12:25:06,CVCUSDT,UPTREND,WAIT,70,70,55.17,0,0,0,0,90,1.32,False
2026-08-03 12:25:06,HBARUSDT,UPTREND,WAIT,30,30,70.37,0,0,0,0,80,0.18,False
2026-08-03 12:25:06,EURUSDT,SIDEWAYS,WAIT,40,40,45.45,0,0,0,0,100,0.46,False
2026-08-03 12:25:06,MBLUSDT,UPTREND,WAIT,85,85,57.14,0,0,0,0,100,0.96,False
2026-08-03 12:25:06,COTIUSDT,SIDEWAYS,SELL,25,25,50.0,0,0,0,0,75,0.03,False
2026-08-03 12:25:06,SOLUSDT,UPTREND,SELL,25,25,66.67,0,0,0,0,75,0.04,False
2026-08-03 12:25:06,ZENUSDT,DOWNTREND,SELL,10,10,33.93,0,0,0,0,80,0.23,False
2026-08-03 12:25:06,STORJUSDT,UPTREND,BUY,95,95,75.0,0,0,0,0,90,9.82,False
2026-08-03 12:25:06,JSTUSDT,UPTREND,SELL,25,25,71.43,0,0,0,0,90,0.12,False
2026-08-03 12:25:06,SANDUSDT,UPTREND,WAIT,40,40,77.08,0,0,0,0,90,0.54,False
2026-08-03 12:25:06,DIAUSDT,UPTREND,BUY,100,100,63.64,0,0,0,0,100,5.34,False
2026-08-03 12:25:06,UNIUSDT,UPTREND,WAIT,60,60,72.34,0,0,0,0,90,0.17,False
2026-08-03 12:25:06,AVAXUSDT,UPTREND,WAIT,60,60,57.14,0,0,0,0,90,0.22,False
2026-08-03 12:25:06,AAVEUSDT,UPTREND,SELL,25,25,60.0,0,0,0,0,75,0.01,False
2026-08-03 12:25:06,NEARUSDT,DOWNTREND,SELL,25,25,41.67,0,0,0,0,100,0.48,False
2026-08-03 12:25:06,FILUSDT,SIDEWAYS,WAIT,35,35,53.33,0,0,0,0,90,0.25,False
2026-08-03 12:25:06,INJUSDT,UPTREND,BUY,80,80,59.38,0,0,0,0,100,0.29,False
2026-08-03 12:25:06,RIFUSDT,UPTREND,SELL,25,25,67.86,0,0,0,0,90,0.12,False
2026-08-03 12:25:06,CAKEUSDT,UPTREND,WAIT,35,35,100,0,0,0,0,70,0.85,False
2026-08-03 12:25:06,CFXUSDT,UPTREND,WAIT,70,70,70.0,0,0,0,0,90,0.57,False
2026-08-03 12:25:06,TLMUSDT,DOWNTREND,SELL,25,25,39.13,0,0,0,0,100,0.77,False
2026-08-03 12:25:06,SHIBUSDT,SIDEWAYS,SELL,25,25,50.0,0,0,0,0,75,0.01,False
2026-08-03 12:25:06,GTCUSDT,SIDEWAYS,WAIT,60,60,53.62,0,0,0,0,90,0.41,False
2026-08-03 12:25:06,DEXEUSDT,SIDEWAYS,WAIT,50,50,47.54,0,0,0,0,100,0.95,False
2026-08-03 12:25:06,WAXPUSDT,DOWNTREND,SELL,0,0,40.0,0,0,0,0,90,0.2,False
2026-08-03 12:25:06,LAZIOUSDT,SIDEWAYS,BUY,75,75,53.85,0,0,0,0,80,0.5,False
2026-08-03 12:25:06,PYRUSDT,SIDEWAYS,SELL,25,25,50.0,0,0,0,0,75,0.03,False
2026-08-03 12:25:06,BICOUSDT,DOWNTREND,SELL,15,15,42.7,0,0,0,0,100,0.51,False
2026-08-03 12:25:06,JOEUSDT,UPTREND,WAIT,50,50,100,0,0,0,0,80,9.42,False
2026-08-03 12:25:06,GLMRUSDT,UPTREND,WAIT,45,45,56.41,0,0,0,0,70,0.27,False
2026-08-03 12:25:06,SCRTUSDT,UPTREND,WAIT,35,35,60.0,0,0,0,0,90,0.27,False
2026-08-03 12:25:06,BTTCUSDT,UPTREND,WAIT,50,50,57.14,0,0,0,0,80,0.29,False
2026-08-03 12:25:06,TUSDT,UPTREND,WAIT,75,75,72.73,0,0,0,0,70,5.15,False
2026-08-03 12:25:06,GMTUSDT,DOWNTREND,SELL,5,5,40.0,0,0,0,0,80,0.13,False
2026-08-03 12:25:06,LDOUSDT,UPTREND,WAIT,40,40,72.22,0,0,0,0,80,0.17,False
2026-08-03 12:25:06,LUNCUSDT,SIDEWAYS,SELL,15,15,46.67,0,0,0,0,75,0.01,False
2026-08-03 12:25:06,GMXUSDT,UPTREND,WAIT,50,50,100,0,0,0,0,80,0.5,False
2026-08-03 12:25:06,HFTUSDT,UPTREND,SELL,25,25,60.65,0,0,0,0,75,0.06,False
2026-08-03 12:25:06,SYNUSDT,SIDEWAYS,SELL,25,25,54.43,0,0,0,0,75,0.01,False
2026-08-03 12:25:06,PROMUSDT,UPTREND,WAIT,55,55,75.0,0,0,0,0,90,0.46,False
2026-08-03 12:25:06,ARBUSDT,UPTREND,BUY,80,80,62.5,0,0,0,0,90,1.67,False
2026-08-03 12:25:06,EDUUSDT,SIDEWAYS,WAIT,75,75,50.0,0,0,0,0,100,6.37,False
2026-08-03 12:25:06,SUIUSDT,UPTREND,SELL,25,25,80.65,0,0,0,0,75,0.05,False
2026-08-03 12:25:06,PEPEUSDT,UPTREND,WAIT,35,35,55.56,0,0,0,0,90,0.22,False
2026-08-03 12:25:06,PENDLEUSDT,UPTREND,SELL,5,5,100,0,0,0,0,70,0.26,False
2026-08-03 12:25:06,WLDUSDT,DOWNTREND,SELL,0,0,44.44,0,0,0,0,90,0.22,False
2026-08-03 12:25:06,FDUSDUSDT,DOWNTREND,SELL,0,0,40.0,0,0,0,0,80,0.22,False
2026-08-03 12:25:06,SEIUSDT,UPTREND,WAIT,85,85,60.0,0,0,0,0,90,1.16,False
2026-08-03 12:25:06,ORDIUSDT,SIDEWAYS,SELL,25,25,45.45,0,0,0,0,100,0.69,False
2026-08-03 12:25:06,PIVXUSDT,SIDEWAYS,SELL,25,25,60.0,0,0,0,0,75,0.08,False
2026-08-03 12:25:06,VICUSDT,UPTREND,SELL,25,25,60.0,0,0,0,0,90,0.13,False
2026-08-03 12:25:06,VANRYUSDT,DOWNTREND,WAIT,35,35,43.31,0,0,0,0,100,1.66,False
2026-08-03 12:25:06,1000SATSUSDT,SIDEWAYS,SELL,25,25,63.16,0,0,0,0,80,0.13,False
2026-08-03 12:25:06,AIUSDT,DOWNTREND,SELL,25,25,40.0,0,0,0,0,80,3.45,False
2026-08-03 12:25:06,STRKUSDT,UPTREND,SELL,25,25,61.11,0,0,0,0,75,0.03,False
2026-08-03 12:25:06,PORTALUSDT,SIDEWAYS,SELL,25,25,50.0,0,0,0,0,75,0.03,False
2026-08-03 12:25:06,BOMEUSDT,DOWNTREND,SELL,5,5,34.78,0,0,0,0,100,0.47,False
2026-08-03 12:25:06,ETHFIUSDT,UPTREND,BUY,80,80,67.86,0,0,0,0,100,0.72,False
2026-08-03 12:25:06,ENAUSDT,SIDEWAYS,SELL,25,25,46.15,0,0,0,0,100,0.29,False
2026-08-03 12:25:06,SAGAUSDT,SIDEWAYS,SELL,25,25,35.29,0,0,0,0,75,0.07,False
2026-08-03 12:25:06,TAOUSDT,UPTREND,BUY,95,95,72.73,0,0,0,0,100,1.53,False
2026-08-03 12:25:06,BBUSDT,UPTREND,WAIT,45,45,63.64,0,0,0,0,70,0.17,False
2026-08-03 12:25:06,BANANAUSDT,UPTREND,BUY,80,80,78.31,0,0,0,0,70,7.99,False
2026-08-03 12:25:06,DOGSUSDT,DOWNTREND,SELL,0,0,42.47,0,0,0,0,70,1.16,False
2026-08-03 12:25:06,POLUSDT,UPTREND,WAIT,65,65,75.0,0,0,0,0,100,1.17,False
2026-08-03 12:25:06,NEIROUSDT,DOWNTREND,SELL,0,0,41.67,0,0,0,0,90,0.2,False
2026-08-03 12:25:06,HMSTRUSDT,SIDEWAYS,WAIT,35,35,53.85,0,0,0,0,90,0.8,False
2026-08-03 12:25:06,EIGENUSDT,UPTREND,SELL,25,25,66.67,0,0,0,0,80,0.14,False
2026-08-03 12:25:06,ACXUSDT,DOWNTREND,SELL,10,10,35.71,0,0,0,0,75,0.04,False
2026-08-03 12:25:06,MOVEUSDT,SIDEWAYS,SELL,0,0,100,0,0,0,0,90,0.16,False
2026-08-03 12:25:06,PENGUUSDT,UPTREND,WAIT,40,40,80.0,0,0,0,0,100,0.5,False
2026-08-03 12:25:06,SUSDT,SIDEWAYS,WAIT,60,60,47.89,0,0,0,0,100,0.32,False
2026-08-03 12:25:06,TRUMPUSDT,UPTREND,BUY,100,100,63.64,0,0,0,0,100,1.42,False
2026-08-03 12:25:06,1000CHEEMSUSDT,DOWNTREND,SELL,15,15,33.33,0,0,0,0,100,0.64,False
2026-08-03 12:25:06,TSTUSDT,DOWNTREND,SELL,0,0,42.86,0,0,0,0,80,0.2,False
2026-08-03 12:25:06,HEIUSDT,SIDEWAYS,WAIT,70,70,50.0,0,0,0,0,90,1.71,False
2026-08-03 12:25:06,KAITOUSDT,DOWNTREND,WAIT,30,30,27.3,0,0,0,0,100,0.37,False
2026-08-03 12:25:06,GPSUSDT,DOWNTREND,WAIT,30,30,26.09,0,0,0,0,70,3.59,False
2026-08-03 12:25:06,EPICUSDT,SIDEWAYS,BUY,85,85,50.24,0,0,0,0,100,0.32,False
2026-08-03 12:25:06,FORMUSDT,UPTREND,BUY,90,90,66.67,0,0,0,0,70,2.12,False
2026-08-03 12:25:06,NILUSDT,SIDEWAYS,SELL,25,25,50.0,0,0,0,0,90,0.23,False
2026-08-03 12:25:06,MUBARAKUSDT,SIDEWAYS,WAIT,60,60,50.0,0,0,0,0,100,0.3,False
2026-08-03 12:25:06,TUTUSDT,SIDEWAYS,WAIT,50,50,52.46,0,0,0,0,100,0.62,False
2026-08-03 12:25:06,GUNUSDT,SIDEWAYS,SELL,0,0,100,0,0,0,0,75,0.07,False
2026-08-03 12:25:06,BABYUSDT,UPTREND,SELL,25,25,55.56,0,0,0,0,75,0.09,False
2026-08-03 12:25:06,ONDOUSDT,UPTREND,BUY,100,100,62.5,0,0,0,0,100,1.62,False
2026-08-03 12:25:06,USD1USDT,UPTREND,SELL,25,25,69.57,0,0,0,0,75,0.01,False
2026-08-03 12:25:06,HOLOUSDT,UPTREND,WAIT,50,50,81.82,0,0,0,0,100,1.49,False
2026-08-03 12:25:06,MIRAUSDT,SIDEWAYS,SELL,25,25,50.0,0,0,0,0,75,0.0,False
2026-08-03 12:25:06,GIGGLEUSDT,UPTREND,SELL,25,25,66.87,0,0,0,0,75,0.0,False
2026-08-03 12:25:06,KITEUSDT,UPTREND,SELL,25,25,62.5,0,0,0,0,90,0.11,False
2026-08-03 12:25:06,ALLOUSDT,SIDEWAYS,SELL,25,25,42.78,0,0,0,0,75,0.07,False
2026-08-03 12:25:06,SNDKBUSDT,UPTREND,SELL,25,25,55.25,0,0,0,0,75,0.01,False
2026-08-03 12:25:06,SPCXBUSDT,UPTREND,SELL,25,25,72.15,0,0,0,0,75,0.0,False
2026-08-03 12:25:06,SOXLBUSDT,UPTREND,SELL,25,25,66.18,0,0,0,0,75,0.0,False
2026-08-03 12:25:06,SNXXBUSDT,UPTREND,SELL,25,25,57.58,0,0,0,0,75,0.01,False
2026-08-03 12:26:29,BTCUSDT,UPTREND,SELL,25,25,68.62,0,0,0,0,75,0.01,False
2026-08-03 12:26:29,ETHUSDT,UPTREND,SELL,25,25,76.06,0,0,0,0,75,0.02,False
2026-08-03 12:26:29,BNBUSDT,UPTREND,SELL,25,25,73.61,0,0,0,0,75,0.0,False
2026-08-03 12:26:29,ADAUSDT,UPTREND,SELL,25,25,58.33,0,0,0,0,75,0.01,False
2026-08-03 12:26:29,XRPUSDT,UPTREND,SELL,25,25,58.62,0,0,0,0,75,0.0,False
2026-08-03 12:26:29,TRXUSDT,SIDEWAYS,SELL,0,0,80.0,0,0,0,0,75,0.0,False
2026-08-03 12:26:29,USDCUSDT,SIDEWAYS,SELL,25,25,54.55,0,0,0,0,75,0.02,False
2026-08-03 12:26:29,LINKUSDT,SIDEWAYS,SELL,25,25,52.17,0,0,0,0,90,0.12,False
2026-08-03 12:26:29,ZECUSDT,SIDEWAYS,SELL,25,25,52.98,0,0,0,0,75,0.02,False
2026-08-03 12:26:29,DOGEUSDT,SIDEWAYS,SELL,25,25,47.37,0,0,0,0,75,0.01,False
2026-08-03 12:26:29,CHZUSDT,SIDEWAYS,WAIT,65,65,50.0,0,0,0,0,70,0.98,False
2026-08-03 12:26:29,EURUSDT,SIDEWAYS,SELL,25,25,40.0,0,0,0,0,75,0.01,False
2026-08-03 12:26:29,MBLUSDT,UPTREND,WAIT,55,55,57.14,0,0,0,0,100,0.28,False
2026-08-03 12:26:29,COTIUSDT,SIDEWAYS,WAIT,30,30,60.0,0,0,0,0,100,0.31,False
2026-08-03 12:26:29,SOLUSDT,UPTREND,SELL,25,25,56.0,0,0,0,0,75,0.01,False
2026-08-03 12:26:29,STORJUSDT,UPTREND,SELL,20,20,83.33,0,0,0,0,90,0.38,False
2026-08-03 12:26:29,JSTUSDT,UPTREND,SELL,25,25,70.59,0,0,0,0,75,0.04,False
2026-08-03 12:26:29,DIAUSDT,UPTREND,BUY,100,100,70.0,0,0,0,0,100,5.98,False
2026-08-03 12:26:29,UNIUSDT,UPTREND,BUY,95,95,57.69,0,0,0,0,100,0.38,False
2026-08-03 12:26:29,AVAXUSDT,SIDEWAYS,SELL,25,25,31.82,0,0,0,0,75,0.07,False
2026-08-03 12:26:29,GRTUSDT,DOWNTREND,SELL,10,10,33.33,0,0,0,0,90,0.15,False
2026-08-03 12:26:29,RIFUSDT,UPTREND,SELL,25,25,68.97,0,0,0,0,75,0.02,False
2026-08-03 12:26:29,TKOUSDT,UPTREND,BUY,90,90,62.5,0,0,0,0,70,1.24,False
2026-08-03 12:26:29,SHIBUSDT,UPTREND,SELL,25,25,55.56,0,0,0,0,75,0.07,False
2026-08-03 12:26:29,DEXEUSDT,SIDEWAYS,SELL,10,10,50.0,0,0,0,0,90,0.16,False
2026-08-03 12:26:29,WAXPUSDT,SIDEWAYS,SELL,5,5,51.72,0,0,0,0,75,0.07,False
2026-08-03 12:26:29,PYRUSDT,SIDEWAYS,WAIT,60,60,57.14,0,0,0,0,100,1.4,False
2026-08-03 12:26:29,BICOUSDT,SIDEWAYS,SELL,25,25,69.8,0,0,0,0,90,0.13,False
2026-08-03 12:26:29,PEOPLEUSDT,UPTREND,WAIT,85,85,55.56,0,0,0,0,90,0.95,False
2026-08-03 12:26:29,SCRTUSDT,UPTREND,WAIT,85,85,60.0,0,0,0,0,90,0.82,False
2026-08-03 12:26:29,BTTCUSDT,SIDEWAYS,WAIT,35,35,50.0,0,0,0,0,70,0.22,False
2026-08-03 12:26:29,TUSDT,UPTREND,WAIT,55,55,75.0,0,0,0,0,70,1.09,False
2026-08-03 12:26:29,GMTUSDT,DOWNTREND,SELL,25,25,25.0,0,0,0,0,90,1.51,False
2026-08-03 12:26:29,GMXUSDT,UPTREND,SELL,25,25,100,0,0,0,0,70,0.13,False
2026-08-03 12:26:29,HFTUSDT,UPTREND,SELL,25,25,59.09,0,0,0,0,75,0.09,False
2026-08-03 12:26:29,SUIUSDT,UPTREND,BUY,80,80,64.29,0,0,0,0,100,0.4,False
2026-08-03 12:26:29,WLDUSDT,DOWNTREND,SELL,10,10,35.29,0,0,0,0,75,0.04,False
2026-08-03 12:26:29,ORDIUSDT,DOWNTREND,SELL,25,25,38.1,0,0,0,0,75,0.05,False
2026-08-03 12:26:29,PIVXUSDT,DOWNTREND,SELL,20,20,30.0,0,0,0,0,75,0.06,False
2026-08-03 12:26:29,VICUSDT,UPTREND,SELL,25,25,78.57,0,0,0,0,100,0.26,False
2026-08-03 12:26:29,VANRYUSDT,SIDEWAYS,SELL,25,25,54.2,0,0,0,0,90,0.1,False
2026-08-03 12:26:29,ACEUSDT,SIDEWAYS,SELL,25,25,45.45,0,0,0,0,75,0.01,False
2026-08-03 12:26:29,AIUSDT,SIDEWAYS,SELL,0,0,50.0,0,0,0,0,70,0.15,False
2026-08-03 12:26:29,PYTHUSDT,DOWNTREND,SELL,0,0,43.75,0,0,0,0,70,0.42,False
2026-08-03 12:26:29,STRKUSDT,UPTREND,WAIT,35,35,55.56,0,0,0,0,90,0.22,False
2026-08-03 12:26:29,PORTALUSDT,UPTREND,WAIT,70,70,63.64,0,0,0,0,100,0.41,False
2026-08-03 12:26:29,WIFUSDT,DOWNTREND,SELL,25,25,33.33,0,0,0,0,70,1.42,False
2026-08-03 12:26:29,BOMEUSDT,DOWNTREND,SELL,0,0,22.22,0,0,0,0,75,0.02,False
2026-08-03 12:26:29,ETHFIUSDT,UPTREND,WAIT,65,65,62.96,0,0,0,0,90,0.15,False
2026-08-03 12:26:29,ENAUSDT,DOWNTREND,SELL,5,5,21.43,0,0,0,0,75,0.07,False
2026-08-03 12:26:29,TAOUSDT,UPTREND,SELL,25,25,60.0,0,0,0,0,75,0.02,False
2026-08-03 12:26:29,ACXUSDT,SIDEWAYS,SELL,25,25,48.3,0,0,0,0,75,0.01,False
2026-08-03 12:26:29,MOVEUSDT,SIDEWAYS,SELL,0,0,100,0,0,0,0,75,0.08,False
2026-08-03 12:26:29,PENGUUSDT,UPTREND,SELL,25,25,70.0,0,0,0,0,75,0.01,False
2026-08-03 12:26:29,SUSDT,SIDEWAYS,SELL,25,25,49.3,0,0,0,0,75,0.02,False
2026-08-03 12:26:29,1000CHEEMSUSDT,DOWNTREND,SELL,0,0,33.33,0,0,0,0,90,0.15,False
2026-08-03 12:26:29,KAITOUSDT,DOWNTREND,SELL,25,25,26.86,0,0,0,0,90,0.12,False
2026-08-03 12:26:29,GPSUSDT,DOWNTREND,SELL,0,0,30.77,0,0,0,0,70,0.47,False
2026-08-03 12:26:29,EPICUSDT,UPTREND,SELL,25,25,55.21,0,0,0,0,75,0.08,False
2026-08-03 12:26:29,FORMUSDT,SIDEWAYS,WAIT,55,55,50.0,0,0,0,0,70,1.14,False
2026-08-03 12:26:29,NILUSDT,DOWNTREND,SELL,0,0,39.53,0,0,0,0,75,0.01,False
2026-08-03 12:26:29,MUBARAKUSDT,SIDEWAYS,SELL,25,25,47.83,0,0,0,0,75,0.01,False
2026-08-03 12:26:29,TUTUSDT,SIDEWAYS,SELL,25,25,48.57,0,0,0,0,90,0.19,False
2026-08-03 12:26:29,ONDOUSDT,UPTREND,SELL,25,25,71.43,0,0,0,0,75,0.08,False
2026-08-03 12:26:29,HYPERUSDT,DOWNTREND,SELL,25,25,25.0,0,0,0,0,90,0.53,False
2026-08-03 12:26:29,USD1USDT,UPTREND,SELL,25,25,68.0,0,0,0,0,75,0.03,False
2026-08-03 12:26:29,ERAUSDT,SIDEWAYS,SELL,5,5,50.0,0,0,0,0,75,0.07,False
2026-08-03 12:26:29,CUSDT,UPTREND,WAIT,30,30,90.91,0,0,0,0,100,0.32,False
2026-08-03 12:26:29,PUMPUSDT,SIDEWAYS,SELL,5,5,54.55,0,0,0,0,100,0.29,False
2026-08-03 12:26:29,HEMIUSDT,UPTREND,WAIT,50,50,72.73,0,0,0,0,70,0.62,False
2026-08-03 12:26:29,XPLUSDT,SIDEWAYS,SELL,25,25,43.75,0,0,0,0,75,0.1,False
2026-08-03 12:26:29,MIRAUSDT,SIDEWAYS,SELL,15,15,57.14,0,0,0,0,90,0.23,False
2026-08-03 12:26:29,FFUSDT,SIDEWAYS,SELL,25,25,51.61,0,0,0,0,75,0.06,False
2026-08-03 12:26:29,EDENUSDT,UPTREND,SELL,25,25,63.41,0,0,0,0,75,0.02,False
2026-08-03 12:26:29,EULUSDT,SIDEWAYS,WAIT,40,40,51.52,0,0,0,0,100,1.02,False
2026-08-03 12:26:29,ENSOUSDT,UPTREND,BUY,85,85,66.67,0,0,0,0,90,0.31,False
2026-08-03 12:26:29,GIGGLEUSDT,UPTREND,SELL,25,25,69.09,0,0,0,0,75,0.02,False
2026-08-03 12:26:29,KITEUSDT,SIDEWAYS,WAIT,45,45,44.44,0,0,0,0,100,0.43,False
2026-08-03 12:26:29,MMTUSDT,SIDEWAYS,SELL,25,25,46.87,0,0,0,0,75,0.09,False
2026-08-03 12:26:29,ALLOUSDT,SIDEWAYS,SELL,25,25,48.0,0,0,0,0,90,0.13,False
2026-08-03 12:26:29,BANKUSDT,DOWNTREND,SELL,25,25,31.25,0,0,0,0,100,0.66,False
2026-08-03 12:26:29,币安人生USDT,DOWNTREND,SELL,10,10,36.96,0,0,0,0,75,0.07,False
2026-08-03 12:26:29,UUSDT,UPTREND,SELL,25,25,66.67,0,0,0,0,75,0.01,False
2026-08-03 12:26:29,FRAXUSDT,UPTREND,WAIT,55,55,68.42,0,0,0,0,90,0.29,False
2026-08-03 12:26:29,SENTUSDT,DOWNTREND,SELL,0,0,21.05,0,0,0,0,90,0.62,False
2026-08-03 12:26:29,ZAMAUSDT,SIDEWAYS,SELL,25,25,62.75,0,0,0,0,75,0.03,False
2026-08-03 12:26:29,ESPUSDT,DOWNTREND,SELL,25,25,34.82,0,0,0,0,75,0.01,False
2026-08-03 12:26:29,MANTRAUSDT,SIDEWAYS,SELL,25,25,66.67,0,0,0,0,75,0.02,False
2026-08-03 12:26:29,OPNUSDT,UPTREND,WAIT,65,65,66.67,0,0,0,0,70,1.04,False
2026-08-03 12:26:29,NIGHTUSDT,UPTREND,SELL,25,25,58.33,0,0,0,0,90,0.14,False
2026-08-03 12:26:29,XAUTUSDT,DOWNTREND,WAIT,40,40,26.81,0,0,0,0,100,0.51,False
2026-08-03 12:26:29,MUBUSDT,SIDEWAYS,WAIT,50,50,52.67,0,0,0,0,100,0.28,False
2026-08-03 12:26:29,CRCLBUSDT,UPTREND,SELL,25,25,65.75,0,0,0,0,75,0.07,False
2026-08-03 12:26:29,SNDKBUSDT,SIDEWAYS,SELL,25,25,49.46,0,0,0,0,75,0.08,False
2026-08-03 12:26:29,SPCXBUSDT,UPTREND,WAIT,70,70,67.39,0,0,0,0,90,0.24,False
2026-08-03 12:26:29,REUSDT,DOWNTREND,SELL,25,25,39.34,0,0,0,0,75,0.0,False
2026-08-03 12:26:29,INTCBUSDT,UPTREND,BUY,100,100,61.59,0,0,0,0,90,0.69,False
2026-08-03 12:26:29,MSTRBUSDT,UPTREND,WAIT,50,50,80.77,0,0,0,0,70,0.96,False
2026-08-03 12:26:29,GRAMUSDT,UPTREND,SELL,25,25,58.33,0,0,0,0,75,0.01,False
2026-08-03 12:26:29,SOXLBUSDT,UPTREND,BUY,80,80,61.24,0,0,0,0,100,0.29,False
2026-08-03 12:26:29,SKHYBUSDT,UPTREND,SELL,25,25,57.2,0,0,0,0,90,0.12,False
2026-08-03 12:26:29,ORCLBUSDT,SIDEWAYS,SELL,20,20,54.05,0,0,0,0,70,0.27,False
2026-08-03 12:26:29,SNXXBUSDT,SIDEWAYS,SELL,25,25,55.0,0,0,0,0,75,0.01,False
2026-08-03 12:26:50,BTCUSDT,UPTREND,SELL,25,69.44
2026-08-03 12:26:50,ETHUSDT,UPTREND,SELL,25,77.94
2026-08-03 12:27:51,BTCUSDT,UPTREND,BUY,90,90,70.25,0,0,0,0,100,0.42,False
2026-08-03 12:27:51,ETHUSDT,UPTREND,BUY,95,95,67.8,0,0,0,0,100,0.51,False
2026-08-03 12:27:51,BNBUSDT,UPTREND,WAIT,70,70,76.81,0,0,0,0,100,0.98,False
2026-08-03 12:27:51,LTCUSDT,SIDEWAYS,SELL,25,25,45.45,0,0,0,0,90,0.11,False
2026-08-03 12:27:51,ADAUSDT,UPTREND,SELL,25,25,56.0,0,0,0,0,75,0.05,False
2026-08-03 12:27:51,XRPUSDT,SIDEWAYS,WAIT,70,70,50.0,0,0,0,0,100,0.42,False
2026-08-03 12:27:51,XLMUSDT,SIDEWAYS,SELL,25,25,50.0,0,0,0,0,75,0.05,False
2026-08-03 12:27:51,TRXUSDT,UPTREND,WAIT,35,35,75.0,0,0,0,0,90,0.2,False
2026-08-03 12:27:51,USDCUSDT,SIDEWAYS,SELL,25,25,54.55,0,0,0,0,90,0.14,False
2026-08-03 12:27:51,LINKUSDT,SIDEWAYS,WAIT,35,35,48.89,0,0,0,0,100,0.46,False
2026-08-03 12:27:51,ZECUSDT,SIDEWAYS,SELL,25,25,50.23,0,0,0,0,90,0.11,False
2026-08-03 12:27:51,CELRUSDT,UPTREND,WAIT,35,35,72.22,0,0,0,0,90,0.19,False
2026-08-03 12:27:51,ATOMUSDT,DOWNTREND,WAIT,35,35,17.65,0,0,0,0,90,1.79,False
2026-08-03 12:27:51,ALGOUSDT,UPTREND,BUY,90,90,60.0,0,0,0,0,100,0.51,False
2026-08-03 12:27:51,DOGEUSDT,SIDEWAYS,SELL,25,25,42.86,0,0,0,0,75,0.08,False
2026-08-03 12:27:51,BCHUSDT,DOWNTREND,WAIT,55,55,40.0,0,0,0,0,90,3.56,False
2026-08-03 12:27:51,EURUSDT,SIDEWAYS,SELL,0,0,50.0,0,0,0,0,90,0.2,False
2026-08-03 12:27:51,MBLUSDT,UPTREND,WAIT,60,60,57.14,0,0,0,0,100,0.76,False
2026-08-03 12:27:51,COTIUSDT,SIDEWAYS,SELL,20,20,46.67,0,0,0,0,100,0.67,False
2026-08-03 12:27:51,SOLUSDT,SIDEWAYS,BUY,100,100,41.67,0,0,0,0,100,1.24,False
2026-08-03 12:27:51,JSTUSDT,UPTREND,SELL,25,25,68.75,0,0,0,0,75,0.05,False
2026-08-03 12:27:51,SANDUSDT,UPTREND,WAIT,35,35,72.5,0,0,0,0,90,0.26,False
2026-08-03 12:27:51,DIAUSDT,UPTREND,BUY,90,90,66.67,0,0,0,0,100,1.71,False
2026-08-03 12:27:51,UNIUSDT,UPTREND,SELL,25,25,60.0,0,0,0,0,75,0.0,False
2026-08-03 12:27:51,AVAXUSDT,DOWNTREND,WAIT,30,30,30.43,0,0,0,0,100,0.31,False
2026-08-03 12:27:51,AAVEUSDT,DOWNTREND,WAIT,30,30,37.68,0,0,0,0,100,0.54,False
2026-08-03 12:27:51,NEARUSDT,DOWNTREND,SELL,20,20,27.27,0,0,0,0,75,0.08,False
2026-08-03 12:27:51,FILUSDT,DOWNTREND,SELL,25,25,30.23,0,0,0,0,90,0.11,False
2026-08-03 12:27:51,INJUSDT,SIDEWAYS,SELL,25,25,51.61,0,0,0,0,75,0.06,False
2026-08-03 12:27:51,GRTUSDT,DOWNTREND,SELL,0,0,22.22,0,0,0,0,100,0.74,False
2026-08-03 12:27:51,ATMUSDT,SIDEWAYS,WAIT,45,45,36.36,0,0,0,0,90,0.33,False
2026-08-03 12:27:51,RIFUSDT,UPTREND,SELL,25,25,59.37,0,0,0,0,75,0.09,False
2026-08-03 12:27:51,CFXUSDT,UPTREND,SELL,25,25,60.0,0,0,0,0,75,0.04,False
2026-08-03 12:27:51,ICPUSDT,SIDEWAYS,SELL,20,20,45.45,0,0,0,0,80,0.2,False
2026-08-03 12:27:51,DEXEUSDT,SIDEWAYS,SELL,25,25,52.63,0,0,0,0,100,0.45,False
2026-08-03 12:27:51,WAXPUSDT,SIDEWAYS,SELL,15,15,48.0,0,0,0,0,75,0.02,False
2026-08-03 12:27:51,LAZIOUSDT,SIDEWAYS,SELL,0,0,50.0,0,0,0,0,70,0.22,False
2026-08-03 12:27:51,QIUSDT,SIDEWAYS,SELL,20,20,51.72,0,0,0,0,70,0.71,False
2026-08-03 12:27:51,PORTOUSDT,SIDEWAYS,WAIT,45,45,50.0,0,0,0,0,80,0.47,False
2026-08-03 12:27:51,PYRUSDT,SIDEWAYS,SELL,25,25,50.0,0,0,0,0,75,0.02,False
2026-08-03 12:27:51,BICOUSDT,UPTREND,WAIT,70,70,66.91,0,0,0,0,100,0.3,False
2026-08-03 12:27:51,JOEUSDT,SIDEWAYS,WAIT,35,35,50.0,0,0,0,0,70,0.19,False
2026-08-03 12:27:51,BTTCUSDT,UPTREND,WAIT,45,45,60.0,0,0,0,0,70,0.22,False
2026-08-03 12:27:51,TUSDT,UPTREND,WAIT,75,75,72.73,0,0,0,0,70,3.88,False
2026-08-03 12:27:51,NEXOUSDT,DOWNTREND,SELL,25,25,25.0,0,0,0,0,90,0.5,False
2026-08-03 12:27:51,LDOUSDT,DOWNTREND,SELL,0,0,33.33,0,0,0,0,80,0.23,False
2026-08-03 12:27:51,OPUSDT,DOWNTREND,WAIT,45,45,28.57,0,0,0,0,90,2.18,False
2026-08-03 12:27:51,GMXUSDT,DOWNTREND,WAIT,55,55,33.33,0,0,0,0,80,2.64,False
2026-08-03 12:27:51,APTUSDT,DOWNTREND,SELL,5,5,0.0,0,0,0,0,70,1.17,False
2026-08-03 12:27:51,HFTUSDT,SIDEWAYS,SELL,25,25,54.93,0,0,0,0,100,0.27,False
2026-08-03 12:27:51,SYNUSDT,SIDEWAYS,SELL,5,5,48.51,0,0,0,0,100,0.27,False
2026-08-03 12:27:51,LQTYUSDT,DOWNTREND,SELL,5,5,22.22,0,0,0,0,70,1.04,False
2026-08-03 12:27:51,ARBUSDT,SIDEWAYS,WAIT,35,35,42.86,0,0,0,0,90,0.43,False
2026-08-03 12:27:51,EDUUSDT,UPTREND,SELL,25,25,66.67,0,0,0,0,90,0.2,False
2026-08-03 12:27:51,SUIUSDT,UPTREND,SELL,25,25,58.62,0,0,0,0,90,0.12,False
2026-08-03 12:27:51,PEPEUSDT,DOWNTREND,SELL,0,0,37.5,0,0,0,0,75,0.06,False
2026-08-03 12:27:51,FLOKIUSDT,DOWNTREND,WAIT,40,40,33.33,0,0,0,0,90,5.07,False
2026-08-03 12:27:51,PENDLEUSDT,SIDEWAYS,BUY,95,95,50.0,0,0,0,0,70,6.12,False
2026-08-03 12:27:51,WLDUSDT,DOWNTREND,WAIT,35,35,33.33,0,0,0,0,100,1.49,False
2026-08-03 12:27:51,SEIUSDT,DOWNTREND,SELL,0,0,25.0,0,0,0,0,80,0.16,False
2026-08-03 12:27:51,ORDIUSDT,DOWNTREND,SELL,5,5,36.84,0,0,0,0,90,0.2,False
2026-08-03 12:27:51,PIVXUSDT,DOWNTREND,SELL,20,20,27.27,0,0,0,0,75,0.06,False
2026-08-03 12:27:51,VICUSDT,UPTREND,BUY,100,100,64.29,0,0,0,0,100,1.54,False
2026-08-03 12:27:51,VANRYUSDT,SIDEWAYS,WAIT,30,30,50.37,0,0,0,0,100,0.52,False
2026-08-03 12:27:51,1000SATSUSDT,SIDEWAYS,WAIT,80,80,55.0,0,0,0,0,90,0.64,False
2026-08-03 12:27:51,ACEUSDT,SIDEWAYS,WAIT,35,35,53.85,0,0,0,0,90,0.16,False
2026-08-03 12:27:51,AIUSDT,SIDEWAYS,SELL,0,0,50.0,0,0,0,0,70,0.15,False
2026-08-03 12:27:51,STRKUSDT,SIDEWAYS,SELL,25,25,50.0,0,0,0,0,75,0.02,False
2026-08-03 12:27:51,PORTALUSDT,UPTREND,WAIT,45,45,70.0,0,0,0,0,90,0.2,False
2026-08-03 12:27:51,AEVOUSDT,UPTREND,WAIT,70,70,69.23,0,0,0,0,90,2.05,False
2026-08-03 12:27:51,BOMEUSDT,DOWNTREND,SELL,0,0,23.33,0,0,0,0,75,0.02,False
2026-08-03 12:27:51,ETHFIUSDT,UPTREND,WAIT,65,65,60.0,0,0,0,0,90,0.22,False
2026-08-03 12:27:51,ENAUSDT,DOWNTREND,SELL,25,25,29.41,0,0,0,0,100,0.72,False
2026-08-03 12:27:51,TAOUSDT,SIDEWAYS,SELL,25,25,54.55,0,0,0,0,75,0.09,False
2026-08-03 12:27:51,RENDERUSDT,SIDEWAYS,WAIT,35,35,37.5,0,0,0,0,70,0.48,False
2026-08-03 12:27:51,POLUSDT,SIDEWAYS,WAIT,55,55,50.0,0,0,0,0,100,0.9,False
2026-08-03 12:27:51,NEIROUSDT,DOWNTREND,SELL,5,5,20.83,0,0,0,0,90,0.13,False
2026-08-03 12:27:51,EIGENUSDT,SIDEWAYS,WAIT,50,50,53.85,0,0,0,0,90,1.29,False
2026-08-03 12:27:51,SCRUSDT,SIDEWAYS,WAIT,40,40,52.17,0,0,0,0,70,0.79,False
2026-08-03 12:27:51,ACXUSDT,DOWNTREND,SELL,25,25,38.99,0,0,0,0,90,0.1,False
2026-08-03 12:27:51,MOVEUSDT,SIDEWAYS,SELL,0,0,100,0,0,0,0,90,0.14,False
2026-08-03 12:27:51,MEUSDT,DOWNTREND,SELL,0,0,30.0,0,0,0,0,70,0.26,False
2026-08-03 12:27:51,PENGUUSDT,SIDEWAYS,SELL,25,25,54.39,0,0,0,0,75,0.07,False
2026-08-03 12:27:51,SUSDT,SIDEWAYS,SELL,20,20,50.0,0,0,0,0,100,0.43,False
2026-08-03 12:27:51,TRUMPUSDT,UPTREND,SELL,25,25,55.56,0,0,0,0,75,0.01,False
2026-08-03 12:27:51,1000CHEEMSUSDT,DOWNTREND,SELL,5,5,28.57,0,0,0,0,100,0.44,False
2026-08-03 12:27:51,HEIUSDT,UPTREND,BUY,80,80,58.82,0,0,0,0,90,1.38,False
2026-08-03 12:27:51,KAITOUSDT,DOWNTREND,SELL,20,20,21.27,0,0,0,0,75,0.07,False
2026-08-03 12:27:51,EPICUSDT,UPTREND,SELL,25,25,58.62,0,0,0,0,90,0.1,False
2026-08-03 12:27:51,FORMUSDT,SIDEWAYS,SELL,15,15,47.06,0,0,0,0,70,0.29,False
2026-08-03 12:27:51,NILUSDT,DOWNTREND,SELL,10,10,33.33,0,0,0,0,75,0.01,False
2026-08-03 12:27:51,MUBARAKUSDT,UPTREND,SELL,25,25,57.89,0,0,0,0,75,0.04,False
2026-08-03 12:27:51,TUTUSDT,SIDEWAYS,WAIT,50,50,50.0,0,0,0,0,100,0.46,False
2026-08-03 12:27:51,GUNUSDT,DOWNTREND,SELL,0,0,0.0,0,0,0,0,75,0.03,False
2026-08-03 12:27:51,BABYUSDT,SIDEWAYS,WAIT,35,35,50.0,0,0,0,0,100,4.99,False
2026-08-03 12:27:51,ONDOUSDT,UPTREND,WAIT,60,60,76.92,0,0,0,0,100,1.59,False
2026-08-03 12:27:51,HYPERUSDT,DOWNTREND,SELL,0,0,33.33,0,0,0,0,90,0.26,False
2026-08-03 12:27:51,USD1USDT,UPTREND,WAIT,35,35,70.83,0,0,0,0,90,0.16,False
2026-08-03 12:27:51,HOMEUSDT,DOWNTREND,SELL,0,0,41.18,0,0,0,0,90,0.17,False
2026-08-03 12:27:51,SPKUSDT,SIDEWAYS,WAIT,35,35,41.94,0,0,0,0,90,0.31,False
2026-08-03 12:27:51,SAHARAUSDT,DOWNTREND,SELL,0,0,0.0,0,0,0,0,80,0.12,False
2026-08-03 12:27:51,ERAUSDT,SIDEWAYS,SELL,5,5,50.0,0,0,0,0,90,0.21,False
2026-08-03 12:27:51,CUSDT,UPTREND,SELL,15,15,91.67,0,0,0,0,90,0.17,False
2026-08-03 12:27:51,SOMIUSDT,UPTREND,SELL,25,25,57.14,0,0,0,0,70,0.11,False
2026-08-03 12:27:51,OPENUSDT,SIDEWAYS,SELL,0,0,50.0,0,0,0,0,80,0.16,False
2026-08-03 12:27:51,HOLOUSDT,UPTREND,WAIT,45,45,88.89,0,0,0,0,100,1.06,False
2026-08-03 12:27:51,PUMPUSDT,SIDEWAYS,WAIT,30,30,56.52,0,0,0,0,100,0.35,False
2026-08-03 12:27:51,XPLUSDT,DOWNTREND,SELL,20,20,28.95,0,0,0,0,100,0.92,False
2026-08-03 12:27:51,MIRAUSDT,SIDEWAYS,WAIT,35,35,50.0,0,0,0,0,100,1.05,False
2026-08-03 12:27:51,FFUSDT,SIDEWAYS,SELL,0,0,50.0,0,0,0,0,100,0.26,False
2026-08-03 12:27:51,EDENUSDT,UPTREND,SELL,25,25,65.91,0,0,0,0,90,0.11,False
2026-08-03 12:27:51,EULUSDT,SIDEWAYS,BUY,75,75,52.94,0,0,0,0,100,0.65,False
2026-08-03 12:27:51,ENSOUSDT,UPTREND,BUY,95,95,66.67,0,0,0,0,90,0.64,False
2026-08-03 12:27:51,GIGGLEUSDT,UPTREND,BUY,75,75,60.87,0,0,0,0,100,0.45,False
2026-08-03 12:27:51,KITEUSDT,SIDEWAYS,WAIT,50,50,50.0,0,0,0,0,100,0.35,False
2026-08-03 12:27:51,MMTUSDT,SIDEWAYS,SELL,25,25,48.39,0,0,0,0,75,0.08,False
2026-08-03 12:27:51,ALLOUSDT,SIDEWAYS,BUY,90,90,39.3,0,0,0,0,100,0.55,False
2026-08-03 12:27:51,BANKUSDT,DOWNTREND,SELL,15,15,41.18,0,0,0,0,100,0.72,False
2026-08-03 12:27:51,币安人生USDT,DOWNTREND,SELL,25,25,33.33,0,0,0,0,90,0.13,False
2026-08-03 12:27:51,UUSDT,SIDEWAYS,WAIT,75,75,50.0,0,0,0,0,100,0.88,False
2026-08-03 12:27:51,SENTUSDT,DOWNTREND,SELL,5,5,23.53,0,0,0,0,90,0.86,False
2026-08-03 12:27:51,ZAMAUSDT,SIDEWAYS,SELL,25,25,68.09,0,0,0,0,75,0.04,False
2026-08-03 12:27:51,ESPUSDT,SIDEWAYS,SELL,5,5,48.19,0,0,0,0,90,0.19,False
2026-08-03 12:27:51,MANTRAUSDT,SIDEWAYS,SELL,25,25,66.67,0,0,0,0,75,0.02,False
2026-08-03 12:27:51,OPNUSDT,UPTREND,WAIT,70,70,57.14,0,0,0,0,70,0.73,False
2026-08-03 12:27:51,NIGHTUSDT,SIDEWAYS,WAIT,30,30,45.45,0,0,0,0,100,0.4,False
2026-08-03 12:27:51,XAUTUSDT,DOWNTREND,WAIT,30,30,30.52,0,0,0,0,100,0.3,False
2026-08-03 12:27:51,AIGENSYNUSDT,UPTREND,WAIT,95,95,69.23,0,0,0,0,90,8.65,False
2026-08-03 12:27:51,MUBUSDT,SIDEWAYS,WAIT,70,70,45.49,0,0,0,0,100,0.9,False
2026-08-03 12:27:51,CRCLBUSDT,UPTREND,BUY,95,95,55.84,0,0,0,0,100,0.32,False
2026-08-03 12:27:51,NVDABUSDT,SIDEWAYS,BUY,80,80,41.46,0,0,0,0,90,0.32,False
2026-08-03 12:27:51,SNDKBUSDT,SIDEWAYS,WAIT,60,60,42.82,0,0,0,0,100,0.45,False
2026-08-03 12:27:51,SPCXBUSDT,UPTREND,BUY,85,85,71.74,0,0,0,0,100,0.5,False
2026-08-03 12:27:51,REUSDT,DOWNTREND,SELL,10,10,38.1,0,0,0,0,75,0.06,False
2026-08-03 12:27:51,INTCBUSDT,SIDEWAYS,BUY,95,95,40.13,0,0,0,0,90,4.21,False
2026-08-03 12:27:51,GRAMUSDT,SIDEWAYS,SELL,25,25,45.45,0,0,0,0,75,0.02,False
2026-08-03 12:27:51,NBISBUSDT,SIDEWAYS,BUY,75,75,48.34,0,0,0,0,100,1.62,False
2026-08-03 12:27:51,SOXLBUSDT,SIDEWAYS,BUY,100,100,46.59,0,0,0,0,100,3.06,False
2026-08-03 12:27:51,SKHYBUSDT,SIDEWAYS,WAIT,65,65,46.3,0,0,0,0,100,0.64,False
2026-08-03 12:27:51,AXTIBUSDT,SIDEWAYS,BUY,95,95,45.61,0,0,0,0,70,2.09,False
2026-08-03 12:27:51,KORUBUSDT,UPTREND,BUY,100,100,56.82,0,0,0,0,90,6.55,False
2026-08-03 12:27:51,MUUBUSDT,SIDEWAYS,SELL,25,25,45.16,0,0,0,0,80,0.12,False
2026-08-03 12:27:51,MVLLBUSDT,SIDEWAYS,BUY,100,100,38.78,0,0,0,0,70,6.38,False
2026-08-03 12:27:51,SNXXBUSDT,SIDEWAYS,SELL,25,25,41.67,0,0,0,0,90,0.14,False
2026-08-03 12:32:13,BTCUSDT,UPTREND,BUY,100,71.38
2026-08-03 12:32:13,ETHUSDT,UPTREND,BUY,95,71.22
2026-08-03 12:32:13,BNBUSDT,UPTREND,WAIT,55,86.36
2026-08-03 12:32:13,LTCUSDT,DOWNTREND,WAIT,50,33.33
2026-08-03 12:32:13,ADAUSDT,UPTREND,SELL,25,62.07
2026-08-03 12:32:13,XRPUSDT,DOWNTREND,SELL,25,40.74
2026-08-03 12:32:13,XLMUSDT,DOWNTREND,SELL,15,36.36
2026-08-03 12:32:13,TRXUSDT,UPTREND,WAIT,30,80.0
2026-08-03 12:32:13,USDCUSDT,DOWNTREND,SELL,0,36.36
2026-08-03 12:32:13,LINKUSDT,DOWNTREND,WAIT,35,42.5
2026-08-03 12:32:13,FETUSDT,DOWNTREND,WAIT,50,33.33
2026-08-03 12:32:13,CVCUSDT,UPTREND,WAIT,85,56.25
2026-08-03 12:32:13,CHZUSDT,DOWNTREND,SELL,20,40.0
2026-08-03 12:32:13,HBARUSDT,UPTREND,SELL,25,58.33
2026-08-03 12:32:13,EURUSDT,DOWNTREND,SELL,10,25.0
2026-08-03 12:32:13,COTIUSDT,UPTREND,WAIT,55,65.0
2026-08-03 12:32:13,SOLUSDT,SIDEWAYS,SELL,25,50.0
2026-08-03 12:32:13,AVAXUSDT,DOWNTREND,SELL,25,36.67
2026-08-03 12:32:13,AAVEUSDT,DOWNTREND,SELL,25,31.15
2026-08-03 12:32:13,TLMUSDT,UPTREND,SELL,25,70.59
2026-08-03 12:32:13,DEXEUSDT,SIDEWAYS,SELL,25,52.08
2026-08-03 12:32:13,PYRUSDT,UPTREND,SELL,25,60.0
2026-08-03 12:32:13,BICOUSDT,UPTREND,SELL,25,60.83
2026-08-03 12:32:13,TUSDT,UPTREND,WAIT,40,63.64
2026-08-03 12:32:13,HFTUSDT,UPTREND,SELL,25,56.04
2026-08-03 12:32:13,SYNUSDT,UPTREND,WAIT,40,75.9
2026-08-03 12:32:13,PROMUSDT,UPTREND,BUY,85,66.67
2026-08-03 12:32:13,ARBUSDT,UPTREND,WAIT,65,57.14
2026-08-03 12:32:13,SUIUSDT,UPTREND,WAIT,65,62.86
2026-08-03 12:32:13,WLDUSDT,DOWNTREND,SELL,10,35.29
2026-08-03 12:32:13,FDUSDUSDT,SIDEWAYS,SELL,0,100
2026-08-03 12:32:13,SEIUSDT,SIDEWAYS,SELL,25,51.72
2026-08-03 12:32:13,PIVXUSDT,DOWNTREND,SELL,0,21.43
2026-08-03 12:32:13,VANRYUSDT,SIDEWAYS,SELL,15,47.06
2026-08-03 12:32:13,ACEUSDT,UPTREND,WAIT,45,72.22
2026-08-03 12:32:13,WIFUSDT,DOWNTREND,SELL,10,42.86
2026-08-03 12:32:13,ENAUSDT,DOWNTREND,SELL,0,25.0
2026-08-03 12:32:13,TAOUSDT,SIDEWAYS,SELL,25,46.15
2026-08-03 12:32:13,BANANAUSDT,UPTREND,WAIT,45,97.2
2026-08-03 12:32:13,POLUSDT,UPTREND,WAIT,55,58.97
2026-08-03 12:32:13,MOVEUSDT,SIDEWAYS,SELL,0,100
2026-08-03 12:32:13,SUSDT,SIDEWAYS,SELL,15,56.6
2026-08-03 12:32:13,1000CHEEMSUSDT,SIDEWAYS,WAIT,35,50.0
2026-08-03 12:32:13,TSTUSDT,SIDEWAYS,SELL,0,45.45
2026-08-03 12:32:13,HEIUSDT,UPTREND,WAIT,60,62.5
2026-08-03 12:32:13,KAITOUSDT,DOWNTREND,SELL,25,31.4
2026-08-03 12:32:13,EPICUSDT,UPTREND,SELL,25,56.79
2026-08-03 12:32:13,MUBARAKUSDT,DOWNTREND,SELL,0,35.71
2026-08-03 12:32:13,TUTUSDT,DOWNTREND,SELL,20,36.0
2026-08-03 12:32:13,ONDOUSDT,UPTREND,SELL,25,61.11
2026-08-03 12:32:13,HYPERUSDT,DOWNTREND,SELL,0,33.33
2026-08-03 12:32:13,USD1USDT,UPTREND,SELL,25,60.0
2026-08-03 12:32:13,LAUSDT,DOWNTREND,SELL,0,0.0
2026-08-03 12:32:13,ERAUSDT,SIDEWAYS,SELL,15,50.0
2026-08-03 12:32:13,HOLOUSDT,UPTREND,BUY,90,75.0
2026-08-03 12:32:13,PUMPUSDT,SIDEWAYS,SELL,25,50.0
2026-08-03 12:32:13,MIRAUSDT,DOWNTREND,SELL,0,20.0
2026-08-03 12:32:13,EDENUSDT,UPTREND,SELL,25,62.5
2026-08-03 12:32:13,EULUSDT,UPTREND,SELL,25,60.61
2026-08-03 12:32:13,GIGGLEUSDT,SIDEWAYS,SELL,25,41.3
2026-08-03 12:32:13,KITEUSDT,DOWNTREND,SELL,20,33.33
2026-08-03 12:32:13,MMTUSDT,DOWNTREND,SELL,25,32.26
2026-08-03 12:32:13,ALLOUSDT,UPTREND,SELL,25,59.16
2026-08-03 12:32:13,BANKUSDT,SIDEWAYS,SELL,25,57.14
2026-08-03 12:32:13,BREVUSDT,DOWNTREND,SELL,0,0.0
2026-08-03 12:32:13,币安人生USDT,SIDEWAYS,SELL,5,46.58
2026-08-03 12:32:13,ZAMAUSDT,UPTREND,SELL,25,73.08
2026-08-03 12:32:13,ESPUSDT,DOWNTREND,SELL,25,29.41
2026-08-03 12:32:13,MANTRAUSDT,UPTREND,WAIT,70,60.0
2026-08-03 12:32:13,OPNUSDT,SIDEWAYS,WAIT,70,50.0
2026-08-03 12:35:58,BTCUSDT,SIDEWAYS,BUY,75,48.65
2026-08-03 12:37:13,BTCUSDT,SIDEWAYS,WAIT,50,50.38
2026-08-03 12:37:13,ETHUSDT,SIDEWAYS,WAIT,55,45.83
2026-08-03 12:37:13,BNBUSDT,UPTREND,BUY,75,74.65
2026-08-03 12:38:28,BTCUSDT,SIDEWAYS,WAIT,50,51.03
2026-08-03 12:38:28,ETHUSDT,SIDEWAYS,WAIT,45,40.2
2026-08-03 12:38:28,BNBUSDT,UPTREND,BUY,80,63.49
2026-08-03 12:38:28,LTCUSDT,DOWNTREND,SELL,25,37.5
2026-08-03 12:38:28,ADAUSDT,SIDEWAYS,SELL,25,46.15
2026-08-03 12:38:28,XRPUSDT,DOWNTREND,SELL,15,25.0
2026-08-03 12:38:28,XLMUSDT,DOWNTREND,SELL,15,14.29
2026-08-03 12:38:28,TRXUSDT,UPTREND,WAIT,45,66.67
2026-08-03 12:38:28,USDCUSDT,DOWNTREND,SELL,10,33.33
2026-08-03 12:38:28,LINKUSDT,DOWNTREND,WAIT,60,30.0
2026-08-03 12:38:28,FETUSDT,SIDEWAYS,SELL,10,50.0
2026-08-03 12:38:28,ZECUSDT,DOWNTREND,SELL,25,36.63
2026-08-03 12:38:28,CELRUSDT,SIDEWAYS,WAIT,50,46.67
2026-08-03 12:38:28,ATOMUSDT,SIDEWAYS,WAIT,50,53.85
2026-08-03 12:40:58,BTCUSDT,SIDEWAYS,WAIT,70,54.72
2026-08-03 12:40:58,ETHUSDT,SIDEWAYS,WAIT,55,46.56
2026-08-03 12:40:58,BNBUSDT,SIDEWAYS,WAIT,55,48.88
2026-08-03 12:40:58,LTCUSDT,DOWNTREND,WAIT,60,43.75
2026-08-03 12:40:58,XRPUSDT,DOWNTREND,SELL,20,37.5
2026-08-03 12:40:58,XLMUSDT,DOWNTREND,SELL,0,16.67
2026-08-03 12:40:58,TRXUSDT,UPTREND,WAIT,30,80.0
2026-08-03 12:40:58,USDCUSDT,DOWNTREND,WAIT,30,41.67
2026-08-03 12:40:58,LINKUSDT,SIDEWAYS,WAIT,60,51.43
2026-08-03 12:40:58,FETUSDT,SIDEWAYS,WAIT,40,54.55
2026-08-03 12:40:58,ZECUSDT,SIDEWAYS,SELL,10,52.96
2026-08-03 12:40:58,CELRUSDT,SIDEWAYS,SELL,0,47.06
2026-08-03 12:40:58,ENJUSDT,UPTREND,WAIT,60,60.0
2026-08-03 12:40:58,ATOMUSDT,SIDEWAYS,SELL,25,63.64
2026-08-03 12:40:58,ALGOUSDT,UPTREND,WAIT,65,66.67
2026-08-03 12:40:58,DOGEUSDT,UPTREND,SELL,25,66.67
2026-08-03 12:40:58,WINUSDT,UPTREND,WAIT,65,77.08
2026-08-03 12:40:58,CVCUSDT,DOWNTREND,SELL,20,33.33
2026-08-03 12:40:58,BCHUSDT,SIDEWAYS,SELL,25,50.0
2026-08-03 12:40:58,EURUSDT,DOWNTREND,SELL,20,36.36
2026-08-03 12:40:58,MBLUSDT,SIDEWAYS,WAIT,50,50.0
2026-08-03 12:40:58,COTIUSDT,UPTREND,WAIT,40,100
2026-08-03 12:40:58,SOLUSDT,DOWNTREND,WAIT,50,42.86
2026-08-03 12:40:58,ZENUSDT,DOWNTREND,SELL,25,34.88
2026-08-03 12:40:58,JSTUSDT,UPTREND,SELL,25,55.56
2026-08-03 12:40:58,SANDUSDT,DOWNTREND,SELL,0,17.65
2026-08-03 12:40:58,DIAUSDT,DOWNTREND,WAIT,45,30.95
2026-08-03 12:40:58,UNIUSDT,DOWNTREND,SELL,25,37.84
2026-08-03 12:40:58,AVAXUSDT,SIDEWAYS,SELL,20,47.83
2026-08-03 12:42:12,BTCUSDT,UPTREND,WAIT,60,56.59
2026-08-03 12:42:12,ETHUSDT,SIDEWAYS,WAIT,65,53.34
2026-08-03 12:42:12,BNBUSDT,SIDEWAYS,BUY,75,52.24
2026-08-03 12:42:12,LTCUSDT,SIDEWAYS,WAIT,45,50.0
2026-08-03 12:42:12,ADAUSDT,UPTREND,WAIT,45,59.26
2026-08-03 12:42:12,XRPUSDT,SIDEWAYS,WAIT,30,46.67
2026-08-03 12:42:12,XLMUSDT,DOWNTREND,SELL,0,20.0
2026-08-03 12:42:12,TRXUSDT,UPTREND,WAIT,40,80.0
2026-08-03 12:42:12,USDCUSDT,DOWNTREND,SELL,0,36.36
2026-08-03 12:42:12,LINKUSDT,SIDEWAYS,WAIT,55,54.05
2026-08-03 12:42:12,FETUSDT,UPTREND,WAIT,60,58.33
2026-08-03 12:42:12,ZECUSDT,UPTREND,WAIT,60,58.43
2026-08-03 12:42:12,CELRUSDT,SIDEWAYS,SELL,0,50.0
2026-08-03 12:44:40,BTCUSDT,UPTREND,BUY,100,71.54
2026-08-03 12:44:40,ETHUSDT,UPTREND,BUY,100,59.34
2026-08-03 12:44:40,BNBUSDT,SIDEWAYS,BUY,80,51.96
2026-08-03 12:44:40,LTCUSDT,SIDEWAYS,BUY,75,63.64
2026-08-03 12:44:40,ADAUSDT,UPTREND,BUY,90,57.69
2026-08-03 12:44:40,XRPUSDT,UPTREND,BUY,80,71.43
2026-08-03 12:44:40,XLMUSDT,DOWNTREND,WAIT,55,42.86
2026-08-03 12:44:40,TRXUSDT,UPTREND,WAIT,40,80.0
2026-08-03 12:44:40,USDCUSDT,SIDEWAYS,SELL,0,50.0
2026-08-03 12:44:40,LINKUSDT,UPTREND,BUY,100,65.12
2026-08-03 12:44:40,FETUSDT,UPTREND,BUY,75,77.78
2026-08-03 12:44:40,ZECUSDT,UPTREND,BUY,80,60.83
2026-08-03 12:44:40,CELRUSDT,SIDEWAYS,SELL,0,47.06
2026-08-03 12:44:40,DASHUSDT,UPTREND,BUY,85,70.59
2026-08-03 12:44:40,ENJUSDT,UPTREND,WAIT,85,69.39
2026-08-03 12:45:58,BTCUSDT,UPTREND,BUY,100,72.69
2026-08-03 12:45:58,ETHUSDT,UPTREND,BUY,100,59.44
2026-08-03 12:45:58,BNBUSDT,SIDEWAYS,BUY,95,52.2
2026-08-03 12:48:27,BTCUSDT,UPTREND,SELL,25,74.16
2026-08-03 12:48:27,ETHUSDT,UPTREND,BUY,95,60.66
2026-08-03 12:50:57,BTCUSDT,UPTREND,BUY,100,65.04
2026-08-03 12:50:57,ETHUSDT,SIDEWAYS,BUY,75,54.03
2026-08-03 12:52:13,BTCUSDT,UPTREND,BUY,100,62.52
2026-08-03 12:52:13,ETHUSDT,SIDEWAYS,BUY,75,53.36
2026-08-03 12:52:13,BNBUSDT,SIDEWAYS,BUY,75,53.06
2026-08-03 12:53:30,BTCUSDT,UPTREND,WAIT,55,66.67
2026-08-03 12:55:00,BTCUSDT,UPTREND,WAIT,40,40,65.36,0,0,0,0,90,0.22,False
2026-08-03 12:55:00,ETHUSDT,UPTREND,BUY,75,75,58.32,0,0,0,0,100,0.41,False
2026-08-03 12:55:00,BNBUSDT,UPTREND,WAIT,65,65,67.11,0,0,0,0,100,0.33,False
2026-08-03 12:55:00,LTCUSDT,UPTREND,BUY,100,100,57.14,0,0,0,0,100,1.02,False
2026-08-03 12:55:00,ADAUSDT,UPTREND,WAIT,45,45,84.0,0,0,0,0,100,1.07,False
2026-08-03 12:55:00,XRPUSDT,UPTREND,WAIT,70,70,66.67,0,0,0,0,100,0.31,False
2026-08-03 12:55:00,XLMUSDT,SIDEWAYS,SELL,25,25,60.0,0,0,0,0,75,0.0,False
2026-08-03 12:55:00,TRXUSDT,SIDEWAYS,WAIT,50,50,45.45,0,0,0,0,100,0.65,False
2026-08-03 12:55:00,ETCUSDT,UPTREND,WAIT,70,70,66.67,0,0,0,0,90,0.26,False
2026-08-03 12:55:00,USDCUSDT,UPTREND,WAIT,70,70,57.14,0,0,0,0,100,0.38,False
2026-08-03 12:55:00,LINKUSDT,SIDEWAYS,BUY,75,75,47.22,0,0,0,0,100,1.39,False
2026-08-03 12:55:00,FETUSDT,SIDEWAYS,SELL,25,25,50.0,0,0,0,0,90,0.12,False
2026-08-03 12:55:00,ZECUSDT,SIDEWAYS,SELL,25,25,52.06,0,0,0,0,75,0.05,False
2026-08-03 12:55:00,CELRUSDT,UPTREND,WAIT,55,55,62.5,0,0,0,0,100,0.29,False
2026-08-03 12:55:00,ENJUSDT,UPTREND,WAIT,55,55,81.01,0,0,0,0,70,12.79,False
2026-08-03 12:55:00,ATOMUSDT,SIDEWAYS,SELL,25,25,50.0,0,0,0,0,90,0.9,False
2026-08-03 12:55:00,DOGEUSDT,SIDEWAYS,SELL,25,25,51.85,0,0,0,0,75,0.09,False
2026-08-03 12:55:00,HBARUSDT,UPTREND,WAIT,75,75,70.0,0,0,0,0,90,3.49,False
2026-08-03 12:55:00,EURUSDT,SIDEWAYS,SELL,20,20,45.45,0,0,0,0,100,0.43,False
2026-08-03 12:55:00,MBLUSDT,SIDEWAYS,WAIT,50,50,50.0,0,0,0,0,100,0.68,False
2026-08-03 12:55:00,COTIUSDT,SIDEWAYS,SELL,25,25,50.0,0,0,0,0,90,0.19,False
2026-08-03 12:55:00,SOLUSDT,SIDEWAYS,SELL,25,25,45.83,0,0,0,0,75,0.08,False
2026-08-03 12:55:00,JSTUSDT,UPTREND,SELL,25,25,62.5,0,0,0,0,90,0.14,False
2026-08-03 12:55:00,SANDUSDT,SIDEWAYS,SELL,0,0,66.67,0,0,0,0,80,0.16,False
2026-08-03 12:55:00,DOTUSDT,UPTREND,SELL,25,25,66.67,0,0,0,0,75,0.03,False
2026-08-03 12:55:00,KSMUSDT,UPTREND,BUY,75,75,71.43,0,0,0,0,70,0.7,False
2026-08-03 12:55:00,DIAUSDT,UPTREND,BUY,80,80,63.33,0,0,0,0,100,0.49,False
2026-08-03 12:55:00,UNIUSDT,UPTREND,SELL,25,25,56.0,0,0,0,0,75,0.07,False
2026-08-03 12:55:00,AVAXUSDT,UPTREND,SELL,25,25,61.11,0,0,0,0,75,0.02,False
2026-08-03 12:55:00,AAVEUSDT,SIDEWAYS,WAIT,40,40,45.45,0,0,0,0,90,0.16,False
2026-08-03 12:55:00,NEARUSDT,DOWNTREND,SELL,20,20,42.86,0,0,0,0,100,1.03,False
2026-08-03 12:55:00,FILUSDT,SIDEWAYS,WAIT,50,50,60.71,0,0,0,0,100,0.65,False
2026-08-03 12:55:00,ATMUSDT,UPTREND,SELL,25,25,55.56,0,0,0,0,80,0.1,False
2026-08-03 12:55:00,RIFUSDT,UPTREND,BUY,90,90,70.0,0,0,0,0,100,1.61,False
2026-08-03 12:55:00,CFXUSDT,DOWNTREND,SELL,10,10,37.5,0,0,0,0,90,0.11,False
2026-08-03 12:55:00,TLMUSDT,DOWNTREND,SELL,25,25,33.33,0,0,0,0,100,1.22,False
2026-08-03 12:55:00,SHIBUSDT,DOWNTREND,SELL,0,0,40.0,0,0,0,0,75,0.01,False
2026-08-03 12:55:00,ICPUSDT,UPTREND,BUY,90,90,60.0,0,0,0,0,90,0.73,False
2026-08-03 12:55:00,LPTUSDT,SIDEWAYS,SELL,25,25,46.43,0,0,0,0,80,0.1,False
2026-08-03 12:55:00,DEXEUSDT,DOWNTREND,WAIT,35,35,41.67,0,0,0,0,100,0.84,False
2026-08-03 12:55:00,RAYUSDT,DOWNTREND,SELL,0,0,35.29,0,0,0,0,80,0.41,False
2026-08-03 12:55:00,WAXPUSDT,SIDEWAYS,SELL,25,25,54.55,0,0,0,0,90,0.13,False
2026-08-03 12:55:00,LAZIOUSDT,SIDEWAYS,BUY,75,75,42.86,0,0,0,0,80,3.41,False
2026-08-03 12:55:00,QIUSDT,UPTREND,WAIT,75,75,62.5,0,0,0,0,70,0.83,False
2026-08-03 12:55:00,PORTOUSDT,SIDEWAYS,BUY,75,75,50.0,0,0,0,0,80,0.78,False
2026-08-03 12:55:00,PYRUSDT,UPTREND,WAIT,45,45,100,0,0,0,0,100,1.16,False
2026-08-03 12:55:00,BICOUSDT,SIDEWAYS,SELL,20,20,50.37,0,0,0,0,100,0.64,False
2026-08-03 12:55:00,BTTCUSDT,UPTREND,SELL,10,10,100,0,0,0,0,80,1.09,False
2026-08-03 12:55:00,TUSDT,DOWNTREND,WAIT,30,30,30.0,0,0,0,0,70,3.42,False
2026-08-03 12:55:00,GMTUSDT,SIDEWAYS,SELL,25,25,50.0,0,0,0,0,80,0.12,False
2026-08-03 12:55:00,NEXOUSDT,UPTREND,WAIT,60,60,60.0,0,0,0,0,90,0.49,False
2026-08-03 12:55:00,OPUSDT,UPTREND,WAIT,75,75,66.67,0,0,0,0,90,0.82,False
2026-08-03 12:55:00,LUNCUSDT,SIDEWAYS,SELL,15,15,55.17,0,0,0,0,90,0.2,False
2026-08-03 12:55:00,GMXUSDT,UPTREND,BUY,85,85,66.67,0,0,0,0,100,0.48,False
2026-08-03 12:55:00,HFTUSDT,UPTREND,WAIT,80,80,57.09,0,0,0,0,100,0.73,False
2026-08-03 12:55:00,SYNUSDT,UPTREND,BUY,85,85,67.92,0,0,0,0,100,3.55,False
2026-08-03 12:55:00,PROMUSDT,UPTREND,BUY,95,95,67.57,0,0,0,0,90,0.63,False
2026-08-03 12:55:00,ARBUSDT,UPTREND,BUY,100,100,57.14,0,0,0,0,90,1.23,False
2026-08-03 12:55:00,EDUUSDT,UPTREND,WAIT,60,60,60.0,0,0,0,0,100,0.77,False
2026-08-03 12:55:00,SUIUSDT,UPTREND,SELL,25,25,60.71,0,0,0,0,75,0.03,False
2026-08-03 12:55:00,PEPEUSDT,SIDEWAYS,SELL,25,25,54.55,0,0,0,0,75,0.0,False
2026-08-03 12:55:00,FLOKIUSDT,DOWNTREND,WAIT,35,35,41.67,0,0,0,0,90,1.62,False
2026-08-03 12:55:00,WLDUSDT,UPTREND,SELL,25,25,64.0,0,0,0,0,75,0.06,False
2026-08-03 12:55:00,ORDIUSDT,SIDEWAYS,SELL,0,0,48.15,0,0,0,0,90,0.15,False
2026-08-03 12:55:00,PIVXUSDT,UPTREND,WAIT,30,30,86.67,0,0,0,0,100,0.34,False
2026-08-03 12:55:00,VICUSDT,UPTREND,WAIT,45,45,86.67,0,0,0,0,100,1.02,False
2026-08-03 12:55:00,VANRYUSDT,DOWNTREND,SELL,10,10,40.59,0,0,0,0,100,0.82,False
2026-08-03 12:55:00,ACEUSDT,DOWNTREND,WAIT,50,50,27.78,0,0,0,0,100,4.34,False
2026-08-03 12:55:00,AIUSDT,DOWNTREND,SELL,0,0,42.86,0,0,0,0,70,0.14,False
2026-08-03 12:55:00,STRKUSDT,SIDEWAYS,WAIT,35,35,50.0,0,0,0,0,100,3.9,False
2026-08-03 12:55:00,PORTALUSDT,DOWNTREND,SELL,0,0,25.0,0,0,0,0,90,0.28,False
2026-08-03 12:55:00,BOMEUSDT,SIDEWAYS,SELL,25,25,46.94,0,0,0,0,100,3.55,False
2026-08-03 12:55:00,ETHFIUSDT,DOWNTREND,SELL,0,0,40.0,0,0,0,0,90,0.16,False
2026-08-03 12:55:00,ENAUSDT,UPTREND,WAIT,70,70,66.67,0,0,0,0,100,0.43,False
2026-08-03 12:55:00,SAGAUSDT,UPTREND,WAIT,70,70,65.38,0,0,0,0,100,0.71,False
2026-08-03 12:55:00,TAOUSDT,SIDEWAYS,SELL,0,0,45.45,0,0,0,0,90,0.21,False
2026-08-03 12:55:00,REZUSDT,UPTREND,WAIT,60,60,63.64,0,0,0,0,70,0.43,False
2026-08-03 12:55:00,BBUSDT,UPTREND,WAIT,45,45,62.5,0,0,0,0,70,0.17,False
2026-08-03 12:55:00,EURIUSDT,SIDEWAYS,WAIT,50,50,57.14,0,0,0,0,70,2.85,False
2026-08-03 12:55:00,POLUSDT,SIDEWAYS,SELL,25,25,50.0,0,0,0,0,75,0.01,False
2026-08-03 12:55:00,NEIROUSDT,SIDEWAYS,SELL,25,25,52.5,0,0,0,0,90,0.1,False
2026-08-03 12:55:00,CATIUSDT,UPTREND,SELL,0,0,100,0,0,0,0,70,0.27,False
2026-08-03 12:55:00,HMSTRUSDT,UPTREND,SELL,15,15,78.13,0,0,0,0,90,0.25,False
2026-08-03 12:55:00,ACXUSDT,DOWNTREND,SELL,20,20,34.69,0,0,0,0,75,0.08,False
2026-08-03 12:55:00,MOVEUSDT,SIDEWAYS,SELL,0,0,100,0,0,0,0,90,0.1,False
2026-08-03 12:55:00,MEUSDT,SIDEWAYS,SELL,0,0,66.67,0,0,0,0,70,0.26,False
2026-08-03 12:55:00,PENGUUSDT,UPTREND,WAIT,60,60,60.0,0,0,0,0,100,0.58,False
2026-08-03 12:55:00,SUSDT,DOWNTREND,WAIT,30,30,40.0,0,0,0,0,100,0.94,False
2026-08-03 12:55:00,TRUMPUSDT,UPTREND,WAIT,70,70,62.5,0,0,0,0,100,0.75,False
2026-08-03 12:55:00,1000CHEEMSUSDT,DOWNTREND,SELL,0,0,25.0,0,0,0,0,100,0.28,False
2026-08-03 12:55:00,KAITOUSDT,UPTREND,BUY,80,80,84.53,0,0,0,0,100,15.13,False
2026-08-03 12:55:00,GPSUSDT,SIDEWAYS,SELL,0,0,45.45,0,0,0,0,70,0.27,False
2026-08-03 12:55:00,EPICUSDT,SIDEWAYS,SELL,25,25,48.17,0,0,0,0,75,0.08,False
2026-08-03 12:55:00,FORMUSDT,DOWNTREND,SELL,15,15,35.71,0,0,0,0,70,1.73,False
2026-08-03 12:55:00,NILUSDT,SIDEWAYS,SELL,25,25,51.9,0,0,0,0,75,0.1,False
2026-08-03 12:55:00,TUTUSDT,UPTREND,WAIT,80,80,58.82,0,0,0,0,100,0.55,False
2026-08-03 12:55:00,GUNUSDT,SIDEWAYS,SELL,25,25,50.0,0,0,0,0,75,0.03,False
2026-08-03 12:55:00,BABYUSDT,DOWNTREND,SELL,10,10,42.86,0,0,0,0,100,1.07,False
2026-08-03 12:55:00,ONDOUSDT,SIDEWAYS,WAIT,70,70,54.55,0,0,0,0,100,1.88,False
2026-08-03 12:55:00,SIGNUSDT,SIDEWAYS,WAIT,35,35,50.0,0,0,0,0,80,1.35,False
2026-08-03 12:55:00,USD1USDT,DOWNTREND,SELL,15,15,40.0,0,0,0,0,100,1.31,False
2026-08-03 12:55:00,HOMEUSDT,UPTREND,WAIT,80,80,66.67,0,0,0,0,100,1.62,False
2026-08-03 12:55:00,SAHARAUSDT,DOWNTREND,SELL,10,10,0.0,0,0,0,0,90,1.89,False
2026-08-03 12:55:00,ERAUSDT,DOWNTREND,SELL,5,5,44.44,0,0,0,0,100,0.34,False
2026-08-03 12:55:00,CUSDT,SIDEWAYS,BUY,100,100,54.55,0,0,0,0,100,2.23,False
2026-08-03 12:55:00,WLFIUSDT,UPTREND,WAIT,45,45,100,0,0,0,0,70,3.74,False
2026-08-03 12:55:00,SOMIUSDT,DOWNTREND,SELL,0,0,40.0,0,0,0,0,70,0.16,False
2026-08-03 12:55:00,OPENUSDT,UPTREND,WAIT,40,40,80.77,0,0,0,0,90,0.69,False
2026-08-03 12:55:00,HOLOUSDT,SIDEWAYS,WAIT,45,45,50.0,0,0,0,0,90,0.15,False
2026-08-03 12:55:00,PUMPUSDT,SIDEWAYS,SELL,25,25,50.0,0,0,0,0,75,0.08,False
2026-08-03 12:55:00,HEMIUSDT,UPTREND,WAIT,40,40,81.82,0,0,0,0,70,2.23,False
2026-08-03 12:55:00,XPLUSDT,UPTREND,WAIT,70,70,63.46,0,0,0,0,100,0.49,False
2026-08-03 12:55:00,MIRAUSDT,DOWNTREND,SELL,5,5,22.22,0,0,0,0,75,0.06,False
2026-08-03 12:55:00,FFUSDT,SIDEWAYS,SELL,25,25,29.63,0,0,0,0,75,0.04,False
2026-08-03 12:55:00,EDENUSDT,DOWNTREND,SELL,0,0,35.85,0,0,0,0,90,0.18,False
2026-08-03 12:55:00,MORPHOUSDT,UPTREND,BUY,95,95,63.64,0,0,0,0,100,3.32,False
2026-08-03 12:55:00,EULUSDT,SIDEWAYS,WAIT,50,50,52.24,0,0,0,0,90,0.24,False
2026-08-03 12:55:00,ENSOUSDT,DOWNTREND,WAIT,50,50,33.33,0,0,0,0,100,1.4,False
2026-08-03 12:55:00,GIGGLEUSDT,SIDEWAYS,WAIT,40,40,45.7,0,0,0,0,90,0.2,False
2026-08-03 12:55:00,KITEUSDT,SIDEWAYS,WAIT,50,50,54.55,0,0,0,0,100,0.31,False
2026-08-03 12:55:00,MMTUSDT,SIDEWAYS,SELL,25,25,59.38,0,0,0,0,90,0.11,False
2026-08-03 12:55:00,ALLOUSDT,DOWNTREND,WAIT,30,30,20.99,0,0,0,0,100,0.8,False
2026-08-03 12:55:00,BANKUSDT,UPTREND,WAIT,55,55,66.67,0,0,0,0,100,0.26,False
2026-08-03 12:55:00,BREVUSDT,UPTREND,SELL,10,10,100,0,0,0,0,70,0.47,False
2026-08-03 12:55:00,币安人生USDT,DOWNTREND,WAIT,40,40,30.96,0,0,0,0,100,0.61,False
2026-08-03 12:55:00,UUSDT,UPTREND,WAIT,60,60,66.67,0,0,0,0,100,0.35,False
2026-08-03 12:55:00,ZAMAUSDT,SIDEWAYS,WAIT,55,55,48.0,0,0,0,0,100,1.05,False
2026-08-03 12:55:00,ESPUSDT,SIDEWAYS,WAIT,55,55,40.18,0,0,0,0,100,0.68,False
2026-08-03 12:55:00,MANTRAUSDT,SIDEWAYS,SELL,5,5,45.45,0,0,0,0,90,0.13,False
2026-08-03 12:55:00,NIGHTUSDT,UPTREND,WAIT,95,95,66.67,0,0,0,0,100,3.81,False
2026-08-03 12:55:00,XAUTUSDT,SIDEWAYS,WAIT,65,65,58.57,0,0,0,0,100,0.67,False
2026-08-03 12:55:00,MUBUSDT,SIDEWAYS,SELL,25,25,47.4,0,0,0,0,90,0.1,False
2026-08-03 12:55:00,CRCLBUSDT,UPTREND,BUY,100,100,59.3,0,0,0,0,100,2.38,False
2026-08-03 12:55:00,NVDABUSDT,UPTREND,BUY,85,85,68.35,0,0,0,0,90,0.35,False
2026-08-03 12:55:00,SNDKBUSDT,UPTREND,WAIT,60,60,59.0,0,0,0,0,100,0.27,False
2026-08-03 12:55:00,SPCXBUSDT,UPTREND,BUY,90,90,55.88,0,0,0,0,100,0.93,False
2026-08-03 12:55:00,REUSDT,UPTREND,WAIT,70,70,74.51,0,0,0,0,100,0.63,False
2026-08-03 12:55:00,INTCBUSDT,UPTREND,BUY,95,95,64.21,0,0,0,0,90,0.36,False
2026-08-03 12:55:00,GRAMUSDT,SIDEWAYS,WAIT,45,45,50.0,0,0,0,0,100,9.82,False
2026-08-03 12:55:00,SOXLBUSDT,SIDEWAYS,WAIT,40,40,51.4,0,0,0,0,100,0.94,False
2026-08-03 12:55:00,SKHYBUSDT,SIDEWAYS,WAIT,30,30,45.85,0,0,0,0,100,0.87,False
2026-08-03 12:55:00,AXTIBUSDT,UPTREND,BUY,90,90,62.69,0,0,0,0,70,2.0,False
2026-08-03 12:55:00,MUUBUSDT,SIDEWAYS,WAIT,40,40,52.05,0,0,0,0,90,1.16,False
2026-08-03 12:55:00,SNXXBUSDT,UPTREND,SELL,25,25,60.61,0,0,0,0,75,0.03,False
2026-08-03 12:55:55,BTCUSDT,UPTREND,WAIT,70,70,63.92,0,0,0,0,100,0.56,False
2026-08-03 12:55:55,ETHUSDT,UPTREND,BUY,100,100,55.74,0,0,0,0,100,0.97,False
2026-08-03 12:55:55,BNBUSDT,UPTREND,WAIT,65,65,68.87,0,0,0,0,100,0.32,False
2026-08-03 12:55:55,LTCUSDT,UPTREND,BUY,95,95,61.54,0,0,0,0,100,0.4,False
2026-08-03 12:55:55,ADAUSDT,UPTREND,WAIT,55,55,76.92,0,0,0,0,100,1.0,False
2026-08-03 12:55:55,XRPUSDT,UPTREND,WAIT,55,55,66.67,0,0,0,0,90,0.22,False
2026-08-03 12:55:55,XLMUSDT,SIDEWAYS,WAIT,40,40,60.0,0,0,0,0,100,0.53,False
2026-08-03 12:55:55,TRXUSDT,SIDEWAYS,WAIT,50,50,45.45,0,0,0,0,100,0.5,False
2026-08-03 12:55:55,USDCUSDT,UPTREND,WAIT,70,70,57.14,0,0,0,0,100,0.35,False
2026-08-03 12:55:55,LINKUSDT,SIDEWAYS,SELL,0,0,45.95,0,0,0,0,90,0.25,False
2026-08-03 12:55:55,FETUSDT,UPTREND,SELL,25,25,60.0,0,0,0,0,90,0.11,False
2026-08-03 12:55:55,ZECUSDT,UPTREND,BUY,95,95,61.1,0,0,0,0,100,0.46,False
2026-08-03 12:55:55,CELRUSDT,UPTREND,WAIT,45,45,68.75,0,0,0,0,90,0.21,False
2026-08-03 12:55:55,DASHUSDT,UPTREND,WAIT,65,65,80.0,0,0,0,0,90,0.68,False
2026-08-03 12:55:55,ENJUSDT,UPTREND,WAIT,55,55,83.84,0,0,0,0,70,25.18,False
2026-08-03 12:55:55,ATOMUSDT,DOWNTREND,SELL,0,0,33.33,0,0,0,0,80,0.22,False
2026-08-03 12:55:55,ALGOUSDT,DOWNTREND,SELL,20,20,40.0,0,0,0,0,100,0.9,False
2026-08-03 12:55:55,DOGEUSDT,SIDEWAYS,WAIT,40,40,51.85,0,0,0,0,100,0.39,False
2026-08-03 12:55:55,CVCUSDT,UPTREND,SELL,25,25,88.89,0,0,0,0,80,0.11,False
2026-08-03 12:55:55,HBARUSDT,UPTREND,WAIT,70,70,56.52,0,0,0,0,90,1.29,False
2026-08-03 12:55:55,RLCUSDT,UPTREND,WAIT,50,50,77.78,0,0,0,0,70,1.67,False
2026-08-03 12:55:55,EURUSDT,SIDEWAYS,SELL,20,20,45.45,0,0,0,0,100,0.33,False
2026-08-03 12:55:55,MBLUSDT,SIDEWAYS,SELL,10,10,50.0,0,0,0,0,100,0.66,False
2026-08-03 12:55:55,COTIUSDT,SIDEWAYS,SELL,25,25,44.44,0,0,0,0,90,0.14,False
2026-08-03 12:55:55,SOLUSDT,SIDEWAYS,WAIT,45,45,50.0,0,0,0,0,100,0.34,False
2026-08-03 12:55:55,JSTUSDT,UPTREND,SELL,25,25,100,0,0,0,0,90,0.11,False
2026-08-03 12:55:55,SANDUSDT,SIDEWAYS,WAIT,50,50,69.57,0,0,0,0,90,2.21,False
2026-08-03 12:55:55,DIAUSDT,UPTREND,WAIT,45,45,75.0,0,0,0,0,90,0.17,False
2026-08-03 12:55:55,UNIUSDT,SIDEWAYS,WAIT,65,65,54.17,0,0,0,0,100,0.37,False
2026-08-03 12:55:55,AVAXUSDT,UPTREND,BUY,95,95,65.0,0,0,0,0,100,0.34,False
2026-08-03 12:55:55,AAVEUSDT,SIDEWAYS,BUY,80,80,50.0,0,0,0,0,100,0.99,False
2026-08-03 12:55:55,NEARUSDT,SIDEWAYS,SELL,25,25,50.0,0,0,0,0,75,0.1,False
2026-08-03 12:55:55,FILUSDT,UPTREND,BUY,95,95,70.27,0,0,0,0,100,9.05,False
2026-08-03 12:55:55,INJUSDT,UPTREND,BUY,75,75,63.64,0,0,0,0,80,0.22,False
2026-08-03 12:55:55,GRTUSDT,UPTREND,SELL,25,25,80.0,0,0,0,0,75,0.09,False
2026-08-03 12:55:55,RIFUSDT,UPTREND,BUY,95,95,65.0,0,0,0,0,100,0.86,False
2026-08-03 12:55:55,CFXUSDT,DOWNTREND,SELL,0,0,35.29,0,0,0,0,75,0.05,False
2026-08-03 12:55:55,TLMUSDT,DOWNTREND,SELL,10,10,35.29,0,0,0,0,100,0.89,False
2026-08-03 12:55:55,SHIBUSDT,DOWNTREND,SELL,0,0,40.0,0,0,0,0,75,0.0,False
2026-08-03 12:55:55,ICPUSDT,UPTREND,SELL,25,25,63.64,0,0,0,0,80,0.1,False
2026-08-03 12:55:55,DEXEUSDT,DOWNTREND,SELL,15,15,34.48,0,0,0,0,90,0.22,False
2026-08-03 12:55:55,RAYUSDT,DOWNTREND,WAIT,35,35,42.11,0,0,0,0,80,0.89,False
2026-08-03 12:55:55,WAXPUSDT,UPTREND,WAIT,65,65,71.43,0,0,0,0,100,1.1,False
2026-08-03 12:55:55,LAZIOUSDT,SIDEWAYS,SELL,25,25,50.0,0,0,0,0,70,0.11,False
2026-08-03 12:55:55,PORTOUSDT,UPTREND,WAIT,55,55,55.56,0,0,0,0,70,0.15,False
2026-08-03 12:55:55,PYRUSDT,UPTREND,WAIT,65,65,100,0,0,0,0,100,7.13,False
2026-08-03 12:55:55,BICOUSDT,SIDEWAYS,SELL,10,10,47.22,0,0,0,0,100,0.72,False
2026-08-03 12:55:55,SCRTUSDT,UPTREND,WAIT,60,60,80.0,0,0,0,0,90,2.29,False
2026-08-03 12:55:55,BTTCUSDT,UPTREND,SELL,0,0,100,0,0,0,0,80,0.29,False
2026-08-03 12:55:55,TUSDT,DOWNTREND,SELL,0,0,22.22,0,0,0,0,70,1.0,False
2026-08-03 12:55:55,OPUSDT,SIDEWAYS,WAIT,55,55,50.0,0,0,0,0,90,0.96,False
2026-08-03 12:55:55,LUNCUSDT,SIDEWAYS,WAIT,50,50,58.06,0,0,0,0,100,1.69,False
2026-08-03 12:55:55,GMXUSDT,UPTREND,WAIT,70,70,66.67,0,0,0,0,100,0.29,False
2026-08-03 12:55:55,HFTUSDT,UPTREND,WAIT,80,80,62.74,0,0,0,0,100,0.56,False
2026-08-03 12:55:55,SYNUSDT,SIDEWAYS,WAIT,60,60,48.62,0,0,0,0,100,1.71,False
2026-08-03 12:55:55,PROMUSDT,UPTREND,BUY,100,100,66.67,0,0,0,0,90,1.58,False
2026-08-03 12:55:55,ARBUSDT,UPTREND,BUY,90,90,57.14,0,0,0,0,90,2.22,False
2026-08-03 12:55:55,EDUUSDT,UPTREND,WAIT,60,60,66.67,0,0,0,0,100,0.46,False
2026-08-03 12:55:55,SUIUSDT,UPTREND,BUY,80,80,65.63,0,0,0,0,100,0.68,False
2026-08-03 12:55:55,PEPEUSDT,SIDEWAYS,SELL,25,25,54.55,0,0,0,0,90,0.13,False
2026-08-03 12:55:55,FLOKIUSDT,SIDEWAYS,SELL,0,0,54.55,0,0,0,0,80,0.2,False
2026-08-03 12:55:55,PENDLEUSDT,UPTREND,BUY,90,90,66.67,0,0,0,0,70,2.6,False
2026-08-03 12:55:55,WLDUSDT,UPTREND,SELL,25,25,62.5,0,0,0,0,75,0.09,False
2026-08-03 12:55:55,FDUSDUSDT,DOWNTREND,SELL,0,0,33.33,0,0,0,0,80,0.23,False
2026-08-03 12:55:55,ORDIUSDT,DOWNTREND,SELL,25,25,44.0,0,0,0,0,90,0.11,False
2026-08-03 12:55:55,PIVXUSDT,UPTREND,WAIT,40,40,81.25,0,0,0,0,100,0.56,False
2026-08-03 12:55:55,VICUSDT,UPTREND,WAIT,60,60,77.42,0,0,0,0,100,1.52,False
2026-08-03 12:55:55,VANRYUSDT,DOWNTREND,SELL,20,20,41.84,0,0,0,0,75,0.04,False
2026-08-03 12:55:55,ACEUSDT,DOWNTREND,SELL,25,25,25.71,0,0,0,0,100,0.66,False
2026-08-03 12:55:55,AIUSDT,DOWNTREND,SELL,0,0,42.86,0,0,0,0,70,0.21,False
2026-08-03 12:55:55,STRKUSDT,SIDEWAYS,SELL,25,25,52.94,0,0,0,0,90,0.13,False
2026-08-03 12:55:55,PORTALUSDT,DOWNTREND,SELL,20,20,23.08,0,0,0,0,90,2.25,False
2026-08-03 12:55:55,BOMEUSDT,SIDEWAYS,SELL,20,20,51.92,0,0,0,0,100,0.41,False
2026-08-03 12:55:55,ETHFIUSDT,DOWNTREND,SELL,0,0,44.44,0,0,0,0,90,0.2,False
2026-08-03 12:55:55,ENAUSDT,UPTREND,BUY,95,95,71.43,0,0,0,0,100,6.42,False
2026-08-03 12:55:55,SAGAUSDT,UPTREND,WAIT,90,90,58.62,0,0,0,0,100,1.99,False
2026-08-03 12:55:55,TAOUSDT,DOWNTREND,WAIT,40,40,40.0,0,0,0,0,100,1.67,False
2026-08-03 12:55:55,BBUSDT,UPTREND,WAIT,65,65,70.0,0,0,0,0,80,0.65,False
2026-08-03 12:55:55,DOGSUSDT,UPTREND,WAIT,65,65,55.17,0,0,0,0,90,0.83,False
2026-08-03 12:55:55,EURIUSDT,DOWNTREND,SELL,25,25,44.44,0,0,0,0,70,0.77,False
2026-08-03 12:55:55,POLUSDT,SIDEWAYS,SELL,25,25,52.17,0,0,0,0,75,0.06,False
2026-08-03 12:55:55,NEIROUSDT,SIDEWAYS,SELL,25,25,55.56,0,0,0,0,90,0.1,False
2026-08-03 12:55:55,CATIUSDT,UPTREND,WAIT,30,30,100,0,0,0,0,70,1.75,False
2026-08-03 12:55:55,EIGENUSDT,UPTREND,BUY,100,100,70.0,0,0,0,0,90,7.18,False
2026-08-03 12:55:55,ACXUSDT,DOWNTREND,SELL,20,20,34.02,0,0,0,0,75,0.02,False
2026-08-03 12:55:55,MOVEUSDT,SIDEWAYS,SELL,0,0,100,0,0,0,0,90,0.11,False
2026-08-03 12:55:55,MEUSDT,SIDEWAYS,WAIT,30,30,68.75,0,0,0,0,70,1.22,False
2026-08-03 12:55:55,PENGUUSDT,UPTREND,WAIT,70,70,61.11,0,0,0,0,100,1.49,False
2026-08-03 12:55:55,BIOUSDT,SIDEWAYS,WAIT,40,40,62.5,0,0,0,0,70,1.47,False
2026-08-03 12:55:55,SUSDT,DOWNTREND,SELL,0,0,43.48,0,0,0,0,90,0.18,False
2026-08-03 12:55:55,TRUMPUSDT,UPTREND,SELL,25,25,62.5,0,0,0,0,75,0.0,False
2026-08-03 12:55:55,1000CHEEMSUSDT,DOWNTREND,SELL,5,5,25.0,0,0,0,0,100,0.32,False
2026-08-03 12:55:55,TSTUSDT,DOWNTREND,SELL,5,5,18.18,0,0,0,0,90,1.06,False
2026-08-03 12:55:55,HEIUSDT,UPTREND,BUY,90,90,60.0,0,0,0,0,90,0.59,False
2026-08-03 12:55:55,KAITOUSDT,UPTREND,BUY,80,80,86.94,0,0,0,0,100,4.63,False
2026-08-03 12:55:55,EPICUSDT,SIDEWAYS,SELL,25,25,51.2,0,0,0,0,90,0.14,False
2026-08-03 12:55:55,NILUSDT,SIDEWAYS,SELL,0,0,63.08,0,0,0,0,90,0.16,False
2026-08-03 12:55:55,MUBARAKUSDT,DOWNTREND,WAIT,40,40,28.57,0,0,0,0,100,6.19,False
2026-08-03 12:55:55,TUTUSDT,SIDEWAYS,WAIT,70,70,53.06,0,0,0,0,100,0.73,False
2026-08-03 12:55:55,BROCCOLI714USDT,SIDEWAYS,WAIT,65,65,39.29,0,0,0,0,90,2.29,False
2026-08-03 12:55:55,GUNUSDT,SIDEWAYS,SELL,25,25,50.0,0,0,0,0,75,0.03,False
2026-08-03 12:55:55,BABYUSDT,DOWNTREND,SELL,10,10,37.5,0,0,0,0,100,0.84,False
2026-08-03 12:55:55,ONDOUSDT,SIDEWAYS,WAIT,60,60,54.55,0,0,0,0,100,0.68,False
2026-08-03 12:55:55,VIRTUALUSDT,UPTREND,SELL,25,25,72.0,0,0,0,0,80,0.12,False
2026-08-03 12:55:55,HYPERUSDT,DOWNTREND,SELL,0,0,42.86,0,0,0,0,80,0.24,False
2026-08-03 12:55:55,SIGNUSDT,SIDEWAYS,WAIT,40,40,75.0,0,0,0,0,80,4.33,False
2026-08-03 12:55:55,USD1USDT,SIDEWAYS,SELL,10,10,55.56,0,0,0,0,100,0.48,False
2026-08-03 12:55:55,HOMEUSDT,UPTREND,WAIT,70,70,70.59,0,0,0,0,100,1.96,False
2026-08-03 12:55:55,SAHARAUSDT,DOWNTREND,SELL,25,25,0.0,0,0,0,0,90,5.36,False
2026-08-03 12:55:55,ERAUSDT,DOWNTREND,SELL,10,10,44.44,0,0,0,0,75,0.08,False
2026-08-03 12:55:55,CUSDT,SIDEWAYS,BUY,80,80,44.74,0,0,0,0,100,8.68,False
2026-08-03 12:55:55,SOMIUSDT,DOWNTREND,SELL,0,0,33.33,0,0,0,0,70,0.18,False
2026-08-03 12:55:55,OPENUSDT,UPTREND,SELL,10,10,80.77,0,0,0,0,80,0.19,False
2026-08-03 12:55:55,HOLOUSDT,SIDEWAYS,SELL,0,0,50.0,0,0,0,0,90,0.17,False
2026-08-03 12:55:55,PUMPUSDT,SIDEWAYS,SELL,25,25,47.06,0,0,0,0,90,0.13,False
2026-08-03 12:55:55,HEMIUSDT,UPTREND,WAIT,45,45,83.33,0,0,0,0,70,4.01,False
2026-08-03 12:55:55,XPLUSDT,UPTREND,WAIT,90,90,65.45,0,0,0,0,100,2.97,False
2026-08-03 12:55:55,MIRAUSDT,DOWNTREND,SELL,5,5,22.22,0,0,0,0,75,0.07,False
2026-08-03 12:55:55,FFUSDT,SIDEWAYS,WAIT,75,75,34.62,0,0,0,0,100,2.22,False
2026-08-03 12:55:55,EDENUSDT,DOWNTREND,SELL,5,5,18.64,0,0,0,0,100,1.0,False
2026-08-03 12:55:55,MORPHOUSDT,UPTREND,WAIT,70,70,66.67,0,0,0,0,100,1.77,False
2026-08-03 12:55:55,EULUSDT,SIDEWAYS,WAIT,70,70,35.59,0,0,0,0,100,0.75,False
2026-08-03 12:55:55,ENSOUSDT,DOWNTREND,WAIT,40,40,35.29,0,0,0,0,100,1.63,False
2026-08-03 12:55:55,GIGGLEUSDT,SIDEWAYS,WAIT,40,40,46.7,0,0,0,0,90,0.23,False
2026-08-03 12:55:55,KITEUSDT,SIDEWAYS,WAIT,35,35,54.55,0,0,0,0,100,0.27,False
2026-08-03 12:55:55,ALLOUSDT,DOWNTREND,WAIT,30,30,23.38,0,0,0,0,100,1.0,False
2026-08-03 12:55:55,BANKUSDT,UPTREND,BUY,100,100,57.14,0,0,0,0,100,2.78,False
2026-08-03 12:55:55,币安人生USDT,DOWNTREND,SELL,25,25,33.05,0,0,0,0,90,0.11,False
2026-08-03 12:55:55,UUSDT,UPTREND,WAIT,75,75,66.67,0,0,0,0,100,0.99,False
2026-08-03 12:55:55,ZAMAUSDT,UPTREND,BUY,100,100,63.33,0,0,0,0,100,1.84,False
2026-08-03 12:55:55,ESPUSDT,SIDEWAYS,WAIT,45,45,44.44,0,0,0,0,100,0.36,False
2026-08-03 12:55:55,MANTRAUSDT,DOWNTREND,SELL,10,10,36.36,0,0,0,0,100,0.81,False
2026-08-03 12:55:55,OPNUSDT,SIDEWAYS,WAIT,45,45,50.0,0,0,0,0,70,0.92,False
2026-08-03 12:55:55,NIGHTUSDT,UPTREND,WAIT,95,95,69.23,0,0,0,0,100,4.88,False
2026-08-03 12:55:55,XAUTUSDT,SIDEWAYS,WAIT,40,40,59.17,0,0,0,0,90,0.2,False
2026-08-03 12:55:55,MEGAUSDT,UPTREND,SELL,25,25,65.0,0,0,0,0,80,0.13,False
2026-08-03 12:55:55,MUBUSDT,DOWNTREND,SELL,25,25,42.76,0,0,0,0,75,0.05,False
2026-08-03 12:55:55,CRCLBUSDT,SIDEWAYS,BUY,100,100,53.13,0,0,0,0,100,1.15,False
2026-08-03 12:55:55,SNDKBUSDT,UPTREND,SELL,25,25,56.09,0,0,0,0,75,0.06,False
2026-08-03 12:55:55,SPCXBUSDT,UPTREND,BUY,90,90,56.73,0,0,0,0,100,0.9,False
2026-08-03 12:55:55,REUSDT,UPTREND,SELL,25,25,76.47,0,0,0,0,100,0.26,False
2026-08-03 12:55:55,GRAMUSDT,DOWNTREND,WAIT,50,50,42.86,0,0,0,0,100,2.94,False
2026-08-03 12:55:55,SOXLBUSDT,SIDEWAYS,WAIT,30,30,49.03,0,0,0,0,100,0.92,False
2026-08-03 12:55:55,SKHYBUSDT,DOWNTREND,SELL,25,25,43.82,0,0,0,0,75,0.07,False
2026-08-03 12:55:55,MUUBUSDT,SIDEWAYS,SELL,10,10,50.7,0,0,0,0,90,0.28,False
2026-08-03 12:55:55,SNXXBUSDT,UPTREND,BUY,75,75,59.37,0,0,0,0,100,0.36,False
2026-08-03 12:57:11,BTCUSDT,UPTREND,WAIT,70,70,63.82,0,0,0,0,100,0.67,False
2026-08-03 12:57:11,ETHUSDT,UPTREND,BUY,100,100,62.5,0,0,0,0,100,1.0,False
2026-08-03 12:57:11,BNBUSDT,UPTREND,BUY,75,75,66.45,0,0,0,0,100,0.77,False
2026-08-03 12:57:11,LTCUSDT,UPTREND,BUY,85,85,69.23,0,0,0,0,100,0.46,False
2026-08-03 12:57:11,ADAUSDT,UPTREND,BUY,80,80,64.0,0,0,0,0,100,0.42,False
2026-08-03 12:57:11,XRPUSDT,UPTREND,SELL,25,25,74.07,0,0,0,0,75,0.02,False
2026-08-03 12:57:11,XLMUSDT,SIDEWAYS,WAIT,55,55,66.67,0,0,0,0,100,4.58,False
2026-08-03 12:57:11,TRXUSDT,SIDEWAYS,WAIT,50,50,45.45,0,0,0,0,100,0.75,False
2026-08-03 12:57:11,USDCUSDT,UPTREND,WAIT,45,45,66.67,0,0,0,0,90,0.17,False
2026-08-03 12:57:11,LINKUSDT,SIDEWAYS,BUY,100,100,53.85,0,0,0,0,100,0.83,False
2026-08-03 12:57:11,FETUSDT,UPTREND,SELL,25,25,60.0,0,0,0,0,75,0.08,False
2026-08-03 12:57:11,ZECUSDT,UPTREND,BUY,80,80,57.29,0,0,0,0,90,0.2,False
2026-08-03 12:57:11,CELRUSDT,UPTREND,WAIT,45,45,76.47,0,0,0,0,100,0.8,False
2026-08-03 12:57:11,DASHUSDT,UPTREND,WAIT,70,70,80.0,0,0,0,0,90,0.89,False
2026-08-03 12:57:11,ENJUSDT,UPTREND,WAIT,55,55,84.95,0,0,0,0,70,44.04,False
2026-08-03 12:57:11,ATOMUSDT,DOWNTREND,WAIT,40,40,40.0,0,0,0,0,90,0.84,False
2026-08-03 12:57:11,ALGOUSDT,SIDEWAYS,BUY,80,80,43.75,0,0,0,0,100,3.42,False
2026-08-03 12:57:11,DOGEUSDT,SIDEWAYS,WAIT,40,40,53.57,0,0,0,0,100,0.41,False
2026-08-03 12:57:11,WINUSDT,DOWNTREND,SELL,0,0,38.82,0,0,0,0,90,0.37,False
2026-08-03 12:57:11,CHZUSDT,SIDEWAYS,SELL,20,20,50.0,0,0,0,0,70,2.95,False
2026-08-03 12:57:11,HBARUSDT,SIDEWAYS,WAIT,55,55,50.0,0,0,0,0,90,0.97,False
2026-08-03 12:57:11,BCHUSDT,SIDEWAYS,BUY,75,75,54.55,0,0,0,0,90,0.68,False
2026-08-03 12:57:11,EURUSDT,SIDEWAYS,SELL,5,5,45.45,0,0,0,0,90,0.23,False
2026-08-03 12:57:12,MBLUSDT,SIDEWAYS,WAIT,50,50,42.86,0,0,0,0,100,0.96,False
2026-08-03 12:57:12,COTIUSDT,SIDEWAYS,SELL,25,25,50.0,0,0,0,0,100,0.28,False
2026-08-03 12:57:12,SOLUSDT,SIDEWAYS,WAIT,45,45,54.55,0,0,0,0,100,0.43,False
2026-08-03 12:57:12,ZENUSDT,SIDEWAYS,WAIT,35,35,55.17,0,0,0,0,80,0.2,False
2026-08-03 12:57:12,STORJUSDT,DOWNTREND,WAIT,40,40,25.0,0,0,0,0,90,7.95,False
2026-08-03 12:57:12,JSTUSDT,UPTREND,SELL,5,5,100,0,0,0,0,90,0.2,False
2026-08-03 12:57:12,SANDUSDT,DOWNTREND,SELL,0,0,41.67,0,0,0,0,80,0.21,False
2026-08-03 12:57:12,DOTUSDT,UPTREND,SELL,25,25,55.56,0,0,0,0,75,0.01,False
2026-08-03 12:57:12,PAXGUSDT,SIDEWAYS,BUY,75,75,68.99,0,0,0,0,80,10.02,False
2026-08-03 12:57:12,DIAUSDT,UPTREND,WAIT,45,45,72.41,0,0,0,0,90,0.2,False
2026-08-03 12:57:12,UNIUSDT,SIDEWAYS,SELL,20,20,48.15,0,0,0,0,75,0.0,False
2026-08-03 12:57:12,AVAXUSDT,UPTREND,SELL,25,25,68.42,0,0,0,0,75,0.04,False
2026-08-03 12:57:12,XVSUSDT,SIDEWAYS,BUY,100,100,50.0,0,0,0,0,80,1.2,False
2026-08-03 12:57:12,AAVEUSDT,SIDEWAYS,WAIT,45,45,41.54,0,0,0,0,100,0.28,False
2026-08-03 12:57:12,NEARUSDT,DOWNTREND,SELL,20,20,16.67,0,0,0,0,100,1.43,False
2026-08-03 12:57:12,FILUSDT,UPTREND,BUY,95,95,65.0,0,0,0,0,100,1.11,False
2026-08-03 12:57:12,JUVUSDT,SIDEWAYS,WAIT,40,40,50.0,0,0,0,0,70,0.47,False
2026-08-03 12:57:12,RIFUSDT,UPTREND,WAIT,65,65,57.89,0,0,0,0,90,0.15,False
2026-08-03 12:57:12,CAKEUSDT,UPTREND,WAIT,30,30,80.0,0,0,0,0,70,0.32,False
2026-08-03 12:57:12,TLMUSDT,DOWNTREND,SELL,5,5,37.14,0,0,0,0,100,0.74,False
2026-08-03 12:57:12,SHIBUSDT,DOWNTREND,SELL,0,0,37.5,0,0,0,0,75,0.03,False
2026-08-03 12:57:12,GTCUSDT,UPTREND,WAIT,45,45,76.06,0,0,0,0,70,0.83,False
2026-08-03 12:57:12,DEXEUSDT,DOWNTREND,WAIT,45,45,32.26,0,0,0,0,100,0.97,False
2026-08-03 12:57:12,BICOUSDT,SIDEWAYS,SELL,5,5,47.44,0,0,0,0,75,0.0,False
2026-08-03 12:57:12,LUNCUSDT,DOWNTREND,SELL,5,5,28.57,0,0,0,0,100,0.45,False
2026-08-03 12:57:12,ARBUSDT,UPTREND,SELL,25,25,60.0,0,0,0,0,80,0.11,False
2026-08-03 12:57:12,ACEUSDT,DOWNTREND,SELL,10,10,35.48,0,0,0,0,75,0.04,False
2026-08-03 12:57:12,ENAUSDT,UPTREND,SELL,25,25,77.78,0,0,0,0,75,0.0,False
2026-08-03 12:57:12,POLUSDT,SIDEWAYS,SELL,25,25,50.0,0,0,0,0,90,0.22,False
2026-08-03 12:57:12,SUSDT,DOWNTREND,SELL,20,20,38.1,0,0,0,0,75,0.04,False
2026-08-03 12:57:12,TRUMPUSDT,UPTREND,BUY,95,95,57.14,0,0,0,0,100,0.86,False
2026-08-03 12:57:12,1000CHEEMSUSDT,DOWNTREND,SELL,0,0,36.36,0,0,0,0,75,0.07,False
2026-08-03 12:57:12,KAITOUSDT,UPTREND,WAIT,55,55,84.07,0,0,0,0,100,0.52,False
2026-08-03 12:57:12,EPICUSDT,UPTREND,SELL,25,25,59.65,0,0,0,0,75,0.03,False
2026-08-03 12:57:12,TUTUSDT,SIDEWAYS,SELL,0,0,46.0,0,0,0,0,75,0.0,False
2026-08-03 12:57:12,ONDOUSDT,UPTREND,WAIT,65,65,64.0,0,0,0,0,90,0.18,False
2026-08-03 12:57:12,USD1USDT,SIDEWAYS,SELL,25,25,50.0,0,0,0,0,75,0.03,False
2026-08-03 12:57:12,HOMEUSDT,UPTREND,SELL,25,25,70.97,0,0,0,0,75,0.09,False
2026-08-03 12:57:12,XPLUSDT,UPTREND,SELL,25,25,60.34,0,0,0,0,75,0.05,False
2026-08-03 12:57:12,FFUSDT,DOWNTREND,WAIT,35,35,33.33,0,0,0,0,100,2.68,False
2026-08-03 12:57:12,EULUSDT,SIDEWAYS,SELL,25,25,48.15,0,0,0,0,75,0.05,False
2026-08-03 12:57:12,GIGGLEUSDT,SIDEWAYS,SELL,25,25,45.95,0,0,0,0,75,0.02,False
2026-08-03 12:57:12,KITEUSDT,SIDEWAYS,SELL,25,25,50.0,0,0,0,0,90,0.12,False
2026-08-03 12:57:12,MMTUSDT,UPTREND,SELL,25,25,57.14,0,0,0,0,75,0.01,False
2026-08-03 12:57:12,ALLOUSDT,DOWNTREND,SELL,20,20,17.36,0,0,0,0,75,0.07,False
2026-08-03 12:57:12,BANKUSDT,UPTREND,SELL,25,25,66.67,0,0,0,0,75,0.09,False
2026-08-03 12:57:12,币安人生USDT,SIDEWAYS,SELL,10,10,52.12,0,0,0,0,90,0.16,False
2026-08-03 12:57:12,UUSDT,UPTREND,WAIT,60,60,66.67,0,0,0,0,100,0.42,False
2026-08-03 12:57:12,ZAMAUSDT,UPTREND,WAIT,60,60,72.53,0,0,0,0,100,0.31,False
2026-08-03 12:57:12,ESPUSDT,DOWNTREND,SELL,0,0,43.09,0,0,0,0,90,0.15,False
2026-08-03 12:57:12,NIGHTUSDT,UPTREND,SELL,25,25,70.0,0,0,0,0,75,0.07,False
2026-08-03 12:57:12,MUBUSDT,DOWNTREND,SELL,25,25,28.65,0,0,0,0,75,0.05,False
2026-08-03 12:57:12,CRCLBUSDT,SIDEWAYS,WAIT,35,35,49.14,0,0,0,0,100,1.22,False
2026-08-03 12:57:12,SNDKBUSDT,SIDEWAYS,SELL,25,25,38.52,0,0,0,0,75,0.04,False
2026-08-03 12:57:12,REUSDT,UPTREND,SELL,25,25,73.47,0,0,0,0,75,0.01,False
2026-08-03 12:57:12,INTCBUSDT,SIDEWAYS,BUY,75,75,49.25,0,0,0,0,90,0.37,False
2026-08-03 12:57:12,GRAMUSDT,SIDEWAYS,SELL,10,10,46.15,0,0,0,0,100,0.66,False
2026-08-03 12:57:12,NBISBUSDT,DOWNTREND,SELL,25,25,34.38,0,0,0,0,90,0.1,False
2026-08-03 12:57:12,SOXLBUSDT,DOWNTREND,SELL,25,25,38.08,0,0,0,0,90,0.11,False
2026-08-03 12:57:12,SKHYBUSDT,DOWNTREND,SELL,25,25,35.59,0,0,0,0,75,0.0,False
2026-08-03 12:57:12,MUUBUSDT,DOWNTREND,SELL,5,5,36.0,0,0,0,0,90,0.28,False
2026-08-03 12:57:12,SNXXBUSDT,SIDEWAYS,SELL,25,25,38.71,0,0,0,0,75,0.01,False
2026-08-03 12:57:29,BTCUSDT,UPTREND,WAIT,60,63.07
2026-08-03 12:58:34,BTCUSDT,SIDEWAYS,SELL,25,25,26.06,0,0,0,0,75,0.01,False
2026-08-03 12:58:34,ETHUSDT,SIDEWAYS,WAIT,65,65,42.47,0,0,0,0,90,0.19,False
2026-08-03 12:58:34,BNBUSDT,SIDEWAYS,BUY,90,90,31.52,0,0,0,0,100,1.29,False
2026-08-03 12:58:34,LTCUSDT,SIDEWAYS,BUY,100,100,28.57,0,0,0,0,100,0.63,False
2026-08-03 12:58:34,ADAUSDT,SIDEWAYS,SELL,25,25,55.0,0,0,0,0,75,0.09,False
2026-08-03 12:58:34,XRPUSDT,UPTREND,WAIT,65,65,56.52,0,0,0,0,100,0.29,False
2026-08-03 12:58:34,XLMUSDT,SIDEWAYS,WAIT,50,50,57.14,0,0,0,0,100,1.7,False
2026-08-03 12:58:34,TRXUSDT,SIDEWAYS,SELL,25,25,45.45,0,0,0,0,90,0.16,False
2026-08-03 12:58:34,USDCUSDT,UPTREND,SELL,25,25,57.14,0,0,0,0,75,0.04,False
2026-08-03 12:58:34,LINKUSDT,SIDEWAYS,BUY,100,100,33.33,0,0,0,0,100,1.41,False
2026-08-03 12:58:34,FETUSDT,SIDEWAYS,SELL,25,25,50.0,0,0,0,0,75,0.1,False
2026-08-03 12:58:34,ZECUSDT,SIDEWAYS,SELL,25,25,42.83,0,0,0,0,75,0.02,False
2026-08-03 12:58:34,CELRUSDT,UPTREND,SELL,25,25,75.0,0,0,0,0,75,0.08,False
2026-08-03 12:58:34,ENJUSDT,UPTREND,WAIT,65,65,79.41,0,0,0,0,70,9.44,False
2026-08-03 12:58:34,ALGOUSDT,DOWNTREND,SELL,25,25,33.33,0,0,0,0,100,0.63,False
2026-08-03 12:58:34,DOGEUSDT,SIDEWAYS,WAIT,35,35,35.0,0,0,0,0,100,0.48,False
2026-08-03 12:58:34,CVCUSDT,UPTREND,SELL,10,10,90.91,0,0,0,0,70,0.36,False
2026-08-03 12:58:34,HBARUSDT,SIDEWAYS,WAIT,35,35,36.0,0,0,0,0,90,0.36,False
2026-08-03 12:58:34,EURUSDT,SIDEWAYS,WAIT,40,40,70.0,0,0,0,0,100,0.76,False
2026-08-03 12:58:34,MBLUSDT,UPTREND,WAIT,55,55,62.5,0,0,0,0,90,0.22,False
2026-08-03 12:58:34,COTIUSDT,SIDEWAYS,SELL,25,25,46.67,0,0,0,0,75,0.02,False
2026-08-03 12:58:34,SOLUSDT,DOWNTREND,SELL,25,25,31.25,0,0,0,0,75,0.01,False
2026-08-03 12:58:34,ZENUSDT,DOWNTREND,WAIT,70,70,17.86,0,0,0,0,90,3.14,False
2026-08-03 12:58:34,JSTUSDT,UPTREND,SELL,25,25,100,0,0,0,0,75,0.05,False
2026-08-03 12:58:34,DOTUSDT,UPTREND,SELL,25,25,57.14,0,0,0,0,75,0.0,False
2026-08-03 12:58:34,PAXGUSDT,SIDEWAYS,WAIT,40,40,67.7,0,0,0,0,80,0.44,False
2026-08-03 12:58:34,KSMUSDT,UPTREND,BUY,75,75,60.0,0,0,0,0,70,0.67,False
2026-08-03 12:58:34,DIAUSDT,DOWNTREND,SELL,10,10,41.18,0,0,0,0,75,0.01,False
2026-08-03 12:58:34,UNIUSDT,DOWNTREND,SELL,25,25,28.57,0,0,0,0,75,0.01,False
2026-08-03 12:58:34,AVAXUSDT,SIDEWAYS,SELL,25,25,42.86,0,0,0,0,75,0.08,False
2026-08-03 12:58:34,AAVEUSDT,SIDEWAYS,WAIT,70,70,28.57,0,0,0,0,100,0.38,False
2026-08-03 12:58:34,NEARUSDT,DOWNTREND,SELL,5,5,14.29,0,0,0,0,75,0.01,False
2026-08-03 12:58:34,GRTUSDT,UPTREND,SELL,25,25,75.0,0,0,0,0,75,0.07,False
2026-08-03 12:58:34,RIFUSDT,UPTREND,SELL,25,25,58.82,0,0,0,0,75,0.02,False
2026-08-03 12:58:34,CAKEUSDT,UPTREND,WAIT,65,65,60.0,0,0,0,0,70,1.12,False
2026-08-03 12:58:34,TLMUSDT,DOWNTREND,SELL,10,10,30.3,0,0,0,0,75,0.02,False
2026-08-03 12:58:34,GTCUSDT,UPTREND,SELL,10,10,88.41,0,0,0,0,70,0.45,False
2026-08-03 12:58:34,DEXEUSDT,DOWNTREND,SELL,15,15,32.26,0,0,0,0,90,0.16,False
2026-08-03 12:58:34,WAXPUSDT,UPTREND,SELL,25,25,70.0,0,0,0,0,75,0.07,False
2026-08-03 12:58:34,PORTOUSDT,SIDEWAYS,SELL,25,25,57.14,0,0,0,0,70,0.14,False
2026-08-03 12:58:34,PYRUSDT,UPTREND,SELL,25,25,75.0,0,0,0,0,75,0.06,False
2026-08-03 12:58:34,BICOUSDT,SIDEWAYS,SELL,5,5,47.44,0,0,0,0,75,0.04,False
2026-08-03 12:58:34,SCRTUSDT,UPTREND,WAIT,90,90,60.0,0,0,0,0,90,1.41,False
2026-08-03 12:58:34,BTTCUSDT,UPTREND,SELL,0,0,100,0,0,0,0,70,0.17,False
2026-08-03 12:58:34,LUNCUSDT,DOWNTREND,SELL,0,0,21.05,0,0,0,0,90,0.22,False
2026-08-03 12:58:34,GMXUSDT,UPTREND,WAIT,70,70,66.67,0,0,0,0,90,0.23,False
2026-08-03 12:58:34,HFTUSDT,UPTREND,SELL,25,25,62.6,0,0,0,0,75,0.09,False
2026-08-03 12:58:34,SYNUSDT,UPTREND,SELL,25,25,69.39,0,0,0,0,75,0.0,False
2026-08-03 12:58:34,SUIUSDT,SIDEWAYS,SELL,25,25,45.45,0,0,0,0,75,0.01,False
2026-08-03 12:58:34,PENDLEUSDT,SIDEWAYS,BUY,85,85,50.0,0,0,0,0,90,3.35,False
2026-08-03 12:58:34,WLDUSDT,SIDEWAYS,SELL,25,25,44.44,0,0,0,0,75,0.04,False
2026-08-03 12:58:34,ORDIUSDT,DOWNTREND,SELL,20,20,23.81,0,0,0,0,75,0.04,False
2026-08-03 12:58:34,PIVXUSDT,UPTREND,SELL,25,25,85.71,0,0,0,0,75,0.03,False
2026-08-03 12:58:34,VICUSDT,UPTREND,WAIT,50,50,84.62,0,0,0,0,100,1.56,False
2026-08-03 12:58:34,VANRYUSDT,SIDEWAYS,SELL,15,15,48.84,0,0,0,0,75,0.02,False
2026-08-03 12:58:34,1000SATSUSDT,DOWNTREND,SELL,5,5,41.67,0,0,0,0,80,0.11,False
2026-08-03 12:58:34,ACEUSDT,DOWNTREND,SELL,15,15,42.31,0,0,0,0,100,0.74,False
2026-08-03 12:58:34,AIUSDT,SIDEWAYS,SELL,0,0,50.0,0,0,0,0,70,0.15,False
2026-08-03 12:58:34,ETHFIUSDT,DOWNTREND,SELL,20,20,27.27,0,0,0,0,75,0.01,False
2026-08-03 12:58:34,ENAUSDT,UPTREND,SELL,25,25,60.0,0,0,0,0,75,0.01,False
2026-08-03 12:58:34,TAOUSDT,DOWNTREND,SELL,25,25,36.36,0,0,0,0,75,0.03,False
2026-08-03 12:58:34,REZUSDT,SIDEWAYS,WAIT,70,70,54.55,0,0,0,0,70,1.56,False
2026-08-03 12:58:34,BBUSDT,UPTREND,SELL,25,25,71.43,0,0,0,0,70,0.21,False
2026-08-03 12:58:34,EURIUSDT,SIDEWAYS,WAIT,50,50,63.64,0,0,0,0,70,1.62,False
2026-08-03 12:58:34,POLUSDT,UPTREND,WAIT,100,100,64.86,0,0,0,0,100,10.31,False
2026-08-03 12:58:34,NEIROUSDT,SIDEWAYS,SELL,25,25,57.58,0,0,0,0,75,0.04,False
2026-08-03 12:58:34,HMSTRUSDT,UPTREND,WAIT,50,50,60.0,0,0,0,0,80,0.18,False
2026-08-03 12:58:34,MOVEUSDT,SIDEWAYS,SELL,0,0,100,0,0,0,0,75,0.05,False
2026-08-03 12:58:34,MEUSDT,UPTREND,WAIT,75,75,63.16,0,0,0,0,70,0.98,False
2026-08-03 12:58:34,PENGUUSDT,SIDEWAYS,WAIT,50,50,48.28,0,0,0,0,100,0.41,False
2026-08-03 12:58:34,BIOUSDT,SIDEWAYS,WAIT,65,65,52.94,0,0,0,0,70,1.08,False
2026-08-03 12:58:34,SUSDT,DOWNTREND,SELL,15,15,38.78,0,0,0,0,100,0.31,False
2026-08-03 12:58:34,TRUMPUSDT,SIDEWAYS,SELL,25,25,42.86,0,0,0,0,75,0.03,False
2026-08-03 12:58:34,1000CHEEMSUSDT,DOWNTREND,SELL,10,10,30.0,0,0,0,0,75,0.1,False
2026-08-03 12:58:34,HEIUSDT,UPTREND,SELL,10,10,87.5,0,0,0,0,80,0.21,False
2026-08-03 12:58:34,KAITOUSDT,UPTREND,BUY,95,95,68.98,0,0,0,0,100,0.61,False
2026-08-03 12:58:34,EPICUSDT,UPTREND,SELL,25,25,57.06,0,0,0,0,75,0.07,False
2026-08-03 12:58:34,NILUSDT,SIDEWAYS,SELL,5,5,54.39,0,0,0,0,75,0.06,False
2026-08-03 12:58:34,MUBARAKUSDT,DOWNTREND,SELL,15,15,34.29,0,0,0,0,100,0.5,False
2026-08-03 12:58:34,TUTUSDT,DOWNTREND,SELL,0,0,39.68,0,0,0,0,75,0.07,False
2026-08-03 12:58:34,BROCCOLI714USDT,DOWNTREND,SELL,25,25,26.32,0,0,0,0,90,1.2,False
2026-08-03 12:58:34,BABYUSDT,DOWNTREND,SELL,10,10,44.44,0,0,0,0,90,0.14,False
2026-08-03 12:58:34,ONDOUSDT,SIDEWAYS,SELL,25,25,52.94,0,0,0,0,75,0.08,False
2026-08-03 12:58:34,SIGNUSDT,UPTREND,WAIT,75,75,71.43,0,0,0,0,80,2.94,False
2026-08-03 12:58:34,USD1USDT,UPTREND,SELL,25,25,57.14,0,0,0,0,90,0.11,False
2026-08-03 12:58:34,HOMEUSDT,UPTREND,WAIT,40,40,69.7,0,0,0,0,100,0.45,False
2026-08-03 12:58:34,SPKUSDT,SIDEWAYS,SELL,20,20,48.44,0,0,0,0,90,2.74,False
2026-08-03 12:58:34,SAHARAUSDT,DOWNTREND,WAIT,35,35,28.57,0,0,0,0,90,2.89,False
2026-08-03 12:58:34,ERAUSDT,UPTREND,BUY,100,100,55.56,0,0,0,0,100,1.75,False
2026-08-03 12:58:34,CUSDT,DOWNTREND,SELL,10,10,43.24,0,0,0,0,75,0.08,False
2026-08-03 12:58:34,MITOUSDT,UPTREND,WAIT,40,40,72.73,0,0,0,0,70,0.32,False
2026-08-03 12:58:34,SOMIUSDT,SIDEWAYS,SELL,25,25,50.0,0,0,0,0,70,0.1,False
2026-08-03 12:58:34,OPENUSDT,UPTREND,WAIT,65,65,87.5,0,0,0,0,90,3.51,False
2026-08-03 12:58:34,HOLOUSDT,SIDEWAYS,WAIT,40,40,62.5,0,0,0,0,100,0.36,False
2026-08-03 12:58:34,PUMPUSDT,SIDEWAYS,SELL,25,25,42.86,0,0,0,0,75,0.06,False
2026-08-03 12:58:34,XPLUSDT,UPTREND,WAIT,55,55,57.14,0,0,0,0,90,0.25,False
2026-08-03 12:58:34,MIRAUSDT,DOWNTREND,SELL,25,25,27.27,0,0,0,0,75,0.08,False
2026-08-03 12:58:34,EDENUSDT,DOWNTREND,SELL,0,0,41.3,0,0,0,0,75,0.03,False
2026-08-03 12:58:34,MORPHOUSDT,UPTREND,SELL,25,25,66.67,0,0,0,0,75,0.02,False
2026-08-03 12:58:34,EULUSDT,SIDEWAYS,BUY,75,75,40.43,0,0,0,0,100,1.15,False
2026-08-03 12:58:34,ENSOUSDT,DOWNTREND,WAIT,40,40,37.5,0,0,0,0,100,0.3,False
2026-08-03 12:58:34,ZBTUSDT,UPTREND,WAIT,35,35,80.0,0,0,0,0,70,0.85,False
2026-08-03 12:58:34,GIGGLEUSDT,SIDEWAYS,SELL,25,25,39.78,0,0,0,0,90,0.1,False
2026-08-03 12:58:34,KITEUSDT,SIDEWAYS,WAIT,30,30,44.44,0,0,0,0,90,0.23,False
2026-08-03 12:58:34,MMTUSDT,UPTREND,WAIT,65,65,60.53,0,0,0,0,100,0.27,False
2026-08-03 12:58:34,ALLOUSDT,DOWNTREND,SELL,25,25,18.75,0,0,0,0,90,0.1,False
2026-08-03 12:58:34,BANKUSDT,UPTREND,SELL,25,25,66.67,0,0,0,0,75,0.0,False
2026-08-03 12:58:34,币安人生USDT,DOWNTREND,SELL,25,25,41.06,0,0,0,0,75,0.09,False
2026-08-03 12:58:34,UUSDT,UPTREND,SELL,25,25,66.67,0,0,0,0,75,0.01,False
2026-08-03 12:58:34,SENTUSDT,UPTREND,WAIT,90,90,70.0,0,0,0,0,90,2.14,False
2026-08-03 12:58:34,ZAMAUSDT,UPTREND,WAIT,60,60,70.21,0,0,0,0,100,0.44,False
2026-08-03 12:58:34,ESPUSDT,SIDEWAYS,SELL,25,25,47.97,0,0,0,0,90,0.19,False
2026-08-03 12:58:34,NIGHTUSDT,DOWNTREND,SELL,0,0,37.5,0,0,0,0,100,0.36,False
2026-08-03 12:58:34,XAUTUSDT,SIDEWAYS,SELL,20,20,75.18,0,0,0,0,75,0.03,False
2026-08-03 12:58:34,MUBUSDT,DOWNTREND,SELL,25,25,27.24,0,0,0,0,75,0.01,False
2026-08-03 12:58:34,CRCLBUSDT,DOWNTREND,WAIT,40,40,39.25,0,0,0,0,100,1.3,False
2026-08-03 12:58:34,NVDABUSDT,SIDEWAYS,WAIT,65,65,51.52,0,0,0,0,80,0.18,False
2026-08-03 12:58:34,SNDKBUSDT,SIDEWAYS,SELL,25,25,35.84,0,0,0,0,75,0.02,False
2026-08-03 12:58:34,SPCXBUSDT,SIDEWAYS,WAIT,45,45,35.37,0,0,0,0,90,0.22,False
2026-08-03 12:58:34,REUSDT,UPTREND,SELL,25,25,59.57,0,0,0,0,90,0.13,False
2026-08-03 12:58:34,INTCBUSDT,SIDEWAYS,BUY,100,100,51.43,0,0,0,0,90,1.0,False
2026-08-03 12:58:34,MSTRBUSDT,SIDEWAYS,WAIT,70,70,54.55,0,0,0,0,70,0.88,False
2026-08-03 12:58:34,GRAMUSDT,DOWNTREND,SELL,10,10,36.36,0,0,0,0,75,0.09,False
2026-08-03 12:58:34,NBISBUSDT,DOWNTREND,WAIT,30,30,34.92,0,0,0,0,100,0.42,False
2026-08-03 12:58:34,SOXLBUSDT,DOWNTREND,WAIT,40,40,29.54,0,0,0,0,100,0.55,False
2026-08-03 12:58:34,SKHYBUSDT,DOWNTREND,SELL,25,25,32.52,0,0,0,0,75,0.07,False
2026-08-03 12:58:34,MVLLBUSDT,DOWNTREND,WAIT,30,30,25.71,0,0,0,0,70,0.5,False
2026-08-03 12:58:34,ORCLBUSDT,SIDEWAYS,SELL,25,25,56.25,0,0,0,0,70,0.31,False
2026-08-03 12:58:34,SNXXBUSDT,SIDEWAYS,SELL,25,25,36.36,0,0,0,0,75,0.01,False
2026-08-03 13:00:05,BTCUSDT,SIDEWAYS,WAIT,65,65,30.02,0,0,0,0,100,0.69,False
2026-08-03 13:00:05,ETHUSDT,SIDEWAYS,WAIT,55,55,46.14,0,0,0,0,100,0.35,False
2026-08-03 13:00:05,BNBUSDT,DOWNTREND,WAIT,40,40,32.02,0,0,0,0,100,0.51,False
2026-08-03 13:00:05,LTCUSDT,SIDEWAYS,SELL,25,25,40.0,0,0,0,0,90,0.12,False
2026-08-03 13:00:05,ADAUSDT,SIDEWAYS,WAIT,65,65,52.38,0,0,0,0,100,1.07,False
2026-08-03 13:00:05,XRPUSDT,UPTREND,SELL,25,25,56.52,0,0,0,0,90,0.12,False
2026-08-03 13:00:05,XLMUSDT,DOWNTREND,WAIT,30,30,40.0,0,0,0,0,100,1.08,False
2026-08-03 13:00:05,TRXUSDT,DOWNTREND,SELL,5,5,36.36,0,0,0,0,100,0.4,False
2026-08-03 13:00:05,USDCUSDT,UPTREND,WAIT,55,55,57.14,0,0,0,0,90,0.21,False
2026-08-03 13:00:05,LINKUSDT,SIDEWAYS,WAIT,60,60,37.04,0,0,0,0,100,0.39,False
2026-08-03 13:00:05,FETUSDT,SIDEWAYS,SELL,25,25,42.86,0,0,0,0,75,0.05,False
2026-08-03 13:00:05,ZECUSDT,SIDEWAYS,SELL,25,25,43.41,0,0,0,0,75,0.01,False
2026-08-03 13:00:05,CELRUSDT,UPTREND,WAIT,30,30,88.89,0,0,0,0,100,0.74,False
2026-08-03 13:00:05,ENJUSDT,UPTREND,WAIT,55,55,85.15,0,0,0,0,70,17.67,False
2026-08-03 13:00:05,ATOMUSDT,DOWNTREND,SELL,25,25,33.33,0,0,0,0,80,0.14,False
2026-08-03 13:00:05,ALGOUSDT,DOWNTREND,SELL,0,0,25.0,0,0,0,0,100,0.28,False
2026-08-03 13:00:05,DOGEUSDT,SIDEWAYS,SELL,25,25,36.84,0,0,0,0,75,0.05,False
2026-08-03 13:00:05,WINUSDT,SIDEWAYS,WAIT,70,70,49.21,0,0,0,0,90,1.67,False
2026-08-03 13:00:05,EURUSDT,UPTREND,WAIT,55,55,70.0,0,0,0,0,90,0.17,False
2026-08-03 13:00:05,MBLUSDT,UPTREND,WAIT,80,80,62.5,0,0,0,0,100,0.68,False
2026-08-03 13:00:05,COTIUSDT,SIDEWAYS,SELL,20,20,43.9,0,0,0,0,100,0.29,False
2026-08-03 13:00:05,SOLUSDT,DOWNTREND,WAIT,30,30,38.46,0,0,0,0,100,0.73,False
2026-08-03 13:00:05,JSTUSDT,UPTREND,SELL,15,15,100,0,0,0,0,90,0.12,False
2026-08-03 13:00:05,SANDUSDT,SIDEWAYS,WAIT,50,50,60.87,0,0,0,0,90,1.48,False
2026-08-03 13:00:05,DOTUSDT,UPTREND,BUY,100,100,62.5,0,0,0,0,100,4.33,False
2026-08-03 13:00:05,PAXGUSDT,UPTREND,BUY,100,100,61.63,0,0,0,0,80,1.03,False
2026-08-03 13:00:05,KSMUSDT,SIDEWAYS,WAIT,65,65,50.0,0,0,0,0,70,0.78,False
2026-08-03 13:00:05,DIAUSDT,DOWNTREND,SELL,0,0,42.42,0,0,0,0,90,0.23,False
2026-08-03 13:00:05,UNIUSDT,DOWNTREND,SELL,25,25,28.57,0,0,0,0,75,0.0,False
2026-08-03 13:00:05,AAVEUSDT,SIDEWAYS,BUY,80,80,30.77,0,0,0,0,100,0.51,False
2026-08-03 13:00:05,NEARUSDT,DOWNTREND,SELL,0,0,14.29,0,0,0,0,100,0.47,False
2026-08-03 13:00:05,FILUSDT,UPTREND,WAIT,65,65,58.33,0,0,0,0,90,0.2,False
2026-08-03 13:00:05,GRTUSDT,SIDEWAYS,SELL,25,25,50.0,0,0,0,0,75,0.06,False
2026-08-03 13:00:05,RIFUSDT,SIDEWAYS,WAIT,35,35,50.0,0,0,0,0,90,0.18,False
2026-08-03 13:00:05,CAKEUSDT,SIDEWAYS,WAIT,50,50,50.0,0,0,0,0,70,0.64,False
2026-08-03 13:00:05,TLMUSDT,DOWNTREND,SELL,0,0,25.81,0,0,0,0,90,0.23,False
2026-08-03 13:00:05,SHIBUSDT,DOWNTREND,SELL,0,0,37.5,0,0,0,0,75,0.0,False
2026-08-03 13:00:05,ARUSDT,UPTREND,WAIT,65,65,77.78,0,0,0,0,70,4.18,False
2026-08-03 13:00:05,LPTUSDT,DOWNTREND,SELL,20,20,35.0,0,0,0,0,80,0.21,False
2026-08-03 13:00:05,DEXEUSDT,DOWNTREND,WAIT,45,45,25.0,0,0,0,0,100,0.81,False
2026-08-03 13:00:05,WAXPUSDT,UPTREND,SELL,25,25,71.43,0,0,0,0,90,0.1,False
2026-08-03 13:00:05,LAZIOUSDT,SIDEWAYS,SELL,25,25,50.0,0,0,0,0,70,0.2,False
2026-08-03 13:00:05,ADXUSDT,UPTREND,WAIT,55,55,71.43,0,0,0,0,70,1.14,False
2026-08-03 13:00:05,PORTOUSDT,UPTREND,BUY,95,95,57.14,0,0,0,0,80,1.25,False
2026-08-03 13:00:05,BICOUSDT,DOWNTREND,SELL,5,5,44.37,0,0,0,0,100,0.31,False
2026-08-03 13:00:05,PEOPLEUSDT,DOWNTREND,SELL,0,0,41.67,0,0,0,0,80,0.15,False
2026-08-03 13:00:05,BTTCUSDT,UPTREND,SELL,0,0,100,0,0,0,0,80,0.29,False
2026-08-03 13:00:05,TUSDT,DOWNTREND,SELL,0,0,27.27,0,0,0,0,70,0.47,False
2026-08-03 13:00:05,GMTUSDT,SIDEWAYS,SELL,0,0,100,0,0,0,0,90,0.71,False
2026-08-03 13:00:05,LDOUSDT,SIDEWAYS,SELL,25,25,50.0,0,0,0,0,80,0.14,False
2026-08-03 13:00:05,LUNCUSDT,DOWNTREND,SELL,0,0,30.77,0,0,0,0,90,0.2,False
2026-08-03 13:00:05,GMXUSDT,UPTREND,BUY,100,100,60.0,0,0,0,0,100,0.52,False
2026-08-03 13:00:05,HFTUSDT,UPTREND,WAIT,70,70,66.35,0,0,0,0,100,0.56,False
2026-08-03 13:00:05,SYNUSDT,UPTREND,WAIT,70,70,60.18,0,0,0,0,100,0.53,False
2026-08-03 13:00:05,PROMUSDT,UPTREND,WAIT,65,65,84.78,0,0,0,0,90,1.38,False
2026-08-03 13:00:05,ARBUSDT,SIDEWAYS,BUY,85,85,50.0,0,0,0,0,90,4.61,False
2026-08-03 13:00:05,EDUUSDT,UPTREND,WAIT,100,100,60.0,0,0,0,0,100,8.19,False
2026-08-03 13:00:05,SUIUSDT,SIDEWAYS,SELL,25,25,52.63,0,0,0,0,90,0.12,False
2026-08-03 13:00:05,PEPEUSDT,SIDEWAYS,SELL,25,25,50.0,0,0,0,0,75,0.01,False
2026-08-03 13:00:05,WLDUSDT,SIDEWAYS,SELL,25,25,35.29,0,0,0,0,75,0.01,False
2026-08-03 13:00:05,FDUSDUSDT,SIDEWAYS,SELL,0,0,50.0,0,0,0,0,90,0.39,False
2026-08-03 13:00:05,TIAUSDT,UPTREND,SELL,25,25,60.0,0,0,0,0,75,0.02,False
2026-08-03 13:00:05,ORDIUSDT,DOWNTREND,SELL,25,25,23.53,0,0,0,0,90,0.13,False
2026-08-03 13:00:05,PIVXUSDT,UPTREND,WAIT,40,40,86.67,0,0,0,0,100,0.61,False
2026-08-03 13:00:05,VICUSDT,UPTREND,WAIT,65,65,87.23,0,0,0,0,100,12.04,False
2026-08-03 13:00:05,VANRYUSDT,SIDEWAYS,SELL,25,25,53.49,0,0,0,0,90,0.1,False
2026-08-03 13:00:05,1000SATSUSDT,SIDEWAYS,SELL,0,0,46.15,0,0,0,0,80,0.12,False
2026-08-03 13:00:05,ACEUSDT,DOWNTREND,WAIT,35,35,30.43,0,0,0,0,100,1.65,False
2026-08-03 13:00:05,AIUSDT,DOWNTREND,SELL,0,0,40.0,0,0,0,0,70,0.14,False
2026-08-03 13:00:05,PYTHUSDT,DOWNTREND,SELL,15,15,40.0,0,0,0,0,70,2.96,False
2026-08-03 13:00:05,ENAUSDT,UPTREND,BUY,90,90,64.29,0,0,0,0,100,0.7,False
2026-08-03 13:00:05,SAGAUSDT,UPTREND,WAIT,80,80,63.33,0,0,0,0,100,0.79,False
2026-08-03 13:00:05,TAOUSDT,DOWNTREND,SELL,25,25,36.36,0,0,0,0,90,0.13,False
2026-08-03 13:00:05,BBUSDT,UPTREND,WAIT,65,65,73.33,0,0,0,0,80,1.24,False
2026-08-03 13:00:05,POLUSDT,SIDEWAYS,WAIT,85,85,48.0,0,0,0,0,100,5.87,False
2026-08-03 13:00:05,NEIROUSDT,SIDEWAYS,SELL,25,25,63.16,0,0,0,0,75,0.09,False
2026-08-03 13:00:05,EIGENUSDT,SIDEWAYS,WAIT,60,60,50.0,0,0,0,0,90,0.32,False
2026-08-03 13:00:05,SCRUSDT,UPTREND,WAIT,40,40,65.22,0,0,0,0,70,0.69,False
2026-08-03 13:00:05,PNUTUSDT,SIDEWAYS,WAIT,70,70,50.0,0,0,0,0,70,1.36,False
2026-08-03 13:00:05,ACXUSDT,DOWNTREND,WAIT,35,35,28.67,0,0,0,0,100,1.89,False
2026-08-03 13:00:05,MOVEUSDT,SIDEWAYS,SELL,0,0,100,0,0,0,0,75,0.08,False
2026-08-03 13:00:05,PENGUUSDT,SIDEWAYS,WAIT,50,50,37.5,0,0,0,0,100,0.85,False
2026-08-03 13:00:05,BIOUSDT,SIDEWAYS,WAIT,65,65,50.0,0,0,0,0,70,0.89,False
2026-08-03 13:00:05,SUSDT,DOWNTREND,WAIT,30,30,41.3,0,0,0,0,100,0.81,False
2026-08-03 13:00:05,TRUMPUSDT,SIDEWAYS,BUY,85,85,50.0,0,0,0,0,100,0.88,False
2026-08-03 13:00:05,BERAUSDT,UPTREND,SELL,20,20,100,0,0,0,0,70,0.77,False
2026-08-03 13:00:05,1000CHEEMSUSDT,DOWNTREND,SELL,5,5,30.0,0,0,0,0,100,0.43,False
2026-08-03 13:00:05,TSTUSDT,DOWNTREND,SELL,0,0,0.0,0,0,0,0,80,0.11,False
2026-08-03 13:00:05,HEIUSDT,UPTREND,WAIT,70,70,66.67,0,0,0,0,90,0.42,False
2026-08-03 13:00:05,KAITOUSDT,UPTREND,BUY,95,95,74.13,0,0,0,0,100,1.26,False
2026-08-03 13:00:05,GPSUSDT,SIDEWAYS,WAIT,30,30,75.0,0,0,0,0,70,2.42,False
2026-08-03 13:00:05,EPICUSDT,UPTREND,BUY,100,100,63.35,0,0,0,0,100,0.59,False
2026-08-03 13:00:05,FORMUSDT,DOWNTREND,SELL,5,5,28.57,0,0,0,0,70,0.41,False
2026-08-03 13:00:05,NILUSDT,DOWNTREND,SELL,0,0,40.82,0,0,0,0,90,0.24,False
2026-08-03 13:00:05,MUBARAKUSDT,DOWNTREND,SELL,0,0,36.11,0,0,0,0,75,0.0,False
2026-08-03 13:00:05,TUTUSDT,SIDEWAYS,SELL,0,0,49.02,0,0,0,0,90,0.23,False
2026-08-03 13:00:05,BROCCOLI714USDT,DOWNTREND,SELL,15,15,26.32,0,0,0,0,90,0.67,False
2026-08-03 13:00:05,GUNUSDT,UPTREND,WAIT,55,55,100,0,0,0,0,100,4.58,False
2026-08-03 13:00:05,BABYUSDT,DOWNTREND,SELL,20,20,44.44,0,0,0,0,75,0.07,False
2026-08-03 13:00:05,ONDOUSDT,UPTREND,BUY,95,95,74.07,0,0,0,0,100,11.17,False
2026-08-03 13:00:05,VIRTUALUSDT,UPTREND,BUY,100,100,66.67,0,0,0,0,90,2.93,False
2026-08-03 13:00:05,HYPERUSDT,DOWNTREND,SELL,25,25,42.86,0,0,0,0,90,1.28,False
2026-08-03 13:00:05,SIGNUSDT,UPTREND,WAIT,55,55,77.78,0,0,0,0,80,2.42,False
2026-08-03 13:00:05,USD1USDT,SIDEWAYS,SELL,25,25,50.0,0,0,0,0,90,0.12,False
2026-08-03 13:00:05,HOMEUSDT,UPTREND,WAIT,75,75,68.97,0,0,0,0,100,3.15,False
2026-08-03 13:00:05,SAHARAUSDT,DOWNTREND,SELL,0,0,37.5,0,0,0,0,90,0.26,False
2026-08-03 13:00:05,ERAUSDT,UPTREND,SELL,25,25,55.56,0,0,0,0,75,0.0,False
2026-08-03 13:00:05,CUSDT,DOWNTREND,SELL,20,20,43.24,0,0,0,0,100,1.07,False
2026-08-03 13:00:05,MITOUSDT,UPTREND,WAIT,85,85,66.67,0,0,0,0,70,35.18,False
2026-08-03 13:00:05,SOMIUSDT,SIDEWAYS,SELL,25,25,50.0,0,0,0,0,70,0.14,False
2026-08-03 13:00:05,OPENUSDT,UPTREND,BUY,75,75,73.53,0,0,0,0,90,1.13,False
2026-08-03 13:00:05,HOLOUSDT,DOWNTREND,WAIT,40,40,42.86,0,0,0,0,100,0.83,False
2026-08-03 13:00:05,PUMPUSDT,UPTREND,SELL,25,25,60.0,0,0,0,0,75,0.05,False
2026-08-03 13:00:05,HEMIUSDT,UPTREND,WAIT,30,30,80.0,0,0,0,0,70,0.55,False
2026-08-03 13:00:05,XPLUSDT,UPTREND,WAIT,70,70,60.0,0,0,0,0,100,0.31,False
2026-08-03 13:00:05,MIRAUSDT,DOWNTREND,SELL,25,25,44.44,0,0,0,0,75,0.01,False
2026-08-03 13:00:05,FFUSDT,DOWNTREND,SELL,0,0,31.03,0,0,0,0,90,0.24,False
2026-08-03 13:00:05,EDENUSDT,DOWNTREND,SELL,10,10,42.22,0,0,0,0,90,0.11,False
2026-08-03 13:00:05,MORPHOUSDT,SIDEWAYS,WAIT,35,35,50.0,0,0,0,0,100,0.29,False
2026-08-03 13:00:05,EULUSDT,SIDEWAYS,WAIT,70,70,41.07,0,0,0,0,100,0.54,False
2026-08-03 13:00:05,ENSOUSDT,SIDEWAYS,SELL,20,20,75.0,0,0,0,0,100,0.46,False
2026-08-03 13:00:05,GIGGLEUSDT,SIDEWAYS,WAIT,45,45,44.03,0,0,0,0,100,0.29,False
2026-08-03 13:00:05,KITEUSDT,SIDEWAYS,WAIT,55,55,37.5,0,0,0,0,100,0.76,False
2026-08-03 13:00:05,MMTUSDT,UPTREND,BUY,80,80,64.86,0,0,0,0,100,0.32,False
2026-08-03 13:00:05,ALLOUSDT,DOWNTREND,WAIT,30,30,26.62,0,0,0,0,100,0.36,False
2026-08-03 13:00:05,BANKUSDT,UPTREND,BUY,95,95,57.14,0,0,0,0,100,0.8,False
2026-08-03 13:00:05,币安人生USDT,DOWNTREND,SELL,25,25,34.97,0,0,0,0,75,0.07,False
2026-08-03 13:00:05,UUSDT,UPTREND,SELL,25,25,66.67,0,0,0,0,75,0.07,False
2026-08-03 13:00:05,SENTUSDT,UPTREND,WAIT,40,40,100,0,0,0,0,90,1.97,False
2026-08-03 13:00:05,ZAMAUSDT,UPTREND,SELL,25,25,78.65,0,0,0,0,90,0.2,False
2026-08-03 13:00:05,ESPUSDT,DOWNTREND,SELL,5,5,39.39,0,0,0,0,100,0.33,False
2026-08-03 13:00:05,MANTRAUSDT,SIDEWAYS,SELL,25,25,54.55,0,0,0,0,75,0.05,False
2026-08-03 13:00:05,NIGHTUSDT,DOWNTREND,SELL,0,0,42.86,0,0,0,0,90,0.23,False
2026-08-03 13:00:05,XAUTUSDT,SIDEWAYS,WAIT,70,70,63.68,0,0,0,0,100,1.1,False
2026-08-03 13:00:05,MUBUSDT,DOWNTREND,SELL,25,25,32.87,0,0,0,0,90,0.13,False
2026-08-03 13:00:05,CRCLBUSDT,DOWNTREND,SELL,5,5,43.4,0,0,0,0,90,0.18,False
2026-08-03 13:00:05,NVDABUSDT,SIDEWAYS,BUY,90,90,35.92,0,0,0,0,90,2.25,False
2026-08-03 13:00:05,SNDKBUSDT,SIDEWAYS,SELL,25,25,41.09,0,0,0,0,75,0.04,False
2026-08-03 13:00:05,SPCXBUSDT,SIDEWAYS,WAIT,60,60,36.59,0,0,0,0,100,0.32,False
2026-08-03 13:00:05,REUSDT,UPTREND,WAIT,65,65,63.64,0,0,0,0,90,0.23,False
2026-08-03 13:00:05,INTCBUSDT,SIDEWAYS,BUY,100,100,37.88,0,0,0,0,90,1.69,False
2026-08-03 13:00:05,GRAMUSDT,DOWNTREND,SELL,15,15,36.36,0,0,0,0,100,0.52,False
2026-08-03 13:00:05,DRAMBUSDT,DOWNTREND,WAIT,30,30,27.87,0,0,0,0,90,0.37,False
2026-08-03 13:00:05,NBISBUSDT,DOWNTREND,SELL,25,25,40.62,0,0,0,0,75,0.02,False
2026-08-03 13:00:05,SOXLBUSDT,DOWNTREND,WAIT,40,40,30.74,0,0,0,0,100,0.59,False
2026-08-03 13:00:05,SKHYBUSDT,DOWNTREND,SELL,25,25,44.95,0,0,0,0,75,0.02,False
2026-08-03 13:00:41,BTCUSDT,SIDEWAYS,WAIT,45,35.92
2026-08-03 13:01:35,BTCUSDT,SIDEWAYS,WAIT,40,40,45.46,0,0,0,0,100,0.44,False
2026-08-03 13:01:35,ETHUSDT,UPTREND,BUY,100,100,55.37,0,0,0,0,100,0.75,False
2026-08-03 13:01:35,BNBUSDT,DOWNTREND,SELL,25,25,34.21,0,0,0,0,90,0.1,False
2026-08-03 13:01:35,LTCUSDT,SIDEWAYS,SELL,25,25,50.0,0,0,0,0,75,0.04,False
2026-08-03 13:01:35,ADAUSDT,SIDEWAYS,WAIT,50,50,52.17,0,0,0,0,100,0.45,False
2026-08-03 13:01:35,XRPUSDT,UPTREND,BUY,80,80,58.33,0,0,0,0,100,0.36,False
2026-08-03 13:01:35,TRXUSDT,SIDEWAYS,SELL,25,25,42.86,0,0,0,0,75,0.01,False
2026-08-03 13:01:35,USDCUSDT,UPTREND,SELL,25,25,71.43,0,0,0,0,75,0.01,False
2026-08-03 13:01:35,LINKUSDT,SIDEWAYS,SELL,25,25,50.0,0,0,0,0,75,0.07,False
2026-08-03 13:01:35,ZECUSDT,UPTREND,SELL,25,25,60.25,0,0,0,0,75,0.01,False
2026-08-03 13:01:35,CELRUSDT,UPTREND,SELL,25,25,78.95,0,0,0,0,90,0.1,False
2026-08-03 13:01:35,DASHUSDT,UPTREND,BUY,85,85,72.73,0,0,0,0,90,0.53,False
2026-08-03 13:01:35,ENJUSDT,UPTREND,WAIT,35,35,81.55,0,0,0,0,70,0.92,False
2026-08-03 13:01:35,ATOMUSDT,DOWNTREND,WAIT,60,60,44.44,0,0,0,0,90,8.36,False
2026-08-03 13:01:35,DOGEUSDT,UPTREND,SELL,25,25,56.25,0,0,0,0,90,0.13,False
2026-08-03 13:01:35,CHZUSDT,DOWNTREND,SELL,0,0,28.57,0,0,0,0,70,0.36,False
2026-08-03 13:01:35,HBARUSDT,DOWNTREND,SELL,0,0,26.92,0,0,0,0,80,0.17,False
2026-08-03 13:01:35,BCHUSDT,SIDEWAYS,BUY,100,100,50.0,0,0,0,0,90,13.63,False
2026-08-03 13:01:35,EURUSDT,UPTREND,SELL,25,25,69.23,0,0,0,0,90,0.11,False
2026-08-03 13:01:35,MBLUSDT,UPTREND,SELL,25,25,60.0,0,0,0,0,90,0.11,False
2026-08-03 13:01:35,COTIUSDT,SIDEWAYS,SELL,5,5,51.35,0,0,0,0,75,0.04,False
2026-08-03 13:01:35,SOLUSDT,DOWNTREND,WAIT,30,30,42.86,0,0,0,0,100,0.61,False
2026-08-03 13:01:35,JSTUSDT,UPTREND,SELL,5,5,100,0,0,0,0,75,0.01,False
2026-08-03 13:01:35,DOTUSDT,UPTREND,SELL,25,25,62.5,0,0,0,0,75,0.01,False
2026-08-03 13:01:35,PAXGUSDT,UPTREND,BUY,100,100,61.25,0,0,0,0,80,0.51,False
2026-08-03 13:01:35,DIAUSDT,DOWNTREND,SELL,0,0,40.62,0,0,0,0,90,0.17,False
2026-08-03 13:01:35,AVAXUSDT,SIDEWAYS,SELL,25,25,52.94,0,0,0,0,75,0.01,False
2026-08-03 13:01:35,AAVEUSDT,SIDEWAYS,SELL,25,25,38.71,0,0,0,0,75,0.1,False
2026-08-03 13:01:35,NEARUSDT,DOWNTREND,SELL,10,10,36.36,0,0,0,0,75,0.05,False
2026-08-03 13:01:35,FILUSDT,UPTREND,WAIT,55,55,65.79,0,0,0,0,90,0.2,False
2026-08-03 13:01:35,GRTUSDT,UPTREND,SELL,5,5,100,0,0,0,0,100,0.26,False
2026-08-03 13:01:35,RIFUSDT,UPTREND,WAIT,65,65,61.11,0,0,0,0,90,0.2,False
2026-08-03 13:01:35,CAKEUSDT,SIDEWAYS,SELL,10,10,50.0,0,0,0,0,70,0.59,False
2026-08-03 13:01:35,TLMUSDT,DOWNTREND,SELL,10,10,25.0,0,0,0,0,75,0.06,False
2026-08-03 13:01:35,LPTUSDT,DOWNTREND,WAIT,45,45,30.43,0,0,0,0,90,0.95,False
2026-08-03 13:01:35,GTCUSDT,UPTREND,BUY,80,80,69.9,0,0,0,0,90,0.64,False
2026-08-03 13:01:35,DEXEUSDT,DOWNTREND,WAIT,40,40,29.82,0,0,0,0,100,0.52,False
2026-08-03 13:01:35,WAXPUSDT,UPTREND,WAIT,70,70,72.73,0,0,0,0,100,1.25,False
2026-08-03 13:01:35,PYRUSDT,UPTREND,WAIT,65,65,85.71,0,0,0,0,100,4.52,False
2026-08-03 13:01:35,BICOUSDT,DOWNTREND,SELL,15,15,43.11,0,0,0,0,100,0.54,False
2026-08-03 13:01:35,PEOPLEUSDT,SIDEWAYS,WAIT,40,40,50.0,0,0,0,0,90,0.31,False
2026-08-03 13:01:35,JOEUSDT,UPTREND,SELL,25,25,100,0,0,0,0,70,0.14,False
2026-08-03 13:01:35,SCRTUSDT,DOWNTREND,WAIT,30,30,40.0,0,0,0,0,90,7.2,False
2026-08-03 13:01:35,BTTCUSDT,UPTREND,SELL,15,15,100,0,0,0,0,80,1.5,False
2026-08-03 13:01:35,NEXOUSDT,SIDEWAYS,WAIT,55,55,40.0,0,0,0,0,90,0.79,False
2026-08-03 13:01:35,OPUSDT,SIDEWAYS,SELL,25,25,50.0,0,0,0,0,90,0.26,False
2026-08-03 13:01:35,LUNCUSDT,DOWNTREND,SELL,0,0,44.19,0,0,0,0,100,0.29,False
2026-08-03 13:01:35,GMXUSDT,UPTREND,BUY,80,80,60.0,0,0,0,0,90,0.21,False
2026-08-03 13:01:35,APTUSDT,UPTREND,BUY,90,90,66.67,0,0,0,0,70,2.25,False
2026-08-03 13:01:35,HFTUSDT,UPTREND,WAIT,85,85,72.73,0,0,0,0,100,8.84,False
2026-08-03 13:01:35,SYNUSDT,UPTREND,WAIT,35,35,65.12,0,0,0,0,100,0.29,False
2026-08-03 13:01:35,SUIUSDT,UPTREND,SELL,25,25,68.42,0,0,0,0,75,0.01,False
2026-08-03 13:01:35,WLDUSDT,SIDEWAYS,WAIT,55,55,50.0,0,0,0,0,90,0.15,False
2026-08-03 13:01:35,TIAUSDT,UPTREND,SELL,25,25,62.5,0,0,0,0,75,0.02,False
2026-08-03 13:01:35,ORDIUSDT,SIDEWAYS,WAIT,35,35,47.37,0,0,0,0,100,0.4,False
2026-08-03 13:01:35,PIVXUSDT,UPTREND,SELL,15,15,90.91,0,0,0,0,100,0.26,False
2026-08-03 13:01:35,VICUSDT,UPTREND,WAIT,65,65,94.87,0,0,0,0,100,5.22,False
2026-08-03 13:01:35,VANRYUSDT,UPTREND,WAIT,80,80,69.57,0,0,0,0,100,1.96,False
2026-08-03 13:01:35,ACEUSDT,DOWNTREND,WAIT,35,35,23.08,0,0,0,0,100,3.47,False
2026-08-03 13:01:35,AIUSDT,DOWNTREND,SELL,0,0,33.33,0,0,0,0,70,0.22,False
2026-08-03 13:01:35,PORTALUSDT,DOWNTREND,SELL,25,25,37.5,0,0,0,0,90,2.99,False
2026-08-03 13:01:35,AEVOUSDT,UPTREND,WAIT,100,100,63.64,0,0,0,0,90,4.29,False
2026-08-03 13:01:35,BOMEUSDT,UPTREND,WAIT,80,80,59.65,0,0,0,0,100,0.63,False
2026-08-03 13:01:35,ETHFIUSDT,DOWNTREND,WAIT,35,35,38.1,0,0,0,0,100,2.89,False
2026-08-03 13:01:35,ENAUSDT,UPTREND,SELL,25,25,66.67,0,0,0,0,75,0.0,False
2026-08-03 13:01:35,SAGAUSDT,UPTREND,WAIT,85,85,64.29,0,0,0,0,100,1.1,False
2026-08-03 13:01:35,TAOUSDT,DOWNTREND,SELL,25,25,36.36,0,0,0,0,90,0.1,False
2026-08-03 13:01:35,BBUSDT,UPTREND,WAIT,55,55,71.43,0,0,0,0,80,0.62,False
2026-08-03 13:01:35,POLUSDT,SIDEWAYS,SELL,20,20,44.64,0,0,0,0,90,0.23,False
2026-08-03 13:01:35,NEIROUSDT,DOWNTREND,SELL,0,0,38.67,0,0,0,0,100,0.27,False
2026-08-03 13:01:35,ACXUSDT,DOWNTREND,SELL,0,0,30.0,0,0,0,0,90,0.25,False
2026-08-03 13:01:35,MOVEUSDT,SIDEWAYS,SELL,0,0,100,0,0,0,0,75,0.03,False
2026-08-03 13:01:35,MEUSDT,UPTREND,WAIT,60,60,64.0,0,0,0,0,70,0.3,False
2026-08-03 13:01:35,PENGUUSDT,SIDEWAYS,SELL,25,25,45.45,0,0,0,0,90,0.14,False
2026-08-03 13:01:35,BIOUSDT,UPTREND,WAIT,95,95,65.0,0,0,0,0,70,38.33,False
2026-08-03 13:01:35,SUSDT,DOWNTREND,SELL,0,0,42.55,0,0,0,0,100,0.27,False
2026-08-03 13:01:35,TRUMPUSDT,UPTREND,WAIT,65,65,55.56,0,0,0,0,100,0.29,False
2026-08-03 13:01:35,1000CHEEMSUSDT,DOWNTREND,SELL,20,20,33.33,0,0,0,0,90,0.12,False
2026-08-03 13:01:35,KAITOUSDT,UPTREND,BUY,95,95,65.91,0,0,0,0,100,0.5,False
2026-08-03 13:01:35,GPSUSDT,DOWNTREND,WAIT,30,30,33.33,0,0,0,0,70,0.82,False
2026-08-03 13:01:35,EPICUSDT,UPTREND,WAIT,60,60,73.39,0,0,0,0,100,0.28,False
2026-08-03 13:01:35,NILUSDT,DOWNTREND,WAIT,40,40,25.0,0,0,0,0,100,5.52,False
2026-08-03 13:01:35,TUTUSDT,DOWNTREND,SELL,15,15,32.5,0,0,0,0,100,0.71,False
2026-08-03 13:01:35,BROCCOLI714USDT,DOWNTREND,WAIT,40,40,27.78,0,0,0,0,90,3.2,False
2026-08-03 13:01:35,GUNUSDT,SIDEWAYS,SELL,0,0,100,0,0,0,0,75,0.03,False
2026-08-03 13:01:35,BABYUSDT,DOWNTREND,SELL,20,20,44.44,0,0,0,0,75,0.03,False
2026-08-03 13:01:35,ONDOUSDT,UPTREND,SELL,25,25,77.78,0,0,0,0,75,0.02,False
2026-08-03 13:01:35,VIRTUALUSDT,SIDEWAYS,WAIT,50,50,53.12,0,0,0,0,90,0.41,False
2026-08-03 13:01:35,HYPERUSDT,SIDEWAYS,WAIT,30,30,50.0,0,0,0,0,90,0.32,False
2026-08-03 13:01:35,SIGNUSDT,UPTREND,WAIT,45,45,77.78,0,0,0,0,100,1.1,False
2026-08-03 13:01:35,USD1USDT,DOWNTREND,SELL,10,10,42.86,0,0,0,0,90,0.11,False
2026-08-03 13:01:35,HOMEUSDT,SIDEWAYS,WAIT,30,30,48.0,0,0,0,0,100,0.31,False
2026-08-03 13:01:35,CUSDT,DOWNTREND,SELL,0,0,38.24,0,0,0,0,90,0.24,False
2026-08-03 13:01:35,SOMIUSDT,UPTREND,SELL,25,25,68.75,0,0,0,0,70,0.12,False
2026-08-03 13:01:35,PUMPUSDT,UPTREND,SELL,25,25,61.54,0,0,0,0,90,0.14,False
2026-08-03 13:01:35,XPLUSDT,UPTREND,WAIT,100,100,58.93,0,0,0,0,100,6.09,False
2026-08-03 13:01:35,FFUSDT,DOWNTREND,SELL,0,0,13.33,0,0,0,0,75,0.07,False
2026-08-03 13:01:35,EDENUSDT,SIDEWAYS,SELL,25,25,50.0,0,0,0,0,75,0.01,False
2026-08-03 13:01:35,EULUSDT,SIDEWAYS,WAIT,65,65,48.98,0,0,0,0,100,0.54,False
2026-08-03 13:01:35,ENSOUSDT,SIDEWAYS,SELL,25,25,63.64,0,0,0,0,90,0.22,False
2026-08-03 13:01:35,GIGGLEUSDT,DOWNTREND,SELL,5,5,40.97,0,0,0,0,90,0.17,False
2026-08-03 13:01:35,KITEUSDT,SIDEWAYS,WAIT,65,65,50.0,0,0,0,0,100,0.97,False
2026-08-03 13:01:35,MMTUSDT,UPTREND,BUY,100,100,61.29,0,0,0,0,100,1.47,False
2026-08-03 13:01:35,ALLOUSDT,DOWNTREND,SELL,15,15,24.83,0,0,0,0,100,0.42,False
2026-08-03 13:01:35,BANKUSDT,SIDEWAYS,WAIT,50,50,42.86,0,0,0,0,100,0.26,False
2026-08-03 13:01:35,币安人生USDT,DOWNTREND,SELL,25,25,30.47,0,0,0,0,75,0.09,False
2026-08-03 13:01:35,UUSDT,SIDEWAYS,WAIT,75,75,50.0,0,0,0,0,100,1.08,False
2026-08-03 13:01:35,SENTUSDT,UPTREND,WAIT,45,45,78.57,0,0,0,0,90,0.9,False
2026-08-03 13:01:35,ZAMAUSDT,UPTREND,BUY,100,100,68.37,0,0,0,0,100,3.89,False
2026-08-03 13:01:35,ESPUSDT,DOWNTREND,SELL,15,15,36.36,0,0,0,0,100,0.58,False
2026-08-03 13:01:35,MANTRAUSDT,UPTREND,WAIT,80,80,58.33,0,0,0,0,100,0.52,False
2026-08-03 13:01:35,NIGHTUSDT,DOWNTREND,SELL,10,10,37.5,0,0,0,0,90,0.11,False
2026-08-03 13:01:35,XAUTUSDT,UPTREND,BUY,100,100,59.02,0,0,0,0,100,1.62,False
2026-08-03 13:01:35,GENIUSUSDT,UPTREND,WAIT,55,55,92.16,0,0,0,0,70,71.17,False
2026-08-03 13:01:35,MUBUSDT,DOWNTREND,WAIT,35,35,41.84,0,0,0,0,100,1.14,False
2026-08-03 13:01:35,CRCLBUSDT,SIDEWAYS,SELL,0,0,46.67,0,0,0,0,100,0.25,False
2026-08-03 13:01:35,SNDKBUSDT,DOWNTREND,WAIT,30,30,39.18,0,0,0,0,100,0.55,False
2026-08-03 13:01:35,SPCXBUSDT,DOWNTREND,WAIT,40,40,41.46,0,0,0,0,100,1.22,False
2026-08-03 13:01:35,REUSDT,SIDEWAYS,BUY,85,85,54.9,0,0,0,0,100,1.19,False
2026-08-03 13:01:35,INTCBUSDT,SIDEWAYS,WAIT,70,70,35.71,0,0,0,0,90,0.54,False
2026-08-03 13:01:35,GRAMUSDT,SIDEWAYS,SELL,0,0,46.15,0,0,0,0,90,0.22,False
2026-08-03 13:01:35,DRAMBUSDT,DOWNTREND,SELL,25,25,30.36,0,0,0,0,80,0.11,False
2026-08-03 13:01:35,NBISBUSDT,DOWNTREND,SELL,25,25,40.05,0,0,0,0,75,0.04,False
2026-08-03 13:01:35,SOXLBUSDT,DOWNTREND,WAIT,60,60,34.44,0,0,0,0,100,2.95,False
2026-08-03 13:01:35,SKHYBUSDT,SIDEWAYS,SELL,25,25,46.07,0,0,0,0,90,0.14,False
2026-08-03 13:01:35,AXTIBUSDT,SIDEWAYS,WAIT,70,70,35.2,0,0,0,0,90,0.5,False
2026-08-03 13:01:35,KORUBUSDT,DOWNTREND,WAIT,35,35,40.3,0,0,0,0,90,1.08,False
2026-08-03 13:01:35,MUUBUSDT,DOWNTREND,SELL,0,0,39.51,0,0,0,0,80,0.19,False
2026-08-03 13:01:35,MVLLBUSDT,DOWNTREND,SELL,25,25,22.5,0,0,0,0,70,1.65,False
2026-08-03 13:01:35,SNXXBUSDT,DOWNTREND,WAIT,35,35,41.67,0,0,0,0,100,1.09,False
2026-08-03 13:02:03,BTCUSDT,SIDEWAYS,WAIT,50,46.13
2026-08-03 13:02:57,BTCUSDT,SIDEWAYS,WAIT,55,55,45.72,0,0,0,0,100,0.89,False
2026-08-03 13:02:57,ETHUSDT,UPTREND,BUY,100,100,60.68,0,0,0,0,100,0.55,False
2026-08-03 13:02:57,BNBUSDT,DOWNTREND,SELL,20,20,36.96,0,0,0,0,100,0.35,False
2026-08-03 13:02:57,LTCUSDT,SIDEWAYS,BUY,85,85,50.0,0,0,0,0,100,1.59,False
2026-08-03 13:02:57,ADAUSDT,UPTREND,BUY,80,80,56.0,0,0,0,0,100,1.69,False
2026-08-03 13:02:57,XRPUSDT,UPTREND,BUY,80,80,58.33,0,0,0,0,100,0.37,False
2026-08-03 13:02:57,XLMUSDT,SIDEWAYS,SELL,25,25,50.0,0,0,0,0,75,0.04,False
2026-08-03 13:02:57,TRXUSDT,SIDEWAYS,SELL,20,20,60.0,0,0,0,0,100,0.52,False
2026-08-03 13:02:57,USDCUSDT,UPTREND,WAIT,60,60,66.67,0,0,0,0,100,0.37,False
2026-08-03 13:02:57,LINKUSDT,SIDEWAYS,BUY,90,90,44.44,0,0,0,0,100,2.19,False
2026-08-03 13:02:57,FETUSDT,DOWNTREND,SELL,10,10,33.33,0,0,0,0,75,0.04,False
2026-08-03 13:02:57,ZECUSDT,SIDEWAYS,WAIT,50,50,50.6,0,0,0,0,90,0.15,False
2026-08-03 13:02:57,CELRUSDT,UPTREND,WAIT,50,50,71.43,0,0,0,0,100,0.43,False
2026-08-03 13:02:57,DASHUSDT,UPTREND,BUY,100,100,75.0,0,0,0,0,90,4.28,False
2026-08-03 13:02:57,ENJUSDT,UPTREND,BUY,85,85,56.25,0,0,0,0,70,4.44,False
2026-08-03 13:02:57,ATOMUSDT,SIDEWAYS,SELL,10,10,50.0,0,0,0,0,80,0.23,False
2026-08-03 13:02:57,ALGOUSDT,DOWNTREND,SELL,20,20,36.36,0,0,0,0,100,1.09,False
2026-08-03 13:02:57,DOGEUSDT,UPTREND,WAIT,90,90,64.71,0,0,0,0,100,1.96,False
2026-08-03 13:02:57,WINUSDT,SIDEWAYS,SELL,0,0,47.83,0,0,0,0,90,0.3,False
2026-08-03 13:02:57,CHZUSDT,DOWNTREND,SELL,25,25,44.44,0,0,0,0,70,1.65,False
2026-08-03 13:02:57,HBARUSDT,DOWNTREND,SELL,20,20,26.92,0,0,0,0,90,1.0,False
2026-08-03 13:02:57,EURUSDT,UPTREND,WAIT,55,55,66.67,0,0,0,0,90,0.21,False
2026-08-03 13:02:57,MBLUSDT,UPTREND,WAIT,80,80,55.56,0,0,0,0,100,0.66,False
2026-08-03 13:02:57,COTIUSDT,DOWNTREND,SELL,5,5,35.42,0,0,0,0,100,0.66,False
2026-08-03 13:02:57,SOLUSDT,SIDEWAYS,SELL,0,0,47.06,0,0,0,0,90,0.24,False
2026-08-03 13:02:57,ZENUSDT,DOWNTREND,WAIT,40,40,31.82,0,0,0,0,90,0.62,False
2026-08-03 13:02:57,JSTUSDT,DOWNTREND,SELL,25,25,6.25,0,0,0,0,100,4.18,False
2026-08-03 13:02:57,SANDUSDT,UPTREND,SELL,25,25,70.0,0,0,0,0,80,0.1,False
2026-08-03 13:02:57,DOTUSDT,UPTREND,WAIT,45,45,71.43,0,0,0,0,90,0.19,False
2026-08-03 13:02:57,PAXGUSDT,DOWNTREND,SELL,20,20,43.68,0,0,0,0,80,0.27,False
2026-08-03 13:02:57,KSMUSDT,SIDEWAYS,WAIT,60,60,33.33,0,0,0,0,70,0.47,False
2026-08-03 13:02:57,DIAUSDT,DOWNTREND,SELL,5,5,40.62,0,0,0,0,100,0.36,False
2026-08-03 13:02:57,UNIUSDT,UPTREND,BUY,100,100,55.56,0,0,0,0,100,0.56,False
2026-08-03 13:02:57,AVAXUSDT,SIDEWAYS,BUY,75,75,50.0,0,0,0,0,100,0.6,False
2026-08-03 13:02:57,XVSUSDT,SIDEWAYS,BUY,100,100,50.0,0,0,0,0,80,1.27,False
2026-08-03 13:02:57,AAVEUSDT,SIDEWAYS,SELL,25,25,34.29,0,0,0,0,90,0.13,False
2026-08-03 13:02:57,NEARUSDT,DOWNTREND,SELL,15,15,30.0,0,0,0,0,100,0.3,False
2026-08-03 13:02:57,FILUSDT,UPTREND,BUY,80,80,70.59,0,0,0,0,100,1.37,False
2026-08-03 13:02:57,SKLUSDT,DOWNTREND,SELL,25,25,33.33,0,0,0,0,70,0.51,False
2026-08-03 13:02:57,GRTUSDT,UPTREND,WAIT,55,55,100,0,0,0,0,100,5.38,False
2026-08-03 13:02:57,JUVUSDT,SIDEWAYS,WAIT,40,40,50.0,0,0,0,0,70,0.34,False
2026-08-03 13:02:57,RIFUSDT,UPTREND,BUY,100,100,68.18,0,0,0,0,100,3.17,False
2026-08-03 13:02:57,CAKEUSDT,DOWNTREND,SELL,25,25,0.0,0,0,0,0,70,6.1,False
2026-08-03 13:02:57,TLMUSDT,DOWNTREND,SELL,10,10,25.0,0,0,0,0,75,0.06,False
2026-08-03 13:02:57,SHIBUSDT,DOWNTREND,SELL,25,25,42.86,0,0,0,0,90,0.1,False
2026-08-03 13:02:57,ARUSDT,UPTREND,BUY,95,95,69.23,0,0,0,0,70,4.64,False
2026-08-03 13:02:57,LPTUSDT,DOWNTREND,WAIT,30,30,40.91,0,0,0,0,90,0.61,False
2026-08-03 13:02:57,GTCUSDT,SIDEWAYS,BUY,95,95,48.84,0,0,0,0,90,9.18,False
2026-08-03 13:02:57,DEXEUSDT,DOWNTREND,SELL,25,25,24.14,0,0,0,0,100,0.72,False
2026-08-03 13:02:57,FLOWUSDT,SIDEWAYS,SELL,25,25,36.36,0,0,0,0,80,0.11,False
2026-08-03 13:02:57,WAXPUSDT,UPTREND,WAIT,70,70,57.14,0,0,0,0,100,0.44,False
2026-08-03 13:02:57,LAZIOUSDT,SIDEWAYS,SELL,20,20,53.85,0,0,0,0,70,1.46,False
2026-08-03 13:02:57,ADXUSDT,UPTREND,WAIT,75,75,57.14,0,0,0,0,70,1.17,False
2026-08-03 13:02:57,QIUSDT,UPTREND,WAIT,60,60,66.67,0,0,0,0,70,0.79,False
2026-08-03 13:02:57,PORTOUSDT,UPTREND,BUY,95,95,60.0,0,0,0,0,80,1.29,False
2026-08-03 13:02:57,PYRUSDT,UPTREND,BUY,100,100,62.5,0,0,0,0,100,5.42,False
2026-08-03 13:02:57,BICOUSDT,DOWNTREND,WAIT,35,35,39.07,0,0,0,0,100,0.5,False
2026-08-03 13:02:57,PEOPLEUSDT,DOWNTREND,SELL,0,0,40.0,0,0,0,0,80,0.16,False
2026-08-03 13:02:57,SCRTUSDT,DOWNTREND,SELL,0,0,40.0,0,0,0,0,80,0.19,False
2026-08-03 13:02:57,BTTCUSDT,SIDEWAYS,SELL,15,15,50.0,0,0,0,0,80,1.78,False
2026-08-03 13:02:57,TUSDT,DOWNTREND,SELL,5,5,33.33,0,0,0,0,70,0.53,False
2026-08-03 13:02:57,GMTUSDT,UPTREND,WAIT,30,30,100,0,0,0,0,90,0.65,False
2026-08-03 13:02:57,NEXOUSDT,SIDEWAYS,WAIT,35,35,33.33,0,0,0,0,80,0.18,False
2026-08-03 13:02:57,LDOUSDT,SIDEWAYS,WAIT,40,40,20.0,0,0,0,0,90,0.5,False
2026-08-03 13:02:57,OPUSDT,SIDEWAYS,SELL,25,25,40.0,0,0,0,0,80,0.14,False
2026-08-03 13:02:57,LUNCUSDT,SIDEWAYS,SELL,25,25,54.55,0,0,0,0,75,0.08,False
2026-08-03 13:02:57,GMXUSDT,UPTREND,BUY,100,100,66.67,0,0,0,0,100,1.31,False
2026-08-03 13:02:57,HFTUSDT,UPTREND,WAIT,65,65,79.84,0,0,0,0,100,3.16,False
2026-08-03 13:02:57,SYNUSDT,UPTREND,BUY,90,90,71.68,0,0,0,0,100,2.69,False
2026-08-03 13:02:57,ARBUSDT,SIDEWAYS,BUY,75,75,44.44,0,0,0,0,90,2.48,False
2026-08-03 13:02:57,EDUUSDT,UPTREND,SELL,25,25,66.67,0,0,0,0,75,0.02,False
2026-08-03 13:02:57,SUIUSDT,UPTREND,SELL,15,15,82.35,0,0,0,0,100,0.28,False
2026-08-03 13:02:57,PEPEUSDT,SIDEWAYS,WAIT,70,70,50.0,0,0,0,0,100,2.81,False
2026-08-03 13:02:57,PENDLEUSDT,UPTREND,WAIT,30,30,66.67,0,0,0,0,80,0.16,False
2026-08-03 13:02:57,WLDUSDT,SIDEWAYS,WAIT,55,55,53.33,0,0,0,0,90,0.21,False
2026-08-03 13:02:57,FDUSDUSDT,SIDEWAYS,SELL,15,15,50.0,0,0,0,0,90,0.81,False
2026-08-03 13:02:57,TIAUSDT,UPTREND,BUY,95,95,75.0,0,0,0,0,100,10.71,False
2026-08-03 13:02:57,ORDIUSDT,DOWNTREND,SELL,20,20,35.0,0,0,0,0,100,0.39,False
2026-08-03 13:02:57,PIVXUSDT,UPTREND,WAIT,65,65,87.1,0,0,0,0,100,10.88,False
2026-08-03 13:02:57,VICUSDT,UPTREND,WAIT,65,65,96.15,0,0,0,0,100,14.6,False
2026-08-03 13:02:57,VANRYUSDT,UPTREND,WAIT,60,60,77.24,0,0,0,0,100,2.32,False
2026-08-03 13:02:57,1000SATSUSDT,DOWNTREND,SELL,0,0,20.0,0,0,0,0,80,0.18,False
2026-08-03 13:02:57,ACEUSDT,DOWNTREND,WAIT,35,35,23.08,0,0,0,0,100,3.98,False
2026-08-03 13:02:57,AIUSDT,DOWNTREND,SELL,20,20,33.33,0,0,0,0,80,0.35,False
2026-08-03 13:02:57,PYTHUSDT,DOWNTREND,SELL,10,10,18.18,0,0,0,0,70,2.17,False
2026-08-03 13:02:57,STRKUSDT,SIDEWAYS,WAIT,55,55,50.0,0,0,0,0,100,3.32,False
2026-08-03 13:02:57,PORTALUSDT,DOWNTREND,SELL,5,5,41.18,0,0,0,0,90,0.71,False
2026-08-03 13:02:57,AEVOUSDT,UPTREND,WAIT,50,50,90.0,0,0,0,0,90,2.73,False
2026-08-03 13:02:57,BOMEUSDT,UPTREND,WAIT,55,55,58.73,0,0,0,0,90,0.19,False
2026-08-03 13:02:57,ETHFIUSDT,SIDEWAYS,SELL,15,15,50.0,0,0,0,0,75,0.0,False
2026-08-03 13:02:57,ENAUSDT,UPTREND,SELL,25,25,60.0,0,0,0,0,75,0.04,False
2026-08-03 13:02:57,SAGAUSDT,SIDEWAYS,WAIT,55,55,51.61,0,0,0,0,100,1.18,False
2026-08-03 13:02:57,TAOUSDT,DOWNTREND,WAIT,35,35,40.0,0,0,0,0,100,0.97,False
2026-08-03 13:02:57,BBUSDT,UPTREND,SELL,15,15,84.62,0,0,0,0,80,0.37,False
2026-08-03 13:02:57,BANANAUSDT,SIDEWAYS,SELL,15,15,51.72,0,0,0,0,70,0.4,False
2026-08-03 13:02:57,RENDERUSDT,SIDEWAYS,WAIT,60,60,50.0,0,0,0,0,70,0.43,False
2026-08-03 13:02:57,DOGSUSDT,SIDEWAYS,WAIT,45,45,52.94,0,0,0,0,90,0.28,False
2026-08-03 13:02:57,POLUSDT,SIDEWAYS,WAIT,50,50,49.15,0,0,0,0,100,1.36,False
2026-08-03 13:02:57,NEIROUSDT,DOWNTREND,SELL,20,20,26.25,0,0,0,0,100,0.94,False
2026-08-03 13:02:57,HMSTRUSDT,UPTREND,WAIT,50,50,68.75,0,0,0,0,90,0.51,False
2026-08-03 13:02:57,EIGENUSDT,UPTREND,WAIT,60,60,75.0,0,0,0,0,90,0.6,False
2026-08-03 13:02:57,SCRUSDT,UPTREND,WAIT,60,60,64.0,0,0,0,0,70,1.23,False
2026-08-03 13:02:57,PNUTUSDT,UPTREND,SELL,10,10,100,0,0,0,0,70,1.65,False
2026-08-03 13:02:57,ACXUSDT,DOWNTREND,SELL,20,20,35.48,0,0,0,0,100,1.03,False
2026-08-03 13:02:57,MOVEUSDT,SIDEWAYS,SELL,0,0,100,0,0,0,0,75,0.08,False
2026-08-03 13:02:57,MEUSDT,UPTREND,WAIT,70,70,66.67,0,0,0,0,70,1.6,False
2026-08-03 13:02:57,PENGUUSDT,SIDEWAYS,SELL,0,0,50.0,0,0,0,0,90,0.19,False
2026-08-03 13:02:57,BIOUSDT,UPTREND,WAIT,45,45,82.14,0,0,0,0,70,14.29,False
2026-08-03 13:02:57,SUSDT,DOWNTREND,SELL,15,15,40.0,0,0,0,0,100,0.3,False
2026-08-03 13:02:57,TRUMPUSDT,UPTREND,SELL,25,25,55.56,0,0,0,0,75,0.03,False
2026-08-03 13:02:57,BERAUSDT,UPTREND,WAIT,60,60,75.0,0,0,0,0,70,0.52,False
2026-08-03 13:02:57,1000CHEEMSUSDT,DOWNTREND,WAIT,35,35,33.33,0,0,0,0,100,2.85,False
2026-08-03 13:02:57,TSTUSDT,DOWNTREND,SELL,0,0,0.0,0,0,0,0,90,0.26,False
2026-08-03 13:02:57,HEIUSDT,SIDEWAYS,WAIT,50,50,46.15,0,0,0,0,90,2.4,False
2026-08-03 13:02:57,KAITOUSDT,UPTREND,BUY,75,75,64.44,0,0,0,0,100,0.44,False
2026-08-03 13:02:57,GPSUSDT,DOWNTREND,SELL,15,15,28.57,0,0,0,0,70,0.47,False
2026-08-03 13:02:57,EPICUSDT,UPTREND,BUY,75,75,75.38,0,0,0,0,100,1.65,False
2026-08-03 13:02:57,FORMUSDT,DOWNTREND,WAIT,35,35,26.09,0,0,0,0,70,2.23,False
2026-08-03 13:02:57,NILUSDT,DOWNTREND,SELL,0,0,19.67,0,0,0,0,100,0.75,False
2026-08-03 13:02:57,MUBARAKUSDT,DOWNTREND,SELL,20,20,13.79,0,0,0,0,100,2.11,False
2026-08-03 13:02:57,TUTUSDT,DOWNTREND,SELL,0,0,21.95,0,0,0,0,100,0.37,False
2026-08-03 13:02:57,BROCCOLI714USDT,DOWNTREND,SELL,25,25,27.78,0,0,0,0,90,1.5,False
2026-08-03 13:02:57,GUNUSDT,UPTREND,SELL,25,25,100,0,0,0,0,75,0.08,False
2026-08-03 13:02:57,BABYUSDT,SIDEWAYS,WAIT,40,40,50.0,0,0,0,0,100,1.49,False
2026-08-03 13:02:57,ONDOUSDT,UPTREND,SELL,25,25,76.67,0,0,0,0,100,0.28,False
2026-08-03 13:02:57,VIRTUALUSDT,UPTREND,BUY,100,100,63.64,0,0,0,0,90,18.2,False
2026-08-03 13:02:57,HYPERUSDT,SIDEWAYS,WAIT,40,40,55.56,0,0,0,0,90,0.37,False
2026-08-03 13:02:57,USD1USDT,SIDEWAYS,WAIT,45,45,50.0,0,0,0,0,90,0.22,False
2026-08-03 13:02:57,HOMEUSDT,SIDEWAYS,WAIT,35,35,40.0,0,0,0,0,100,0.49,False
2026-08-03 13:02:57,SPKUSDT,SIDEWAYS,WAIT,60,60,51.19,0,0,0,0,90,0.3,False
2026-08-03 13:02:57,ERAUSDT,UPTREND,BUY,95,95,55.56,0,0,0,0,100,1.09,False
2026-08-03 13:02:57,CUSDT,DOWNTREND,SELL,20,20,40.54,0,0,0,0,100,1.09,False
2026-08-03 13:02:57,SOMIUSDT,UPTREND,BUY,95,95,62.5,0,0,0,0,80,1.52,False
2026-08-03 13:02:57,OPENUSDT,SIDEWAYS,WAIT,70,70,54.55,0,0,0,0,90,1.25,False
2026-08-03 13:02:57,HOLOUSDT,DOWNTREND,WAIT,30,30,25.0,0,0,0,0,100,1.17,False
2026-08-03 13:02:57,PUMPUSDT,SIDEWAYS,WAIT,60,60,53.85,0,0,0,0,100,0.47,False
2026-08-03 13:02:57,HEMIUSDT,UPTREND,WAIT,60,60,75.0,0,0,0,0,70,1.26,False
2026-08-03 13:02:57,XPLUSDT,UPTREND,WAIT,85,85,58.49,0,0,0,0,100,0.84,False
2026-08-03 13:02:57,MIRAUSDT,DOWNTREND,SELL,25,25,44.44,0,0,0,0,100,0.38,False
2026-08-03 13:02:57,FFUSDT,DOWNTREND,SELL,5,5,23.53,0,0,0,0,100,1.09,False
2026-08-03 13:02:57,EDENUSDT,DOWNTREND,WAIT,50,50,32.39,0,0,0,0,100,4.13,False
2026-08-03 13:02:57,MORPHOUSDT,SIDEWAYS,WAIT,60,60,37.5,0,0,0,0,100,1.04,False
2026-08-03 13:02:57,EULUSDT,UPTREND,BUY,90,90,58.33,0,0,0,0,100,0.82,False
2026-08-03 13:02:57,ENSOUSDT,SIDEWAYS,WAIT,40,40,63.64,0,0,0,0,100,0.46,False
2026-08-03 13:02:57,GIGGLEUSDT,DOWNTREND,WAIT,65,65,25.38,0,0,0,0,100,5.16,False
2026-08-03 13:02:57,KITEUSDT,SIDEWAYS,BUY,85,85,50.0,0,0,0,0,100,0.8,False
2026-08-03 13:02:57,MMTUSDT,UPTREND,WAIT,65,65,63.33,0,0,0,0,90,0.21,False
2026-08-03 13:02:57,ALLOUSDT,DOWNTREND,WAIT,30,30,21.39,0,0,0,0,100,1.1,False
2026-08-03 13:02:57,BANKUSDT,UPTREND,BUY,90,90,57.14,0,0,0,0,100,0.69,False
2026-08-03 13:02:57,币安人生USDT,DOWNTREND,SELL,25,25,33.88,0,0,0,0,75,0.08,False
2026-08-03 13:02:57,UUSDT,SIDEWAYS,WAIT,45,45,33.33,0,0,0,0,100,0.4,False
2026-08-03 13:02:57,SENTUSDT,UPTREND,WAIT,50,50,91.67,0,0,0,0,90,2.72,False
2026-08-03 13:02:57,ZAMAUSDT,UPTREND,WAIT,55,55,67.29,0,0,0,0,90,0.21,False
2026-08-03 13:02:57,ESPUSDT,DOWNTREND,SELL,0,0,29.77,0,0,0,0,90,0.17,False
2026-08-03 13:02:57,MANTRAUSDT,UPTREND,WAIT,65,65,76.92,0,0,0,0,100,17.11,False
2026-08-03 13:02:57,NIGHTUSDT,DOWNTREND,SELL,10,10,20.0,0,0,0,0,100,1.29,False
2026-08-03 13:02:57,XAUTUSDT,DOWNTREND,BUY,75,75,35.49,0,0,0,0,100,4.83,False
2026-08-03 13:02:57,GENIUSUSDT,UPTREND,WAIT,70,70,95.32,0,0,0,0,70,17.26,False
2026-08-03 13:02:57,MUBUSDT,DOWNTREND,SELL,25,25,36.72,0,0,0,0,75,0.06,False
2026-08-03 13:02:57,CRCLBUSDT,SIDEWAYS,WAIT,55,55,50.49,0,0,0,0,100,2.39,False
2026-08-03 13:02:57,SNDKBUSDT,DOWNTREND,WAIT,30,30,36.02,0,0,0,0,100,0.65,False
2026-08-03 13:02:57,SPCXBUSDT,DOWNTREND,WAIT,50,50,30.77,0,0,0,0,100,1.45,False
2026-08-03 13:02:57,REUSDT,UPTREND,BUY,90,90,61.11,0,0,0,0,100,0.53,False
2026-08-03 13:02:57,INTCBUSDT,DOWNTREND,WAIT,60,60,33.78,0,0,0,0,90,2.18,False
2026-08-03 13:02:57,MSTRBUSDT,SIDEWAYS,WAIT,60,60,41.67,0,0,0,0,70,0.6,False
2026-08-03 13:02:57,GRAMUSDT,SIDEWAYS,SELL,5,5,46.15,0,0,0,0,90,0.18,False
2026-08-03 13:02:57,GOOGLBUSDT,UPTREND,BUY,100,100,74.58,0,0,0,0,70,4.73,False
2026-08-03 13:02:57,NBISBUSDT,DOWNTREND,WAIT,40,40,30.08,0,0,0,0,100,0.62,False
2026-08-03 13:02:57,SOXLBUSDT,DOWNTREND,WAIT,45,45,29.33,0,0,0,0,100,0.83,False
2026-08-03 13:02:57,SKHYBUSDT,DOWNTREND,SELL,25,25,41.52,0,0,0,0,90,0.13,False
2026-08-03 13:02:57,AXTIBUSDT,DOWNTREND,WAIT,65,65,30.34,0,0,0,0,90,3.91,False
2026-08-03 13:02:57,MUUBUSDT,DOWNTREND,WAIT,40,40,36.36,0,0,0,0,90,1.74,False
2026-08-03 13:02:57,MVLLBUSDT,DOWNTREND,SELL,15,15,19.15,0,0,0,0,70,0.67,False
2026-08-03 13:02:57,SNXXBUSDT,DOWNTREND,SELL,5,5,36.59,0,0,0,0,100,0.27,False
2026-08-03 13:02:57,SOXSBUSDT,UPTREND,BUY,80,80,78.99,0,0,0,0,70,7.82,False
2026-08-03 13:03:24,BTCUSDT,SIDEWAYS,SELL,25,48.04
2026-08-03 13:04:19,BTCUSDT,SIDEWAYS,WAIT,50,50,45.03,0,0,0,0,100,0.73,False
2026-08-03 13:04:19,ETHUSDT,SIDEWAYS,BUY,75,75,53.95,0,0,0,0,100,0.59,False
2026-08-03 13:04:19,BNBUSDT,DOWNTREND,WAIT,50,50,34.58,0,0,0,0,100,1.26,False
2026-08-03 13:04:19,LTCUSDT,UPTREND,BUY,100,100,57.14,0,0,0,0,100,3.3,False
2026-08-03 13:04:19,ADAUSDT,SIDEWAYS,WAIT,70,70,54.17,0,0,0,0,100,1.27,False
2026-08-03 13:04:19,XRPUSDT,SIDEWAYS,WAIT,60,60,50.0,0,0,0,0,100,0.68,False
2026-08-03 13:04:19,XLMUSDT,DOWNTREND,SELL,25,25,37.5,0,0,0,0,100,1.26,False
2026-08-03 13:04:19,TRXUSDT,SIDEWAYS,WAIT,40,40,0.0,0,0,0,0,100,0.59,False
2026-08-03 13:04:19,USDCUSDT,SIDEWAYS,WAIT,70,70,50.0,0,0,0,0,100,0.67,False
2026-08-03 13:04:19,LINKUSDT,DOWNTREND,SELL,20,20,42.86,0,0,0,0,100,0.34,False
2026-08-03 13:04:19,FETUSDT,DOWNTREND,SELL,20,20,42.86,0,0,0,0,90,0.11,False
2026-08-03 13:04:19,ZECUSDT,SIDEWAYS,WAIT,50,50,51.06,0,0,0,0,90,0.19,False
2026-08-03 13:04:19,CELRUSDT,UPTREND,WAIT,50,50,75.0,0,0,0,0,100,0.42,False
2026-08-03 13:04:19,DASHUSDT,UPTREND,BUY,75,75,64.29,0,0,0,0,80,0.21,False
2026-08-03 13:04:19,ENJUSDT,UPTREND,BUY,85,85,58.47,0,0,0,0,70,3.68,False
2026-08-03 13:04:19,ATOMUSDT,SIDEWAYS,SELL,0,0,46.15,0,0,0,0,80,0.23,False
2026-08-03 13:04:19,ALGOUSDT,DOWNTREND,WAIT,30,30,30.0,0,0,0,0,100,0.86,False
2026-08-03 13:04:19,DOGEUSDT,SIDEWAYS,WAIT,85,85,55.0,0,0,0,0,100,5.26,False
2026-08-03 13:04:19,WINUSDT,UPTREND,WAIT,100,100,60.92,0,0,0,0,90,3.96,False
2026-08-03 13:04:19,CVCUSDT,UPTREND,WAIT,45,45,60.0,0,0,0,0,70,0.25,False
2026-08-03 13:04:19,CHZUSDT,SIDEWAYS,WAIT,85,85,50.0,0,0,0,0,70,3.06,False
2026-08-03 13:04:19,HBARUSDT,DOWNTREND,SELL,15,15,26.92,0,0,0,0,90,0.63,False
2026-08-03 13:04:19,BCHUSDT,UPTREND,BUY,75,75,60.0,0,0,0,0,80,0.15,False
2026-08-03 13:04:19,EURUSDT,UPTREND,SELL,25,25,66.67,0,0,0,0,75,0.08,False
2026-08-03 13:04:19,COTIUSDT,DOWNTREND,SELL,20,20,29.55,0,0,0,0,100,1.11,False
2026-08-03 13:04:19,SOLUSDT,DOWNTREND,WAIT,35,35,35.0,0,0,0,0,100,1.07,False
2026-08-03 13:04:19,ZENUSDT,DOWNTREND,SELL,25,25,44.44,0,0,0,0,90,0.25,False
2026-08-03 13:04:19,SANDUSDT,UPTREND,SELL,25,25,72.22,0,0,0,0,80,0.12,False
2026-08-03 13:04:19,DOTUSDT,UPTREND,BUY,75,75,71.43,0,0,0,0,100,1.09,False
2026-08-03 13:04:19,KSMUSDT,SIDEWAYS,BUY,75,75,33.33,0,0,0,0,70,1.1,False
2026-08-03 13:04:19,UNIUSDT,SIDEWAYS,SELL,25,25,48.28,0,0,0,0,75,0.02,False
2026-08-03 13:04:19,AAVEUSDT,DOWNTREND,WAIT,60,60,29.58,0,0,0,0,100,2.19,False
2026-08-03 13:04:19,RIFUSDT,UPTREND,SELL,25,25,65.0,0,0,0,0,90,0.12,False
2026-08-03 13:04:19,CAKEUSDT,DOWNTREND,SELL,10,10,0.0,0,0,0,0,70,1.35,False
2026-08-03 13:04:19,DEXEUSDT,DOWNTREND,SELL,25,25,34.0,0,0,0,0,75,0.01,False
2026-08-03 13:04:19,WAXPUSDT,SIDEWAYS,SELL,25,25,52.38,0,0,0,0,75,0.0,False
2026-08-03 13:04:19,LAZIOUSDT,SIDEWAYS,SELL,5,5,50.0,0,0,0,0,80,0.33,False
2026-08-03 13:04:19,PORTOUSDT,UPTREND,BUY,75,75,60.0,0,0,0,0,80,0.39,False
2026-08-03 13:04:19,BICOUSDT,DOWNTREND,SELL,25,25,40.62,0,0,0,0,75,0.01,False
2026-08-03 13:04:19,TUSDT,DOWNTREND,SELL,0,0,27.27,0,0,0,0,70,0.28,False
2026-08-03 13:04:19,GMTUSDT,UPTREND,SELL,0,0,100,0,0,0,0,80,0.18,False
2026-08-03 13:04:19,NEXOUSDT,DOWNTREND,SELL,0,0,40.0,0,0,0,0,80,0.19,False
2026-08-03 13:04:19,GMXUSDT,UPTREND,BUY,75,75,75.0,0,0,0,0,100,0.31,False
2026-08-03 13:04:19,APTUSDT,UPTREND,BUY,95,95,66.67,0,0,0,0,70,3.44,False
2026-08-03 13:04:19,HFTUSDT,UPTREND,WAIT,55,55,82.76,0,0,0,0,100,4.78,False
2026-08-03 13:04:19,SYNUSDT,UPTREND,BUY,80,80,59.33,0,0,0,0,100,0.31,False
2026-08-03 13:04:19,PROMUSDT,UPTREND,WAIT,60,60,83.87,0,0,0,0,90,0.82,False
2026-08-03 13:04:19,PEPEUSDT,SIDEWAYS,SELL,5,5,50.0,0,0,0,0,75,0.0,False
2026-08-03 13:04:19,WLDUSDT,SIDEWAYS,SELL,0,0,53.33,0,0,0,0,90,0.15,False
2026-08-03 13:04:19,TIAUSDT,UPTREND,SELL,25,25,60.0,0,0,0,0,75,0.03,False
2026-08-03 13:04:19,ORDIUSDT,DOWNTREND,SELL,25,25,36.36,0,0,0,0,75,0.02,False
2026-08-03 13:04:19,PIVXUSDT,UPTREND,WAIT,50,50,75.86,0,0,0,0,100,0.78,False
2026-08-03 13:04:19,VICUSDT,UPTREND,WAIT,40,40,94.34,0,0,0,0,100,0.72,False
2026-08-03 13:04:19,VANRYUSDT,UPTREND,WAIT,40,40,85.2,0,0,0,0,100,1.78,False
2026-08-03 13:04:19,ACEUSDT,DOWNTREND,SELL,20,20,33.33,0,0,0,0,75,0.03,False
2026-08-03 13:04:19,STRKUSDT,UPTREND,WAIT,85,85,63.64,0,0,0,0,100,0.94,False
2026-08-03 13:04:19,PORTALUSDT,DOWNTREND,SELL,5,5,35.71,0,0,0,0,80,0.12,False
2026-08-03 13:04:19,BOMEUSDT,SIDEWAYS,SELL,25,25,50.88,0,0,0,0,75,0.01,False
2026-08-03 13:04:19,ETHFIUSDT,DOWNTREND,WAIT,50,50,33.33,0,0,0,0,100,3.39,False
2026-08-03 13:04:19,SAGAUSDT,SIDEWAYS,SELL,25,25,50.0,0,0,0,0,90,0.19,False
2026-08-03 13:04:19,TAOUSDT,DOWNTREND,SELL,25,25,36.36,0,0,0,0,75,0.02,False
2026-08-03 13:04:19,POLUSDT,SIDEWAYS,SELL,25,25,51.72,0,0,0,0,75,0.0,False
2026-08-03 13:04:19,NEIROUSDT,DOWNTREND,SELL,5,5,24.68,0,0,0,0,90,0.1,False
2026-08-03 13:04:19,HMSTRUSDT,UPTREND,WAIT,50,50,61.54,0,0,0,0,80,0.23,False
2026-08-03 13:04:19,SCRUSDT,UPTREND,WAIT,45,45,64.0,0,0,0,0,70,0.26,False
2026-08-03 13:04:19,ACXUSDT,DOWNTREND,SELL,25,25,40.97,0,0,0,0,75,0.0,False
2026-08-03 13:04:19,MOVEUSDT,SIDEWAYS,SELL,0,0,100,0,0,0,0,75,0.05,False
2026-08-03 13:04:19,BIOUSDT,UPTREND,SELL,0,0,86.67,0,0,0,0,70,0.26,False
2026-08-03 13:04:19,SUSDT,SIDEWAYS,SELL,0,0,45.45,0,0,0,0,90,0.2,False
2026-08-03 13:04:19,1000CHEEMSUSDT,DOWNTREND,SELL,10,10,27.27,0,0,0,0,75,0.06,False
2026-08-03 13:04:19,TSTUSDT,DOWNTREND,SELL,0,0,0.0,0,0,0,0,90,0.47,False
2026-08-03 13:04:19,KAITOUSDT,UPTREND,WAIT,65,65,67.45,0,0,0,0,100,0.41,False
2026-08-03 13:04:19,EPICUSDT,UPTREND,WAIT,40,40,80.0,0,0,0,0,90,0.24,False
2026-08-03 13:04:19,MUBARAKUSDT,DOWNTREND,SELL,0,0,12.0,0,0,0,0,75,0.06,False
2026-08-03 13:04:19,TUTUSDT,DOWNTREND,SELL,0,0,14.63,0,0,0,0,75,0.0,False
2026-08-03 13:04:19,BROCCOLI714USDT,DOWNTREND,SELL,0,0,22.22,0,0,0,0,80,0.1,False
2026-08-03 13:04:19,BABYUSDT,DOWNTREND,SELL,20,20,44.44,0,0,0,0,75,0.03,False
2026-08-03 13:04:19,ONDOUSDT,UPTREND,SELL,25,25,69.44,0,0,0,0,75,0.01,False
2026-08-03 13:04:19,USD1USDT,SIDEWAYS,SELL,15,15,50.0,0,0,0,0,90,0.14,False
2026-08-03 13:04:19,HOMEUSDT,SIDEWAYS,WAIT,70,70,50.0,0,0,0,0,100,2.36,False
2026-08-03 13:04:19,ERAUSDT,UPTREND,SELL,25,25,62.5,0,0,0,0,75,0.02,False
2026-08-03 13:04:19,CUSDT,DOWNTREND,WAIT,30,30,24.39,0,0,0,0,100,2.45,False
2026-08-03 13:04:19,OPENUSDT,UPTREND,BUY,95,95,57.89,0,0,0,0,90,8.04,False
2026-08-03 13:04:19,PUMPUSDT,SIDEWAYS,SELL,0,0,53.85,0,0,0,0,90,0.15,False
2026-08-03 13:04:19,MIRAUSDT,SIDEWAYS,SELL,25,25,45.45,0,0,0,0,75,0.0,False
2026-08-03 13:04:19,EDENUSDT,DOWNTREND,SELL,20,20,27.78,0,0,0,0,75,0.03,False
2026-08-03 13:04:19,EULUSDT,SIDEWAYS,WAIT,50,50,50.0,0,0,0,0,90,0.2,False
2026-08-03 13:04:19,ENSOUSDT,UPTREND,WAIT,65,65,60.0,0,0,0,0,100,0.27,False
2026-08-03 13:04:19,GIGGLEUSDT,DOWNTREND,SELL,15,15,21.65,0,0,0,0,100,0.43,False
2026-08-03 13:04:19,KITEUSDT,UPTREND,SELL,25,25,55.56,0,0,0,0,90,0.11,False
2026-08-03 13:04:19,MMTUSDT,SIDEWAYS,WAIT,55,55,54.55,0,0,0,0,90,0.15,False
2026-08-03 13:04:19,ALLOUSDT,DOWNTREND,SELL,15,15,18.32,0,0,0,0,100,0.42,False
2026-08-03 13:04:19,BANKUSDT,SIDEWAYS,SELL,5,5,50.0,0,0,0,0,75,0.02,False
2026-08-03 13:04:19,币安人生USDT,DOWNTREND,WAIT,35,35,33.03,0,0,0,0,100,0.36,False
2026-08-03 13:04:19,UUSDT,SIDEWAYS,SELL,25,25,50.0,0,0,0,0,75,0.0,False
2026-08-03 13:04:19,SENTUSDT,UPTREND,WAIT,65,65,80.0,0,0,0,0,90,3.43,False
2026-08-03 13:04:19,ZAMAUSDT,SIDEWAYS,WAIT,65,65,53.72,0,0,0,0,100,0.97,False
2026-08-03 13:04:19,ESPUSDT,SIDEWAYS,SELL,25,25,41.91,0,0,0,0,75,0.03,False
2026-08-03 13:04:19,NIGHTUSDT,DOWNTREND,SELL,0,0,16.67,0,0,0,0,75,0.08,False
2026-08-03 13:04:19,XAUTUSDT,DOWNTREND,WAIT,35,35,41.07,0,0,0,0,100,1.16,False
2026-08-03 13:04:19,GENIUSUSDT,UPTREND,WAIT,50,50,93.37,0,0,0,0,70,1.0,False
2026-08-03 13:04:19,MUBUSDT,SIDEWAYS,SELL,20,20,46.22,0,0,0,0,75,0.04,False
2026-08-03 13:04:19,CRCLBUSDT,UPTREND,SELL,25,25,55.77,0,0,0,0,75,0.06,False
2026-08-03 13:04:19,SNDKBUSDT,DOWNTREND,SELL,25,25,43.17,0,0,0,0,90,0.12,False
2026-08-03 13:04:19,SPCXBUSDT,DOWNTREND,SELL,25,25,33.62,0,0,0,0,90,0.1,False
2026-08-03 13:04:19,REUSDT,UPTREND,SELL,25,25,63.64,0,0,0,0,75,0.02,False
2026-08-03 13:04:19,SOXLBUSDT,DOWNTREND,SELL,25,25,40.13,0,0,0,0,90,0.11,False
2026-08-03 13:04:19,SKHYBUSDT,SIDEWAYS,SELL,25,25,50.97,0,0,0,0,75,0.0,False
2026-08-03 13:04:19,KORUBUSDT,SIDEWAYS,SELL,0,0,46.55,0,0,0,0,80,0.2,False
2026-08-03 13:04:19,MUUBUSDT,DOWNTREND,WAIT,55,55,43.59,0,0,0,0,90,22.47,False
2026-08-03 13:04:51,BTCUSDT,SIDEWAYS,SELL,25,52.09
2026-08-03 13:05:46,BTCUSDT,SIDEWAYS,SELL,25,25,42.71,0,0,0,0,75,0.09,False
2026-08-03 13:05:46,ETHUSDT,SIDEWAYS,WAIT,50,50,50.08,0,0,0,0,90,0.17,False
2026-08-03 13:05:46,BNBUSDT,DOWNTREND,WAIT,30,30,33.49,0,0,0,0,100,0.33,False
2026-08-03 13:05:46,LTCUSDT,DOWNTREND,SELL,20,20,40.0,0,0,0,0,100,0.44,False
2026-08-03 13:05:46,ADAUSDT,SIDEWAYS,BUY,75,75,40.0,0,0,0,0,100,2.92,False
2026-08-03 13:05:46,XRPUSDT,SIDEWAYS,SELL,25,25,47.06,0,0,0,0,75,0.0,False
2026-08-03 13:05:46,XLMUSDT,DOWNTREND,SELL,15,15,40.0,0,0,0,0,100,0.77,False
2026-08-03 13:05:46,TRXUSDT,DOWNTREND,SELL,0,0,0.0,0,0,0,0,100,0.44,False
2026-08-03 13:05:46,USDCUSDT,SIDEWAYS,SELL,25,25,50.0,0,0,0,0,75,0.09,False
2026-08-03 13:05:46,LINKUSDT,DOWNTREND,SELL,15,15,34.78,0,0,0,0,90,0.23,False
2026-08-03 13:05:46,FETUSDT,DOWNTREND,WAIT,40,40,42.86,0,0,0,0,100,7.86,False
2026-08-03 13:05:46,ZECUSDT,SIDEWAYS,SELL,25,25,49.46,0,0,0,0,75,0.03,False
2026-08-03 13:05:46,CELRUSDT,UPTREND,WAIT,70,70,64.29,0,0,0,0,100,0.4,False
2026-08-03 13:05:46,DASHUSDT,UPTREND,SELL,25,25,75.0,0,0,0,0,80,0.12,False
2026-08-03 13:05:46,ENJUSDT,UPTREND,WAIT,70,70,56.9,0,0,0,0,70,1.88,False
2026-08-03 13:05:46,ATOMUSDT,SIDEWAYS,SELL,25,25,50.0,0,0,0,0,80,0.13,False
2026-08-03 13:05:46,DOGEUSDT,SIDEWAYS,SELL,25,25,44.44,0,0,0,0,75,0.07,False
2026-08-03 13:05:46,RLCUSDT,SIDEWAYS,WAIT,60,60,54.55,0,0,0,0,70,1.63,False
2026-08-03 13:05:46,EURUSDT,UPTREND,SELL,25,25,66.67,0,0,0,0,90,0.13,False
2026-08-03 13:05:46,MBLUSDT,SIDEWAYS,WAIT,95,95,50.0,0,0,0,0,100,3.78,False
2026-08-03 13:05:46,COTIUSDT,DOWNTREND,SELL,0,0,8.33,0,0,0,0,75,0.03,False
2026-08-03 13:05:46,SOLUSDT,DOWNTREND,SELL,15,15,27.78,0,0,0,0,90,0.16,False
2026-08-03 13:05:46,STORJUSDT,DOWNTREND,WAIT,40,40,33.33,0,0,0,0,90,0.84,False
2026-08-03 13:05:46,JSTUSDT,DOWNTREND,SELL,5,5,11.11,0,0,0,0,90,0.11,False
2026-08-03 13:05:46,DOTUSDT,UPTREND,WAIT,60,60,66.67,0,0,0,0,100,0.7,False
2026-08-03 13:05:46,DIAUSDT,DOWNTREND,SELL,15,15,13.79,0,0,0,0,90,0.14,False
2026-08-03 13:05:46,UNIUSDT,SIDEWAYS,SELL,25,25,44.0,0,0,0,0,75,0.01,False
2026-08-03 13:05:46,AVAXUSDT,SIDEWAYS,SELL,25,25,36.84,0,0,0,0,75,0.02,False
2026-08-03 13:05:46,AAVEUSDT,DOWNTREND,WAIT,60,60,28.77,0,0,0,0,100,2.46,False
2026-08-03 13:05:46,NEARUSDT,DOWNTREND,SELL,5,5,22.22,0,0,0,0,75,0.01,False
2026-08-03 13:05:46,RIFUSDT,UPTREND,WAIT,45,45,72.22,0,0,0,0,100,0.27,False
2026-08-03 13:05:46,CFXUSDT,DOWNTREND,SELL,0,0,21.43,0,0,0,0,80,0.11,False
2026-08-03 13:05:46,TLMUSDT,DOWNTREND,SELL,0,0,37.04,0,0,0,0,100,0.3,False
2026-08-03 13:05:46,SHIBUSDT,SIDEWAYS,SELL,25,25,50.0,0,0,0,0,75,0.0,False
2026-08-03 13:05:46,DEXEUSDT,DOWNTREND,WAIT,30,30,36.96,0,0,0,0,100,0.69,False
2026-08-03 13:05:46,WAXPUSDT,UPTREND,WAIT,55,55,57.14,0,0,0,0,90,0.19,False
2026-08-03 13:05:46,PYRUSDT,UPTREND,BUY,100,100,66.67,0,0,0,0,100,6.02,False
2026-08-03 13:05:46,BICOUSDT,DOWNTREND,SELL,10,10,43.7,0,0,0,0,90,0.18,False
2026-08-03 13:05:46,SCRTUSDT,DOWNTREND,WAIT,40,40,25.0,0,0,0,0,90,16.11,False
2026-08-03 13:05:46,BTTCUSDT,SIDEWAYS,SELL,0,0,50.0,0,0,0,0,70,0.18,False
2026-08-03 13:05:46,GMTUSDT,SIDEWAYS,SELL,25,25,50.0,0,0,0,0,80,0.11,False
2026-08-03 13:05:46,LDOUSDT,DOWNTREND,SELL,0,0,12.5,0,0,0,0,90,0.32,False
2026-08-03 13:05:46,OPUSDT,SIDEWAYS,WAIT,75,75,33.33,0,0,0,0,90,2.02,False
2026-08-03 13:05:46,LUNCUSDT,UPTREND,SELL,25,25,57.45,0,0,0,0,75,0.04,False
2026-08-03 13:05:46,GMXUSDT,UPTREND,WAIT,70,70,66.67,0,0,0,0,90,0.19,False
2026-08-03 13:05:46,APTUSDT,UPTREND,BUY,75,75,66.67,0,0,0,0,70,0.84,False
2026-08-03 13:05:46,HFTUSDT,UPTREND,WAIT,50,50,86.39,0,0,0,0,100,2.89,False
2026-08-03 13:05:46,SYNUSDT,SIDEWAYS,SELL,25,25,51.0,0,0,0,0,75,0.08,False
2026-08-03 13:05:46,ARBUSDT,DOWNTREND,WAIT,35,35,40.0,0,0,0,0,90,2.73,False
2026-08-03 13:05:46,EDUUSDT,UPTREND,SELL,25,25,100,0,0,0,0,75,0.08,False
2026-08-03 13:05:46,SUIUSDT,UPTREND,WAIT,60,60,66.67,0,0,0,0,100,0.52,False
2026-08-03 13:05:46,PEPEUSDT,SIDEWAYS,SELL,25,25,44.44,0,0,0,0,75,0.09,False
2026-08-03 13:05:46,FLOKIUSDT,SIDEWAYS,SELL,15,15,57.14,0,0,0,0,90,0.29,False
2026-08-03 13:05:46,PENDLEUSDT,SIDEWAYS,WAIT,55,55,0.0,0,0,0,0,90,1.05,False
2026-08-03 13:05:46,WLDUSDT,DOWNTREND,SELL,10,10,35.71,0,0,0,0,75,0.01,False
2026-08-03 13:05:46,FDUSDUSDT,DOWNTREND,SELL,5,5,33.33,0,0,0,0,90,0.43,False
2026-08-03 13:05:46,TIAUSDT,SIDEWAYS,SELL,25,25,45.83,0,0,0,0,75,0.04,False
2026-08-03 13:05:46,ORDIUSDT,DOWNTREND,SELL,25,25,35.0,0,0,0,0,75,0.08,False
2026-08-03 13:05:46,PIVXUSDT,UPTREND,BUY,95,95,71.43,0,0,0,0,100,6.76,False
2026-08-03 13:05:46,VICUSDT,UPTREND,WAIT,65,65,96.3,0,0,0,0,100,8.74,False
2026-08-03 13:05:46,VANRYUSDT,UPTREND,WAIT,70,70,74.83,0,0,0,0,100,1.79,False
2026-08-03 13:05:46,JTOUSDT,UPTREND,SELL,25,25,58.33,0,0,0,0,80,0.14,False
2026-08-03 13:05:46,1000SATSUSDT,DOWNTREND,SELL,5,5,31.25,0,0,0,0,90,0.42,False
2026-08-03 13:05:46,ACEUSDT,DOWNTREND,WAIT,35,35,37.5,0,0,0,0,100,2.85,False
2026-08-03 13:05:46,AIUSDT,SIDEWAYS,SELL,0,0,100,0,0,0,0,70,0.15,False
2026-08-03 13:05:46,STRKUSDT,UPTREND,WAIT,90,90,58.33,0,0,0,0,100,1.43,False
2026-08-03 13:05:46,PORTALUSDT,DOWNTREND,SELL,10,10,37.5,0,0,0,0,90,1.11,False
2026-08-03 13:05:46,AEVOUSDT,UPTREND,SELL,20,20,88.24,0,0,0,0,90,0.32,False
2026-08-03 13:05:46,BOMEUSDT,SIDEWAYS,SELL,5,5,49.12,0,0,0,0,90,0.12,False
2026-08-03 13:05:46,ETHFIUSDT,DOWNTREND,SELL,20,20,31.25,0,0,0,0,75,0.09,False
2026-08-03 13:05:46,ENAUSDT,UPTREND,BUY,85,85,66.67,0,0,0,0,100,1.17,False
2026-08-03 13:05:46,TAOUSDT,DOWNTREND,SELL,25,25,30.0,0,0,0,0,90,0.11,False
2026-08-03 13:05:46,BBUSDT,UPTREND,WAIT,85,85,68.75,0,0,0,0,80,2.53,False
2026-08-03 13:05:46,RENDERUSDT,SIDEWAYS,BUY,90,90,50.0,0,0,0,0,70,2.47,False
2026-08-03 13:05:46,POLUSDT,SIDEWAYS,WAIT,70,70,50.0,0,0,0,0,100,2.06,False
2026-08-03 13:05:46,NEIROUSDT,DOWNTREND,SELL,5,5,25.61,0,0,0,0,100,0.32,False
2026-08-03 13:05:46,HMSTRUSDT,SIDEWAYS,WAIT,50,50,46.67,0,0,0,0,90,1.66,False
2026-08-03 13:05:46,EIGENUSDT,UPTREND,WAIT,60,60,66.67,0,0,0,0,90,0.31,False
2026-08-03 13:05:46,ACXUSDT,SIDEWAYS,WAIT,60,60,63.25,0,0,0,0,100,1.45,False
2026-08-03 13:05:46,MOVEUSDT,SIDEWAYS,SELL,0,0,100,0,0,0,0,75,0.04,False
2026-08-03 13:05:46,MEUSDT,SIDEWAYS,WAIT,65,65,53.12,0,0,0,0,70,0.82,False
2026-08-03 13:05:46,PENGUUSDT,DOWNTREND,SELL,0,0,37.5,0,0,0,0,100,0.25,False
2026-08-03 13:05:46,SUSDT,DOWNTREND,SELL,15,15,40.43,0,0,0,0,100,0.46,False
2026-08-03 13:05:46,TRUMPUSDT,UPTREND,WAIT,45,45,57.14,0,0,0,0,90,0.24,False
2026-08-03 13:05:46,1000CHEEMSUSDT,DOWNTREND,SELL,0,0,27.27,0,0,0,0,90,0.16,False
2026-08-03 13:05:46,HEIUSDT,DOWNTREND,WAIT,35,35,14.29,0,0,0,0,90,4.65,False
2026-08-03 13:05:46,KAITOUSDT,SIDEWAYS,WAIT,65,65,50.0,0,0,0,0,100,0.41,False
2026-08-03 13:05:46,EPICUSDT,UPTREND,WAIT,60,60,82.85,0,0,0,0,100,1.17,False
2026-08-03 13:05:47,NILUSDT,DOWNTREND,SELL,15,15,26.32,0,0,0,0,100,0.33,False
2026-08-03 13:05:47,MUBARAKUSDT,DOWNTREND,SELL,0,0,11.11,0,0,0,0,100,0.26,False
2026-08-03 13:05:47,TUTUSDT,DOWNTREND,SELL,0,0,21.43,0,0,0,0,100,0.49,False
2026-08-03 13:05:47,BANANAS31USDT,SIDEWAYS,WAIT,65,65,51.79,0,0,0,0,70,3.34,False
2026-08-03 13:05:47,GUNUSDT,SIDEWAYS,SELL,0,0,100,0,0,0,0,75,0.03,False
2026-08-03 13:05:47,BABYUSDT,SIDEWAYS,SELL,20,20,50.0,0,0,0,0,100,0.31,False
2026-08-03 13:05:47,ONDOUSDT,UPTREND,BUY,85,85,66.67,0,0,0,0,100,0.93,False
2026-08-03 13:05:47,SIGNUSDT,UPTREND,WAIT,65,65,75.0,0,0,0,0,100,0.84,False
2026-08-03 13:05:47,USD1USDT,DOWNTREND,SELL,25,25,16.67,0,0,0,0,100,20.61,False
2026-08-03 13:05:47,HOMEUSDT,SIDEWAYS,WAIT,50,50,52.38,0,0,0,0,100,0.69,False
2026-08-03 13:05:47,ERAUSDT,UPTREND,SELL,25,25,62.5,0,0,0,0,75,0.01,False
2026-08-03 13:05:47,CUSDT,DOWNTREND,WAIT,35,35,33.33,0,0,0,0,100,1.22,False
2026-08-03 13:05:47,MITOUSDT,SIDEWAYS,WAIT,70,70,50.0,0,0,0,0,70,1.48,False
2026-08-03 13:05:47,OPENUSDT,UPTREND,BUY,95,95,60.98,0,0,0,0,90,0.85,False
2026-08-03 13:05:47,HOLOUSDT,DOWNTREND,SELL,20,20,33.33,0,0,0,0,75,0.07,False
2026-08-03 13:05:47,PUMPUSDT,SIDEWAYS,SELL,0,0,50.0,0,0,0,0,90,0.22,False
2026-08-03 13:05:47,XPLUSDT,SIDEWAYS,SELL,25,25,50.0,0,0,0,0,90,0.2,False
2026-08-03 13:05:47,MIRAUSDT,SIDEWAYS,SELL,25,25,54.55,0,0,0,0,90,0.12,False
2026-08-03 13:05:47,FFUSDT,DOWNTREND,SELL,10,10,13.51,0,0,0,0,100,1.94,False
2026-08-03 13:05:47,EDENUSDT,DOWNTREND,SELL,5,5,39.29,0,0,0,0,100,0.32,False
2026-08-03 13:05:47,EULUSDT,SIDEWAYS,WAIT,70,70,41.43,0,0,0,0,100,0.77,False
2026-08-03 13:05:47,ENSOUSDT,SIDEWAYS,WAIT,50,50,53.85,0,0,0,0,100,1.56,False
2026-08-03 13:05:47,GIGGLEUSDT,DOWNTREND,WAIT,30,30,24.45,0,0,0,0,100,0.89,False
2026-08-03 13:05:47,KITEUSDT,UPTREND,WAIT,65,65,62.5,0,0,0,0,90,0.23,False
2026-08-03 13:05:47,MMTUSDT,SIDEWAYS,WAIT,55,55,52.17,0,0,0,0,90,0.19,False
2026-08-03 13:05:47,ALLOUSDT,DOWNTREND,SELL,25,25,15.71,0,0,0,0,100,0.52,False
2026-08-03 13:05:47,BANKUSDT,SIDEWAYS,WAIT,70,70,50.0,0,0,0,0,100,0.51,False
2026-08-03 13:05:47,币安人生USDT,DOWNTREND,WAIT,35,35,40.0,0,0,0,0,100,0.72,False
2026-08-03 13:05:47,UUSDT,SIDEWAYS,WAIT,35,35,50.0,0,0,0,0,100,6.75,False
2026-08-03 13:05:47,FRAXUSDT,UPTREND,WAIT,65,65,71.43,0,0,0,0,70,3.22,False
2026-08-03 13:05:47,SENTUSDT,UPTREND,WAIT,50,50,88.89,0,0,0,0,90,2.53,False
2026-08-03 13:05:47,ZAMAUSDT,SIDEWAYS,SELL,25,25,52.76,0,0,0,0,90,0.12,False
2026-08-03 13:05:47,ESPUSDT,DOWNTREND,WAIT,40,40,37.58,0,0,0,0,100,4.88,False
2026-08-03 13:05:47,MANTRAUSDT,UPTREND,WAIT,90,90,55.56,0,0,0,0,100,1.61,False
2026-08-03 13:05:47,NIGHTUSDT,DOWNTREND,SELL,0,0,16.67,0,0,0,0,90,0.15,False
2026-08-03 13:05:47,XAUTUSDT,SIDEWAYS,WAIT,35,35,48.99,0,0,0,0,100,1.36,False
2026-08-03 13:05:47,AIGENSYNUSDT,SIDEWAYS,WAIT,50,50,25.0,0,0,0,0,70,0.92,False
2026-08-03 13:05:47,GENIUSUSDT,UPTREND,WAIT,70,70,96.0,0,0,0,0,70,31.02,False
2026-08-03 13:05:47,MUBUSDT,SIDEWAYS,WAIT,55,55,52.65,0,0,0,0,100,0.53,False
2026-08-03 13:05:47,CRCLBUSDT,SIDEWAYS,SELL,25,25,49.48,0,0,0,0,75,0.09,False
2026-08-03 13:05:47,NVDABUSDT,SIDEWAYS,BUY,100,100,54.74,0,0,0,0,90,1.15,False
2026-08-03 13:05:47,SNDKBUSDT,SIDEWAYS,WAIT,35,35,49.98,0,0,0,0,100,1.39,False
2026-08-03 13:05:47,SPCXBUSDT,DOWNTREND,WAIT,35,35,37.84,0,0,0,0,100,0.8,False
2026-08-03 13:05:47,REUSDT,UPTREND,WAIT,70,70,61.4,0,0,0,0,100,0.51,False
2026-08-03 13:05:47,INTCBUSDT,SIDEWAYS,WAIT,40,40,54.37,0,0,0,0,90,1.16,False
2026-08-03 13:05:47,QQQBUSDT,SIDEWAYS,WAIT,30,30,52.94,0,0,0,0,70,0.94,False
2026-08-03 13:05:47,GRAMUSDT,SIDEWAYS,SELL,25,25,45.45,0,0,0,0,75,0.01,False
2026-08-03 13:05:47,GOOGLBUSDT,UPTREND,WAIT,60,60,90.1,0,0,0,0,90,0.91,False
2026-08-03 13:05:47,NBISBUSDT,DOWNTREND,WAIT,40,40,42.68,0,0,0,0,100,1.46,False
2026-08-03 13:05:47,SOXLBUSDT,SIDEWAYS,WAIT,50,50,45.09,0,0,0,0,100,4.28,False
2026-08-03 13:05:47,SKHYBUSDT,SIDEWAYS,WAIT,40,40,52.43,0,0,0,0,100,1.11,False
2026-08-03 13:05:47,AXTIBUSDT,UPTREND,BUY,100,100,55.91,0,0,0,0,90,2.22,False
2026-08-03 13:05:47,KORUBUSDT,SIDEWAYS,WAIT,35,35,53.85,0,0,0,0,90,0.72,False
2026-08-03 13:05:47,MVLLBUSDT,DOWNTREND,WAIT,35,35,29.79,0,0,0,0,70,1.18,False
2026-08-03 13:05:47,SNXXBUSDT,SIDEWAYS,SELL,25,25,48.84,0,0,0,0,100,0.76,False
2026-08-03 13:05:47,SOXSBUSDT,SIDEWAYS,WAIT,50,50,49.52,0,0,0,0,70,0.26,False
2026-08-03 13:06:19,BTCUSDT,SIDEWAYS,WAIT,70,52.59
2026-08-03 13:06:19,ETHUSDT,UPTREND,BUY,75,59.24
2026-08-03 13:07:13,BTCUSDT,SIDEWAYS,WAIT,50,50,48.25,0,0,0,0,100,0.74,False
2026-08-03 13:07:13,ETHUSDT,UPTREND,BUY,75,75,57.1,0,0,0,0,100,0.49,False
2026-08-03 13:07:13,BNBUSDT,DOWNTREND,WAIT,30,30,34.66,0,0,0,0,100,0.39,False
2026-08-03 13:07:13,LTCUSDT,SIDEWAYS,WAIT,65,65,50.0,0,0,0,0,100,0.38,False
2026-08-03 13:07:13,ADAUSDT,SIDEWAYS,WAIT,30,30,43.48,0,0,0,0,100,0.25,False
2026-08-03 13:07:13,XRPUSDT,SIDEWAYS,SELL,25,25,38.1,0,0,0,0,90,0.11,False
2026-08-03 13:07:13,XLMUSDT,SIDEWAYS,WAIT,45,45,50.0,0,0,0,0,100,3.15,False
2026-08-03 13:07:13,TRXUSDT,DOWNTREND,SELL,0,0,0.0,0,0,0,0,100,0.63,False
2026-08-03 13:07:13,USDCUSDT,SIDEWAYS,WAIT,35,35,44.44,0,0,0,0,100,0.43,False
2026-08-03 13:07:13,LINKUSDT,SIDEWAYS,WAIT,55,55,50.0,0,0,0,0,100,2.21,False
2026-08-03 13:07:13,FETUSDT,SIDEWAYS,SELL,0,0,50.0,0,0,0,0,90,0.15,False
2026-08-03 13:07:13,ZECUSDT,UPTREND,SELL,25,25,55.68,0,0,0,0,75,0.04,False
2026-08-03 13:07:13,CELRUSDT,UPTREND,WAIT,50,50,60.0,0,0,0,0,100,0.39,False
2026-08-03 13:07:13,ENJUSDT,SIDEWAYS,WAIT,40,40,45.61,0,0,0,0,70,0.58,False
2026-08-03 13:07:13,ATOMUSDT,SIDEWAYS,WAIT,45,45,50.0,0,0,0,0,90,9.0,False
2026-08-03 13:07:13,ALGOUSDT,DOWNTREND,SELL,25,25,37.5,0,0,0,0,100,1.22,False
2026-08-03 13:07:13,DOGEUSDT,SIDEWAYS,SELL,25,25,50.0,0,0,0,0,90,0.12,False
2026-08-03 13:07:13,WINUSDT,UPTREND,WAIT,80,80,56.32,0,0,0,0,90,0.68,False
2026-08-03 13:07:13,CVCUSDT,SIDEWAYS,WAIT,40,40,53.33,0,0,0,0,70,0.51,False
2026-08-03 13:07:13,CHZUSDT,SIDEWAYS,WAIT,50,50,50.0,0,0,0,0,70,0.4,False
2026-08-03 13:07:13,HBARUSDT,DOWNTREND,SELL,15,15,27.59,0,0,0,0,90,0.5,False
2026-08-03 13:07:13,BCHUSDT,DOWNTREND,SELL,25,25,33.33,0,0,0,0,80,0.1,False
2026-08-03 13:07:13,EURUSDT,UPTREND,WAIT,70,70,72.73,0,0,0,0,100,0.53,False
2026-08-03 13:07:13,MBLUSDT,SIDEWAYS,WAIT,75,75,50.0,0,0,0,0,100,0.97,False
2026-08-03 13:07:13,COTIUSDT,DOWNTREND,SELL,25,25,6.52,0,0,0,0,100,30.23,False
2026-08-03 13:07:13,SOLUSDT,DOWNTREND,SELL,20,20,36.36,0,0,0,0,100,0.42,False
2026-08-03 13:07:13,ZENUSDT,SIDEWAYS,WAIT,55,55,45.45,0,0,0,0,90,1.8,False
2026-08-03 13:07:13,STORJUSDT,DOWNTREND,SELL,25,25,33.33,0,0,0,0,80,0.1,False
2026-08-03 13:07:13,JSTUSDT,DOWNTREND,SELL,0,0,11.11,0,0,0,0,90,0.19,False
2026-08-03 13:07:13,DOTUSDT,UPTREND,WAIT,45,45,57.14,0,0,0,0,90,0.17,False
2026-08-03 13:07:13,PAXGUSDT,SIDEWAYS,SELL,0,0,46.63,0,0,0,0,70,0.2,False
2026-08-03 13:07:13,DIAUSDT,DOWNTREND,SELL,10,10,17.65,0,0,0,0,100,0.72,False
2026-08-03 13:07:13,UNIUSDT,DOWNTREND,SELL,20,20,44.0,0,0,0,0,100,0.3,False
2026-08-03 13:07:13,AVAXUSDT,UPTREND,BUY,100,100,57.14,0,0,0,0,100,0.82,False
2026-08-03 13:07:13,AAVEUSDT,DOWNTREND,WAIT,30,30,32.81,0,0,0,0,100,0.42,False
2026-08-03 13:07:13,NEARUSDT,DOWNTREND,SELL,20,20,30.0,0,0,0,0,75,0.01,False
2026-08-03 13:07:13,FILUSDT,UPTREND,WAIT,70,70,73.33,0,0,0,0,100,0.5,False
2026-08-03 13:07:13,INJUSDT,UPTREND,SELL,25,25,60.0,0,0,0,0,80,0.14,False
2026-08-03 13:07:13,GRTUSDT,UPTREND,SELL,25,25,77.78,0,0,0,0,75,0.06,False
2026-08-03 13:07:13,RIFUSDT,UPTREND,WAIT,60,60,78.26,0,0,0,0,100,1.57,False
2026-08-03 13:07:13,TLMUSDT,DOWNTREND,SELL,5,5,37.04,0,0,0,0,100,0.53,False
2026-08-03 13:07:13,SHIBUSDT,SIDEWAYS,SELL,25,25,57.14,0,0,0,0,75,0.0,False
2026-08-03 13:07:13,LPTUSDT,DOWNTREND,SELL,15,15,17.65,0,0,0,0,90,0.49,False
2026-08-03 13:07:13,GTCUSDT,SIDEWAYS,SELL,25,25,40.46,0,0,0,0,80,0.24,False
2026-08-03 13:07:13,DEXEUSDT,DOWNTREND,SELL,25,25,21.28,0,0,0,0,100,0.74,False
2026-08-03 13:07:13,RAYUSDT,SIDEWAYS,SELL,25,25,46.81,0,0,0,0,80,0.71,False
2026-08-03 13:07:13,WAXPUSDT,SIDEWAYS,SELL,25,25,50.0,0,0,0,0,90,0.16,False
2026-08-03 13:07:13,LAZIOUSDT,SIDEWAYS,SELL,25,25,44.44,0,0,0,0,70,0.12,False
2026-08-03 13:07:13,ADXUSDT,UPTREND,WAIT,55,55,75.0,0,0,0,0,70,1.16,False
2026-08-03 13:07:13,QIUSDT,UPTREND,WAIT,75,75,60.0,0,0,0,0,70,1.07,False
2026-08-03 13:07:13,PORTOUSDT,SIDEWAYS,SELL,25,25,50.0,0,0,0,0,70,0.14,False
2026-08-03 13:07:13,PYRUSDT,UPTREND,BUY,100,100,66.67,0,0,0,0,100,7.68,False
2026-08-03 13:07:13,BICOUSDT,SIDEWAYS,BUY,80,80,54.03,0,0,0,0,100,0.78,False
2026-08-03 13:07:13,PEOPLEUSDT,DOWNTREND,SELL,0,0,27.27,0,0,0,0,90,0.28,False
2026-08-03 13:07:13,BTTCUSDT,DOWNTREND,SELL,0,0,33.33,0,0,0,0,80,0.46,False
2026-08-03 13:07:13,GMTUSDT,SIDEWAYS,SELL,25,25,50.0,0,0,0,0,80,0.11,False
2026-08-03 13:07:13,LUNCUSDT,UPTREND,WAIT,90,90,61.22,0,0,0,0,100,1.4,False
2026-08-03 13:07:13,GMXUSDT,UPTREND,BUY,85,85,66.67,0,0,0,0,100,0.41,False
2026-08-03 13:07:13,APTUSDT,UPTREND,BUY,80,80,75.0,0,0,0,0,70,2.51,False
2026-08-03 13:07:13,HFTUSDT,UPTREND,WAIT,60,60,77.36,0,0,0,0,100,2.94,False
2026-08-03 13:07:13,SYNUSDT,SIDEWAYS,WAIT,50,50,51.63,0,0,0,0,100,0.38,False
2026-08-03 13:07:13,PROMUSDT,UPTREND,WAIT,35,35,80.77,0,0,0,0,90,0.64,False
2026-08-03 13:07:13,ARBUSDT,DOWNTREND,WAIT,30,30,25.0,0,0,0,0,90,0.81,False
2026-08-03 13:07:13,EDUUSDT,UPTREND,SELL,25,25,100,0,0,0,0,75,0.02,False
2026-08-03 13:07:13,SUIUSDT,UPTREND,BUY,75,75,56.0,0,0,0,0,100,0.92,False
2026-08-03 13:07:13,PEPEUSDT,SIDEWAYS,SELL,15,15,50.0,0,0,0,0,90,0.11,False
2026-08-03 13:07:13,PENDLEUSDT,SIDEWAYS,WAIT,60,60,0.0,0,0,0,0,90,1.92,False
2026-08-03 13:07:13,WLDUSDT,DOWNTREND,WAIT,40,40,35.29,0,0,0,0,100,5.28,False
2026-08-03 13:07:13,FDUSDUSDT,DOWNTREND,SELL,0,0,33.33,0,0,0,0,80,0.21,False
2026-08-03 13:07:13,SEIUSDT,UPTREND,WAIT,55,55,77.78,0,0,0,0,70,4.35,False
2026-08-03 13:07:13,TIAUSDT,SIDEWAYS,SELL,25,25,48.15,0,0,0,0,75,0.04,False
2026-08-03 13:07:13,PIVXUSDT,UPTREND,BUY,90,90,75.0,0,0,0,0,100,2.13,False
2026-08-03 13:07:13,VICUSDT,UPTREND,WAIT,65,65,84.8,0,0,0,0,100,11.89,False
2026-08-03 13:07:13,VANRYUSDT,UPTREND,WAIT,90,90,66.36,0,0,0,0,100,2.07,False
2026-08-03 13:07:13,1000SATSUSDT,DOWNTREND,SELL,10,10,43.75,0,0,0,0,90,0.81,False
2026-08-03 13:07:13,ACEUSDT,DOWNTREND,SELL,20,20,44.0,0,0,0,0,100,0.89,False
2026-08-03 13:07:13,AIUSDT,SIDEWAYS,SELL,0,0,100,0,0,0,0,70,0.2,False
2026-08-03 13:07:13,PYTHUSDT,DOWNTREND,SELL,0,0,18.75,0,0,0,0,70,1.83,False
2026-08-03 13:07:13,STRKUSDT,SIDEWAYS,SELL,25,25,54.55,0,0,0,0,75,0.07,False
2026-08-03 13:07:13,PORTALUSDT,DOWNTREND,WAIT,30,30,35.29,0,0,0,0,90,9.34,False
2026-08-03 13:07:13,AEVOUSDT,UPTREND,WAIT,40,40,87.5,0,0,0,0,90,1.56,False
2026-08-03 13:07:13,BOMEUSDT,DOWNTREND,SELL,0,0,43.75,0,0,0,0,90,0.19,False
2026-08-03 13:07:13,ETHFIUSDT,DOWNTREND,WAIT,30,30,30.0,0,0,0,0,100,0.8,False
2026-08-03 13:07:13,ENAUSDT,UPTREND,BUY,80,80,72.22,0,0,0,0,100,1.86,False
2026-08-03 13:07:13,SAGAUSDT,SIDEWAYS,WAIT,40,40,47.83,0,0,0,0,100,0.76,False
2026-08-03 13:07:13,TAOUSDT,DOWNTREND,WAIT,50,50,30.77,0,0,0,0,100,1.28,False
2026-08-03 13:07:13,BBUSDT,UPTREND,WAIT,45,45,70.59,0,0,0,0,80,0.32,False
2026-08-03 13:07:13,NEIROUSDT,DOWNTREND,SELL,0,0,35.64,0,0,0,0,75,0.07,False
2026-08-03 13:07:13,1000CHEEMSUSDT,DOWNTREND,SELL,0,0,37.5,0,0,0,0,75,0.05,False
2026-08-03 13:07:13,KAITOUSDT,SIDEWAYS,SELL,25,25,26.53,0,0,0,0,75,0.0,False
2026-08-03 13:07:13,EPICUSDT,UPTREND,SELL,25,25,87.1,0,0,0,0,75,0.07,False
2026-08-03 13:07:13,MUBARAKUSDT,DOWNTREND,SELL,0,0,13.33,0,0,0,0,100,0.53,False
2026-08-03 13:07:13,TUTUSDT,DOWNTREND,SELL,0,0,20.83,0,0,0,0,75,0.0,False
2026-08-03 13:07:13,ONDOUSDT,UPTREND,SELL,25,25,65.85,0,0,0,0,75,0.0,False
2026-08-03 13:07:13,USD1USDT,SIDEWAYS,SELL,5,5,50.0,0,0,0,0,75,0.0,False
2026-08-03 13:07:13,HOMEUSDT,SIDEWAYS,SELL,25,25,47.62,0,0,0,0,75,0.06,False
2026-08-03 13:07:13,ERAUSDT,UPTREND,SELL,25,25,55.56,0,0,0,0,75,0.0,False
2026-08-03 13:07:13,HOLOUSDT,DOWNTREND,SELL,20,20,30.0,0,0,0,0,75,0.03,False
2026-08-03 13:07:13,XPLUSDT,UPTREND,SELL,25,25,58.14,0,0,0,0,75,0.02,False
2026-08-03 13:07:13,FFUSDT,DOWNTREND,SELL,0,0,13.16,0,0,0,0,75,0.01,False
2026-08-03 13:07:13,EULUSDT,DOWNTREND,SELL,25,25,41.27,0,0,0,0,75,0.0,False
2026-08-03 13:07:13,ENSOUSDT,SIDEWAYS,SELL,15,15,47.37,0,0,0,0,100,0.43,False
2026-08-03 13:07:13,GIGGLEUSDT,DOWNTREND,SELL,20,20,10.71,0,0,0,0,75,0.03,False
2026-08-03 13:07:13,ALLOUSDT,DOWNTREND,SELL,20,20,21.43,0,0,0,0,75,0.05,False
2026-08-03 13:07:13,BANKUSDT,DOWNTREND,SELL,10,10,42.86,0,0,0,0,75,0.0,False
2026-08-03 13:07:13,币安人生USDT,DOWNTREND,SELL,25,25,34.12,0,0,0,0,75,0.0,False
2026-08-03 13:07:13,SENTUSDT,UPTREND,WAIT,75,75,70.0,0,0,0,0,90,0.83,False
2026-08-03 13:07:13,NIGHTUSDT,DOWNTREND,SELL,0,0,16.67,0,0,0,0,75,0.08,False
2026-08-03 13:07:13,XAUTUSDT,DOWNTREND,SELL,25,25,44.29,0,0,0,0,75,0.04,False
2026-08-03 13:07:13,GENIUSUSDT,UPTREND,WAIT,65,65,83.66,0,0,0,0,70,2.47,False
2026-08-03 13:07:13,MUBUSDT,SIDEWAYS,SELL,25,25,52.41,0,0,0,0,75,0.01,False
2026-08-03 13:07:13,CRCLBUSDT,SIDEWAYS,SELL,25,25,51.65,0,0,0,0,75,0.01,False
2026-08-03 13:07:13,SNDKBUSDT,SIDEWAYS,SELL,20,20,49.17,0,0,0,0,75,0.1,False
2026-08-03 13:07:13,SPCXBUSDT,SIDEWAYS,SELL,0,0,45.16,0,0,0,0,90,0.22,False
2026-08-03 13:07:13,REUSDT,UPTREND,SELL,25,25,57.14,0,0,0,0,75,0.01,False
2026-08-03 13:07:13,GRAMUSDT,UPTREND,BUY,80,80,70.0,0,0,0,0,100,0.7,False
2026-08-03 13:07:13,SOXLBUSDT,SIDEWAYS,SELL,25,25,47.3,0,0,0,0,75,0.08,False
2026-08-03 13:07:13,AXTIBUSDT,DOWNTREND,WAIT,55,55,37.29,0,0,0,0,90,3.95,False
2026-08-03 13:07:13,SNXXBUSDT,SIDEWAYS,SELL,20,20,48.08,0,0,0,0,75,0.0,False
2026-08-03 13:07:42,BTCUSDT,SIDEWAYS,SELL,25,48.06
2026-08-03 13:08:36,BTCUSDT,SIDEWAYS,WAIT,35,35,50.37,0,0,0,0,90,0.22,False
2026-08-03 13:08:36,ETHUSDT,SIDEWAYS,BUY,75,75,51.86,0,0,0,0,100,0.57,False
2026-08-03 13:08:36,BNBUSDT,DOWNTREND,SELL,15,15,29.13,0,0,0,0,90,0.23,False
2026-08-03 13:08:36,LTCUSDT,DOWNTREND,WAIT,40,40,38.89,0,0,0,0,100,1.4,False
2026-08-03 13:08:36,ADAUSDT,SIDEWAYS,SELL,25,25,31.25,0,0,0,0,75,0.0,False
2026-08-03 13:08:36,XRPUSDT,SIDEWAYS,SELL,5,5,45.0,0,0,0,0,75,0.01,False
2026-08-03 13:08:36,TRXUSDT,DOWNTREND,SELL,0,0,0.0,0,0,0,0,100,0.37,False
2026-08-03 13:08:36,USDCUSDT,SIDEWAYS,SELL,25,25,50.0,0,0,0,0,75,0.04,False
2026-08-03 13:08:36,LINKUSDT,UPTREND,BUY,85,85,66.67,0,0,0,0,100,0.36,False
2026-08-03 13:08:36,ZECUSDT,DOWNTREND,SELL,25,25,36.86,0,0,0,0,75,0.05,False
2026-08-03 13:08:36,CELRUSDT,UPTREND,SELL,25,25,69.23,0,0,0,0,90,0.11,False
2026-08-03 13:08:36,ENJUSDT,SIDEWAYS,WAIT,45,45,41.35,0,0,0,0,90,0.35,False
2026-08-03 13:08:36,ATOMUSDT,SIDEWAYS,SELL,25,25,50.0,0,0,0,0,80,0.11,False
2026-08-03 13:08:36,ALGOUSDT,DOWNTREND,SELL,0,0,25.0,0,0,0,0,90,0.22,False
2026-08-03 13:08:36,DOGEUSDT,SIDEWAYS,SELL,25,25,50.0,0,0,0,0,75,0.06,False
2026-08-03 13:08:36,WINUSDT,SIDEWAYS,WAIT,40,40,49.41,0,0,0,0,90,0.62,False
2026-08-03 13:08:36,EURUSDT,UPTREND,SELL,25,25,66.67,0,0,0,0,75,0.09,False
2026-08-03 13:08:36,MBLUSDT,UPTREND,WAIT,55,55,57.14,0,0,0,0,100,0.27,False
2026-08-03 13:08:36,COTIUSDT,DOWNTREND,SELL,0,0,15.56,0,0,0,0,100,0.34,False
2026-08-03 13:08:36,SOLUSDT,DOWNTREND,SELL,5,5,41.67,0,0,0,0,90,0.15,False
2026-08-03 13:08:36,ZENUSDT,SIDEWAYS,SELL,25,25,54.55,0,0,0,0,80,0.17,False
2026-08-03 13:08:36,JSTUSDT,DOWNTREND,SELL,0,0,17.39,0,0,0,0,75,0.07,False
2026-08-03 13:08:36,SANDUSDT,UPTREND,SELL,25,25,79.31,0,0,0,0,80,0.11,False
2026-08-03 13:08:36,DIAUSDT,DOWNTREND,SELL,5,5,18.75,0,0,0,0,75,0.03,False
2026-08-03 13:08:36,AVAXUSDT,UPTREND,SELL,25,25,59.09,0,0,0,0,75,0.0,False
2026-08-03 13:08:36,AAVEUSDT,DOWNTREND,SELL,25,25,40.0,0,0,0,0,75,0.05,False
2026-08-03 13:08:36,FILUSDT,UPTREND,SELL,25,25,66.67,0,0,0,0,75,0.04,False
2026-08-03 13:08:36,INJUSDT,SIDEWAYS,WAIT,50,50,53.33,0,0,0,0,90,0.26,False
2026-08-03 13:08:36,GRTUSDT,UPTREND,WAIT,55,55,86.67,0,0,0,0,100,13.58,False
2026-08-03 13:08:36,SHIBUSDT,SIDEWAYS,SELL,25,25,50.0,0,0,0,0,75,0.03,False
2026-08-03 13:08:36,DEXEUSDT,DOWNTREND,SELL,15,15,26.19,0,0,0,0,90,0.21,False
2026-08-03 13:08:36,RAYUSDT,DOWNTREND,SELL,10,10,42.55,0,0,0,0,70,0.14,False
2026-08-03 13:08:36,WAXPUSDT,DOWNTREND,SELL,0,0,42.86,0,0,0,0,75,0.08,False
2026-08-03 13:08:36,PYRUSDT,UPTREND,BUY,80,80,60.0,0,0,0,0,100,0.42,False
2026-08-03 13:08:36,BICOUSDT,SIDEWAYS,SELL,25,25,54.92,0,0,0,0,90,0.12,False
2026-08-03 13:08:36,BTTCUSDT,DOWNTREND,SELL,0,0,40.0,0,0,0,0,80,0.33,False
2026-08-03 13:08:36,GMTUSDT,SIDEWAYS,SELL,0,0,50.0,0,0,0,0,80,0.15,False
2026-08-03 13:08:36,LDOUSDT,DOWNTREND,SELL,0,0,0.0,0,0,0,0,80,0.16,False
2026-08-03 13:08:36,GMXUSDT,UPTREND,SELL,25,25,66.67,0,0,0,0,90,0.1,False
2026-08-03 13:08:36,HFTUSDT,UPTREND,WAIT,50,50,92.97,0,0,0,0,100,2.42,False
2026-08-03 13:08:36,SYNUSDT,SIDEWAYS,WAIT,60,60,52.59,0,0,0,0,100,0.65,False
2026-08-03 13:08:36,ARBUSDT,DOWNTREND,SELL,25,25,28.57,0,0,0,0,90,0.74,False
2026-08-03 13:08:36,SUIUSDT,UPTREND,SELL,25,25,60.71,0,0,0,0,75,0.02,False
2026-08-03 13:08:36,PEPEUSDT,DOWNTREND,SELL,0,0,44.44,0,0,0,0,90,0.15,False
2026-08-03 13:08:36,WLDUSDT,DOWNTREND,SELL,15,15,35.29,0,0,0,0,100,0.58,False
2026-08-03 13:08:36,SEIUSDT,UPTREND,SELL,5,5,77.78,0,0,0,0,70,0.28,False
2026-08-03 13:08:36,TIAUSDT,DOWNTREND,SELL,10,10,41.38,0,0,0,0,75,0.03,False
2026-08-03 13:08:36,PIVXUSDT,UPTREND,WAIT,50,50,76.32,0,0,0,0,100,0.52,False
2026-08-03 13:08:36,VICUSDT,UPTREND,WAIT,65,65,83.59,0,0,0,0,100,3.78,False
2026-08-03 13:08:36,VANRYUSDT,UPTREND,WAIT,80,80,70.9,0,0,0,0,100,2.28,False
2026-08-03 13:08:36,ACEUSDT,DOWNTREND,SELL,20,20,43.48,0,0,0,0,100,0.83,False
2026-08-03 13:08:36,AIUSDT,SIDEWAYS,SELL,0,0,100,0,0,0,0,70,0.12,False
2026-08-03 13:08:36,STRKUSDT,UPTREND,WAIT,70,70,63.64,0,0,0,0,100,0.49,False
2026-08-03 13:08:36,AEVOUSDT,UPTREND,WAIT,65,65,76.19,0,0,0,0,90,26.08,False
2026-08-03 13:08:36,BOMEUSDT,SIDEWAYS,SELL,5,5,53.62,0,0,0,0,75,0.08,False
2026-08-03 13:08:36,ENAUSDT,UPTREND,SELL,25,25,73.68,0,0,0,0,75,0.1,False
2026-08-03 13:08:36,SAGAUSDT,SIDEWAYS,SELL,25,25,40.0,0,0,0,0,75,0.07,False
2026-08-03 13:08:36,BBUSDT,UPTREND,SELL,25,25,70.59,0,0,0,0,70,0.15,False
2026-08-03 13:08:36,RENDERUSDT,DOWNTREND,SELL,5,5,37.5,0,0,0,0,70,0.75,False
2026-08-03 13:08:36,DOGSUSDT,DOWNTREND,SELL,5,5,39.29,0,0,0,0,90,0.5,False
2026-08-03 13:08:36,POLUSDT,SIDEWAYS,SELL,0,0,49.12,0,0,0,0,75,0.04,False
2026-08-03 13:08:36,NEIROUSDT,DOWNTREND,SELL,15,15,31.82,0,0,0,0,100,0.6,False
2026-08-03 13:08:36,ACXUSDT,UPTREND,BUY,75,75,74.22,0,0,0,0,100,1.02,False
2026-08-03 13:08:36,MOVEUSDT,SIDEWAYS,SELL,0,0,100,0,0,0,0,75,0.04,False
2026-08-03 13:08:36,PENGUUSDT,SIDEWAYS,SELL,25,25,48.39,0,0,0,0,100,3.06,False
2026-08-03 13:08:36,SUSDT,DOWNTREND,SELL,5,5,30.56,0,0,0,0,100,0.33,False
2026-08-03 13:08:36,TRUMPUSDT,UPTREND,WAIT,45,45,55.56,0,0,0,0,90,0.24,False
2026-08-03 13:08:36,BERAUSDT,UPTREND,WAIT,70,70,71.43,0,0,0,0,70,1.38,False
2026-08-03 13:08:36,1000CHEEMSUSDT,DOWNTREND,SELL,0,0,37.5,0,0,0,0,90,0.21,False
2026-08-03 13:08:36,HEIUSDT,DOWNTREND,SELL,15,15,21.43,0,0,0,0,90,1.0,False
2026-08-03 13:08:36,KAITOUSDT,SIDEWAYS,SELL,25,25,15.63,0,0,0,0,90,0.12,False
2026-08-03 13:08:36,GPSUSDT,DOWNTREND,WAIT,30,30,27.27,0,0,0,0,70,3.26,False
2026-08-03 13:08:36,EPICUSDT,UPTREND,WAIT,30,30,82.4,0,0,0,0,90,0.2,False
2026-08-03 13:08:36,NILUSDT,DOWNTREND,SELL,0,0,37.33,0,0,0,0,90,0.23,False
2026-08-03 13:08:36,MUBARAKUSDT,DOWNTREND,SELL,5,5,12.12,0,0,0,0,90,0.12,False
2026-08-03 13:08:36,TUTUSDT,DOWNTREND,SELL,0,0,19.15,0,0,0,0,75,0.05,False
2026-08-03 13:08:36,BROCCOLI714USDT,DOWNTREND,SELL,0,0,15.79,0,0,0,0,80,0.16,False
2026-08-03 13:08:36,GUNUSDT,SIDEWAYS,SELL,0,0,100,0,0,0,0,75,0.03,False
2026-08-03 13:08:36,BABYUSDT,SIDEWAYS,SELL,15,15,57.14,0,0,0,0,90,0.15,False
2026-08-03 13:08:36,ONDOUSDT,UPTREND,BUY,80,80,60.0,0,0,0,0,100,1.9,False
2026-08-03 13:08:36,HYPERUSDT,UPTREND,WAIT,75,75,66.67,0,0,0,0,90,1.07,False
2026-08-03 13:08:36,SYRUPUSDT,DOWNTREND,SELL,0,0,21.43,0,0,0,0,70,0.46,False
2026-08-03 13:08:36,USD1USDT,SIDEWAYS,SELL,5,5,50.0,0,0,0,0,75,0.06,False
2026-08-03 13:08:36,HOMEUSDT,SIDEWAYS,WAIT,55,55,37.04,0,0,0,0,100,1.77,False
2026-08-03 13:08:36,SPKUSDT,DOWNTREND,SELL,0,0,44.55,0,0,0,0,80,0.2,False
2026-08-03 13:08:36,CUSDT,DOWNTREND,WAIT,35,35,43.59,0,0,0,0,100,2.17,False
2026-08-03 13:08:36,SOMIUSDT,UPTREND,SELL,25,25,77.78,0,0,0,0,70,0.1,False
2026-08-03 13:08:36,OPENUSDT,UPTREND,BUY,100,100,63.64,0,0,0,0,90,5.03,False
2026-08-03 13:08:36,PUMPUSDT,SIDEWAYS,SELL,25,25,50.0,0,0,0,0,90,0.13,False
2026-08-03 13:08:36,XPLUSDT,UPTREND,SELL,25,25,55.81,0,0,0,0,90,0.11,False
2026-08-03 13:08:36,MIRAUSDT,SIDEWAYS,WAIT,40,40,58.33,0,0,0,0,100,0.32,False
2026-08-03 13:08:36,FFUSDT,DOWNTREND,SELL,5,5,27.45,0,0,0,0,100,0.44,False
2026-08-03 13:08:36,EDENUSDT,SIDEWAYS,SELL,25,25,46.05,0,0,0,0,75,0.05,False
2026-08-03 13:08:36,MORPHOUSDT,DOWNTREND,WAIT,35,35,14.29,0,0,0,0,100,3.39,False
2026-08-03 13:08:36,EULUSDT,SIDEWAYS,WAIT,40,40,48.53,0,0,0,0,90,0.22,False
2026-08-03 13:08:36,ENSOUSDT,DOWNTREND,SELL,5,5,42.11,0,0,0,0,100,0.28,False
2026-08-03 13:08:36,GIGGLEUSDT,DOWNTREND,SELL,25,25,25.32,0,0,0,0,90,0.13,False
2026-08-03 13:08:36,KITEUSDT,UPTREND,WAIT,45,45,55.56,0,0,0,0,90,0.15,False
2026-08-03 13:08:36,ALLOUSDT,DOWNTREND,SELL,15,15,11.18,0,0,0,0,100,0.38,False
2026-08-03 13:08:36,BANKUSDT,DOWNTREND,SELL,10,10,42.86,0,0,0,0,75,0.08,False
2026-08-03 13:08:36,币安人生USDT,DOWNTREND,SELL,25,25,38.54,0,0,0,0,75,0.05,False
2026-08-03 13:08:36,UUSDT,DOWNTREND,SELL,0,0,40.0,0,0,0,0,75,0.05,False
2026-08-03 13:08:36,SENTUSDT,UPTREND,WAIT,75,75,66.67,0,0,0,0,90,1.06,False
2026-08-03 13:08:36,ZAMAUSDT,SIDEWAYS,SELL,25,25,48.0,0,0,0,0,75,0.0,False
2026-08-03 13:08:36,ESPUSDT,SIDEWAYS,SELL,15,15,49.26,0,0,0,0,100,1.14,False
2026-08-03 13:08:36,MANTRAUSDT,UPTREND,SELL,25,25,62.5,0,0,0,0,75,0.04,False
2026-08-03 13:08:36,NIGHTUSDT,DOWNTREND,SELL,0,0,16.67,0,0,0,0,75,0.08,False
2026-08-03 13:08:36,XAUTUSDT,SIDEWAYS,SELL,0,0,45.04,0,0,0,0,90,0.15,False
2026-08-03 13:08:36,GENIUSUSDT,UPTREND,WAIT,70,70,84.1,0,0,0,0,70,9.14,False
2026-08-03 13:08:36,MUBUSDT,SIDEWAYS,SELL,25,25,48.85,0,0,0,0,75,0.04,False
2026-08-03 13:08:36,CRCLBUSDT,UPTREND,BUY,100,100,56.44,0,0,0,0,100,1.04,False
2026-08-03 13:08:36,SNDKBUSDT,DOWNTREND,SELL,25,25,41.45,0,0,0,0,90,0.14,False
2026-08-03 13:08:36,SPCXBUSDT,DOWNTREND,SELL,20,20,40.7,0,0,0,0,100,0.46,False
2026-08-03 13:08:36,REUSDT,SIDEWAYS,SELL,25,25,34.88,0,0,0,0,90,0.11,False
2026-08-03 13:08:36,GRAMUSDT,SIDEWAYS,SELL,25,25,50.0,0,0,0,0,75,0.03,False
2026-08-03 13:08:36,GOOGLBUSDT,UPTREND,BUY,90,90,73.62,0,0,0,0,90,1.15,False
2026-08-03 13:08:36,NBISBUSDT,SIDEWAYS,SELL,25,25,47.06,0,0,0,0,90,0.11,False
2026-08-03 13:08:36,SOXLBUSDT,DOWNTREND,WAIT,55,55,42.72,0,0,0,0,100,0.84,False
2026-08-03 13:08:36,SKHYBUSDT,DOWNTREND,SELL,25,25,42.86,0,0,0,0,75,0.01,False
2026-08-03 13:09:04,BTCUSDT,SIDEWAYS,WAIT,50,48.34
2026-08-03 13:09:04,ETHUSDT,SIDEWAYS,WAIT,65,48.48
2026-08-03 13:09:04,BNBUSDT,DOWNTREND,WAIT,30,29.13
2026-08-03 13:09:04,LTCUSDT,DOWNTREND,WAIT,40,38.89
2026-08-03 13:09:04,ADAUSDT,SIDEWAYS,SELL,25,31.25
2026-08-03 13:09:04,XRPUSDT,SIDEWAYS,SELL,25,47.62
2026-08-03 13:09:04,XLMUSDT,SIDEWAYS,WAIT,40,50.0
2026-08-03 13:09:04,TRXUSDT,DOWNTREND,SELL,25,0.0
2026-08-03 13:09:04,USDCUSDT,DOWNTREND,SELL,0,44.44
2026-08-03 13:09:58,BTCUSDT,SIDEWAYS,SELL,25,25,49.79,0,0,0,0,90,0.13,False
2026-08-03 13:09:58,ETHUSDT,SIDEWAYS,WAIT,55,55,49.4,0,0,0,0,100,0.36,False
2026-08-03 13:09:58,BNBUSDT,DOWNTREND,WAIT,40,40,28.03,0,0,0,0,100,0.5,False
2026-08-03 13:09:58,LTCUSDT,DOWNTREND,SELL,5,5,35.29,0,0,0,0,90,0.19,False
2026-08-03 13:09:58,ADAUSDT,SIDEWAYS,WAIT,50,50,47.06,0,0,0,0,100,0.57,False
2026-08-03 13:09:58,XRPUSDT,DOWNTREND,SELL,15,15,33.33,0,0,0,0,100,0.31,False
2026-08-03 13:09:58,XLMUSDT,SIDEWAYS,SELL,25,25,54.55,0,0,0,0,75,0.02,False
2026-08-03 13:09:58,TRXUSDT,DOWNTREND,SELL,0,0,0.0,0,0,0,0,75,0.04,False
2026-08-03 13:09:58,USDCUSDT,SIDEWAYS,SELL,25,25,45.45,0,0,0,0,75,0.06,False
2026-08-03 13:09:58,LINKUSDT,UPTREND,BUY,100,100,57.14,0,0,0,0,100,0.55,False
2026-08-03 13:09:58,FETUSDT,DOWNTREND,SELL,15,15,37.5,0,0,0,0,100,0.5,False
2026-08-03 13:09:58,ZECUSDT,DOWNTREND,SELL,25,25,33.51,0,0,0,0,90,0.12,False
2026-08-03 13:09:58,CELRUSDT,UPTREND,WAIT,30,30,76.47,0,0,0,0,100,0.32,False
2026-08-03 13:09:58,ENJUSDT,SIDEWAYS,BUY,75,75,46.94,0,0,0,0,90,6.93,False
2026-08-03 13:09:58,ATOMUSDT,UPTREND,BUY,100,100,56.25,0,0,0,0,90,3.03,False
2026-08-03 13:09:58,ALGOUSDT,DOWNTREND,SELL,0,0,12.5,0,0,0,0,100,0.37,False
2026-08-03 13:09:58,DOGEUSDT,SIDEWAYS,WAIT,40,40,50.0,0,0,0,0,100,0.39,False
2026-08-03 13:09:58,WINUSDT,DOWNTREND,SELL,15,15,44.68,0,0,0,0,90,1.45,False
2026-08-03 13:09:58,HBARUSDT,DOWNTREND,SELL,0,0,28.0,0,0,0,0,90,0.27,False
2026-08-03 13:09:58,BCHUSDT,DOWNTREND,SELL,10,10,33.33,0,0,0,0,80,0.17,False
2026-08-03 13:09:58,EURUSDT,UPTREND,WAIT,55,55,70.0,0,0,0,0,100,0.29,False
2026-08-03 13:09:58,MBLUSDT,UPTREND,WAIT,100,100,62.5,0,0,0,0,100,2.88,False
2026-08-03 13:09:58,COTIUSDT,DOWNTREND,SELL,0,0,28.57,0,0,0,0,100,0.26,False
2026-08-03 13:09:58,SOLUSDT,DOWNTREND,SELL,5,5,41.67,0,0,0,0,90,0.16,False
2026-08-03 13:09:58,ZENUSDT,SIDEWAYS,SELL,25,25,50.0,0,0,0,0,80,0.18,False
2026-08-03 13:09:58,JSTUSDT,DOWNTREND,SELL,0,0,18.18,0,0,0,0,90,0.19,False
2026-08-03 13:09:58,SANDUSDT,UPTREND,SELL,10,10,80.0,0,0,0,0,80,0.22,False
2026-08-03 13:09:58,DOTUSDT,UPTREND,WAIT,60,60,55.56,0,0,0,0,100,0.39,False
2026-08-03 13:09:58,PAXGUSDT,DOWNTREND,SELL,0,0,44.44,0,0,0,0,70,0.18,False
2026-08-03 13:09:58,DIAUSDT,DOWNTREND,SELL,5,5,24.32,0,0,0,0,75,0.01,False
2026-08-03 13:09:58,UNIUSDT,DOWNTREND,SELL,20,20,43.48,0,0,0,0,100,0.39,False
2026-08-03 13:09:58,AVAXUSDT,UPTREND,SELL,25,25,59.09,0,0,0,0,90,0.13,False
2026-08-03 13:09:58,AAVEUSDT,DOWNTREND,SELL,25,25,34.55,0,0,0,0,75,0.1,False
2026-08-03 13:09:58,NEARUSDT,DOWNTREND,SELL,10,10,41.67,0,0,0,0,100,0.27,False
2026-08-03 13:09:58,FILUSDT,UPTREND,BUY,100,100,65.91,0,0,0,0,100,7.11,False
2026-08-03 13:09:58,INJUSDT,SIDEWAYS,BUY,85,85,53.33,0,0,0,0,90,1.52,False
2026-08-03 13:09:58,ATMUSDT,UPTREND,BUY,75,75,71.43,0,0,0,0,90,1.04,False
2026-08-03 13:09:58,RIFUSDT,UPTREND,BUY,90,90,68.18,0,0,0,0,100,1.63,False
2026-08-03 13:09:58,TLMUSDT,DOWNTREND,SELL,10,10,33.33,0,0,0,0,90,0.16,False
2026-08-03 13:09:58,SHIBUSDT,SIDEWAYS,SELL,25,25,55.56,0,0,0,0,75,0.02,False
2026-08-03 13:09:58,ICPUSDT,UPTREND,BUY,90,90,57.14,0,0,0,0,90,0.55,False
2026-08-03 13:09:58,DEXEUSDT,DOWNTREND,SELL,25,25,12.2,0,0,0,0,100,0.5,False
2026-08-03 13:09:58,WAXPUSDT,DOWNTREND,SELL,20,20,31.82,0,0,0,0,90,0.12,False
2026-08-03 13:09:58,ADXUSDT,UPTREND,WAIT,45,45,66.67,0,0,0,0,70,1.19,False
2026-08-03 13:09:58,PORTOUSDT,SIDEWAYS,SELL,0,0,50.0,0,0,0,0,70,0.15,False
2026-08-03 13:09:58,PYRUSDT,UPTREND,BUY,85,85,66.67,0,0,0,0,100,0.96,False
2026-08-03 13:09:58,BICOUSDT,SIDEWAYS,SELL,5,5,56.1,0,0,0,0,90,0.18,False
2026-08-03 13:09:58,PEOPLEUSDT,DOWNTREND,SELL,0,0,41.67,0,0,0,0,90,0.26,False
2026-08-03 13:09:58,JOEUSDT,UPTREND,WAIT,80,80,75.0,0,0,0,0,80,6.9,False
2026-08-03 13:09:58,SCRTUSDT,DOWNTREND,SELL,0,0,0.0,0,0,0,0,80,0.2,False
2026-08-03 13:09:58,BTTCUSDT,SIDEWAYS,SELL,15,15,50.0,0,0,0,0,80,0.33,False
2026-08-03 13:09:58,TUSDT,SIDEWAYS,WAIT,40,40,57.14,0,0,0,0,70,1.68,False
2026-08-03 13:09:58,GMTUSDT,UPTREND,WAIT,35,35,75.0,0,0,0,0,90,0.27,False
2026-08-03 13:09:58,LUNCUSDT,UPTREND,WAIT,55,55,56.6,0,0,0,0,100,0.29,False
2026-08-03 13:09:58,GMXUSDT,UPTREND,BUY,85,85,66.67,0,0,0,0,100,0.32,False
2026-08-03 13:09:58,HFTUSDT,UPTREND,BUY,75,75,75.46,0,0,0,0,100,11.93,False
2026-08-03 13:09:58,ARBUSDT,DOWNTREND,SELL,0,0,16.67,0,0,0,0,90,0.59,False
2026-08-03 13:09:58,EDUUSDT,UPTREND,SELL,25,25,75.0,0,0,0,0,90,0.14,False
2026-08-03 13:09:58,SUIUSDT,UPTREND,SELL,25,25,56.0,0,0,0,0,75,0.03,False
2026-08-03 13:09:58,PEPEUSDT,SIDEWAYS,SELL,0,0,45.45,0,0,0,0,75,0.03,False
2026-08-03 13:09:58,FLOKIUSDT,UPTREND,SELL,10,10,80.0,0,0,0,0,80,0.18,False
2026-08-03 13:09:58,PENDLEUSDT,DOWNTREND,WAIT,30,30,0.0,0,0,0,0,90,2.12,False
2026-08-03 13:09:58,WLDUSDT,DOWNTREND,SELL,0,0,29.41,0,0,0,0,90,0.2,False
2026-08-03 13:09:58,TIAUSDT,DOWNTREND,SELL,20,20,40.74,0,0,0,0,90,0.1,False
2026-08-03 13:09:58,ORDIUSDT,DOWNTREND,WAIT,65,65,27.27,0,0,0,0,100,4.31,False
2026-08-03 13:09:58,PIVXUSDT,UPTREND,WAIT,65,65,82.69,0,0,0,0,100,13.68,False
2026-08-03 13:09:58,VICUSDT,UPTREND,WAIT,65,65,80.45,0,0,0,0,100,3.32,False
2026-08-03 13:09:58,VANRYUSDT,UPTREND,WAIT,85,85,72.52,0,0,0,0,100,5.93,False
2026-08-03 13:09:58,JTOUSDT,SIDEWAYS,WAIT,50,50,50.0,0,0,0,0,90,0.39,False
2026-08-03 13:09:58,ACEUSDT,DOWNTREND,SELL,5,5,36.0,0,0,0,0,100,0.35,False
2026-08-03 13:09:58,AIUSDT,SIDEWAYS,SELL,10,10,100,0,0,0,0,80,3.25,False
2026-08-03 13:09:58,PYTHUSDT,DOWNTREND,SELL,0,0,25.0,0,0,0,0,70,0.38,False
2026-08-03 13:09:58,STRKUSDT,UPTREND,WAIT,85,85,75.0,0,0,0,0,100,27.04,False
2026-08-03 13:09:58,PORTALUSDT,DOWNTREND,WAIT,40,40,29.41,0,0,0,0,90,6.09,False
2026-08-03 13:09:58,BOMEUSDT,SIDEWAYS,SELL,5,5,53.62,0,0,0,0,75,0.04,False
2026-08-03 13:09:58,ETHFIUSDT,DOWNTREND,SELL,20,20,40.0,0,0,0,0,90,0.12,False
2026-08-03 13:09:58,ENAUSDT,UPTREND,SELL,25,25,70.59,0,0,0,0,90,0.12,False
2026-08-03 13:09:58,SAGAUSDT,SIDEWAYS,WAIT,75,75,52.63,0,0,0,0,100,3.27,False
2026-08-03 13:09:58,TAOUSDT,DOWNTREND,WAIT,40,40,42.86,0,0,0,0,100,1.87,False
2026-08-03 13:09:58,BBUSDT,UPTREND,WAIT,75,75,62.5,0,0,0,0,80,0.56,False
2026-08-03 13:09:58,DOGSUSDT,DOWNTREND,SELL,25,25,31.43,0,0,0,0,90,1.97,False
2026-08-03 13:09:58,POLUSDT,SIDEWAYS,SELL,5,5,50.0,0,0,0,0,75,0.06,False
2026-08-03 13:09:58,NEIROUSDT,DOWNTREND,SELL,5,5,31.53,0,0,0,0,100,0.39,False
2026-08-03 13:09:58,HMSTRUSDT,SIDEWAYS,WAIT,50,50,42.86,0,0,0,0,90,1.13,False
2026-08-03 13:09:58,EIGENUSDT,UPTREND,WAIT,30,30,100,0,0,0,0,90,0.58,False
2026-08-03 13:09:58,ACXUSDT,UPTREND,BUY,75,75,74.84,0,0,0,0,100,0.86,False
2026-08-03 13:09:58,MOVEUSDT,SIDEWAYS,SELL,0,0,100,0,0,0,0,90,0.11,False
2026-08-03 13:09:58,MEUSDT,DOWNTREND,SELL,0,0,40.0,0,0,0,0,70,0.29,False
2026-08-03 13:09:58,PENGUUSDT,DOWNTREND,SELL,0,0,39.29,0,0,0,0,75,0.01,False
2026-08-03 13:09:58,BIOUSDT,UPTREND,SELL,10,10,83.33,0,0,0,0,70,0.45,False
2026-08-03 13:09:58,SUSDT,DOWNTREND,SELL,15,15,28.95,0,0,0,0,100,0.51,False
2026-08-03 13:09:58,TRUMPUSDT,UPTREND,SELL,25,25,55.56,0,0,0,0,75,0.03,False
2026-08-03 13:09:58,1000CHEEMSUSDT,DOWNTREND,SELL,0,0,28.57,0,0,0,0,100,0.27,False
2026-08-03 13:09:58,TSTUSDT,DOWNTREND,SELL,0,0,15.38,0,0,0,0,70,0.35,False
2026-08-03 13:09:58,HEIUSDT,DOWNTREND,SELL,0,0,15.38,0,0,0,0,90,0.44,False
2026-08-03 13:09:58,KAITOUSDT,SIDEWAYS,WAIT,55,55,11.99,0,0,0,0,100,0.32,False
2026-08-03 13:09:58,GPSUSDT,DOWNTREND,SELL,0,0,20.0,0,0,0,0,70,1.26,False
2026-08-03 13:09:58,EPICUSDT,UPTREND,WAIT,65,65,79.76,0,0,0,0,100,0.6,False
2026-08-03 13:09:58,NILUSDT,DOWNTREND,SELL,15,15,43.42,0,0,0,0,100,0.56,False
2026-08-03 13:09:58,MUBARAKUSDT,DOWNTREND,SELL,10,10,25.0,0,0,0,0,75,0.0,False
2026-08-03 13:09:58,TUTUSDT,DOWNTREND,SELL,5,5,26.83,0,0,0,0,100,0.37,False
2026-08-03 13:09:58,GUNUSDT,SIDEWAYS,SELL,0,0,100,0,0,0,0,75,0.03,False
2026-08-03 13:09:58,BABYUSDT,UPTREND,WAIT,100,100,60.0,0,0,0,0,100,2.22,False
2026-08-03 13:09:58,ONDOUSDT,UPTREND,SELL,25,25,57.89,0,0,0,0,90,0.14,False
2026-08-03 13:09:58,USD1USDT,SIDEWAYS,SELL,25,25,50.0,0,0,0,0,75,0.03,False
2026-08-03 13:09:58,HOMEUSDT,SIDEWAYS,WAIT,45,45,48.57,0,0,0,0,100,1.1,False
2026-08-03 13:09:58,SPKUSDT,SIDEWAYS,SELL,10,10,51.97,0,0,0,0,80,0.13,False
2026-08-03 13:09:58,ERAUSDT,UPTREND,BUY,100,100,69.23,0,0,0,0,100,21.01,False
2026-08-03 13:09:58,CUSDT,SIDEWAYS,SELL,0,0,46.34,0,0,0,0,100,0.39,False
2026-08-03 13:09:58,MITOUSDT,SIDEWAYS,WAIT,30,30,50.0,0,0,0,0,70,0.49,False
2026-08-03 13:09:58,WLFIUSDT,UPTREND,WAIT,40,40,100,0,0,0,0,70,2.01,False
2026-08-03 13:09:58,SOMIUSDT,UPTREND,WAIT,35,35,73.68,0,0,0,0,70,0.15,False
2026-08-03 13:09:58,PUMPUSDT,SIDEWAYS,SELL,0,0,46.67,0,0,0,0,75,0.05,False
2026-08-03 13:09:58,HEMIUSDT,UPTREND,WAIT,35,35,72.73,0,0,0,0,70,0.82,False
2026-08-03 13:09:58,XPLUSDT,SIDEWAYS,SELL,15,15,48.65,0,0,0,0,90,0.24,False
2026-08-03 13:09:58,MIRAUSDT,SIDEWAYS,WAIT,40,40,50.0,0,0,0,0,100,0.51,False
2026-08-03 13:09:58,FFUSDT,DOWNTREND,SELL,0,0,26.92,0,0,0,0,90,0.2,False
2026-08-03 13:09:58,EDENUSDT,SIDEWAYS,WAIT,30,30,53.25,0,0,0,0,100,0.36,False
2026-08-03 13:09:58,EULUSDT,UPTREND,BUY,85,85,58.46,0,0,0,0,100,0.55,False
2026-08-03 13:09:58,ENSOUSDT,DOWNTREND,SELL,20,20,38.1,0,0,0,0,100,0.38,False
2026-08-03 13:09:58,GIGGLEUSDT,DOWNTREND,WAIT,50,50,28.81,0,0,0,0,100,1.57,False
2026-08-03 13:09:58,KITEUSDT,UPTREND,WAIT,45,45,55.56,0,0,0,0,90,0.23,False
2026-08-03 13:09:58,MMTUSDT,SIDEWAYS,WAIT,50,50,52.17,0,0,0,0,100,0.32,False
2026-08-03 13:09:58,ALLOUSDT,DOWNTREND,SELL,25,25,12.26,0,0,0,0,100,0.55,False
2026-08-03 13:09:58,BANKUSDT,DOWNTREND,SELL,20,20,37.5,0,0,0,0,100,1.12,False
2026-08-03 13:09:58,BREVUSDT,UPTREND,SELL,25,25,57.14,0,0,0,0,70,0.27,False
2026-08-03 13:09:58,币安人生USDT,DOWNTREND,SELL,25,25,31.18,0,0,0,0,75,0.05,False
2026-08-03 13:09:58,UUSDT,SIDEWAYS,SELL,15,15,50.0,0,0,0,0,90,0.14,False
2026-08-03 13:09:58,SENTUSDT,UPTREND,WAIT,85,85,71.43,0,0,0,0,90,3.1,False
2026-08-03 13:09:58,ZAMAUSDT,SIDEWAYS,WAIT,30,30,38.3,0,0,0,0,90,0.2,False
2026-08-03 13:09:58,ESPUSDT,SIDEWAYS,SELL,20,20,50.64,0,0,0,0,100,0.56,False
2026-08-03 13:09:58,MANTRAUSDT,UPTREND,SELL,25,25,71.43,0,0,0,0,75,0.02,False
2026-08-03 13:09:58,OPNUSDT,UPTREND,WAIT,60,60,75.0,0,0,0,0,70,1.97,False
2026-08-03 13:09:58,NIGHTUSDT,DOWNTREND,SELL,0,0,25.0,0,0,0,0,100,0.25,False
2026-08-03 13:09:58,XAUTUSDT,SIDEWAYS,SELL,0,0,45.14,0,0,0,0,90,0.24,False
2026-08-03 13:09:58,GENIUSUSDT,UPTREND,BUY,80,80,78.24,0,0,0,0,70,7.72,False
2026-08-03 13:09:58,MUBUSDT,SIDEWAYS,BUY,75,75,46.08,0,0,0,0,100,0.46,False
2026-08-03 13:09:58,CRCLBUSDT,UPTREND,SELL,25,25,75.0,0,0,0,0,75,0.09,False
2026-08-03 13:09:58,SNDKBUSDT,DOWNTREND,SELL,5,5,39.26,0,0,0,0,90,0.18,False
2026-08-03 13:09:58,SPCXBUSDT,DOWNTREND,WAIT,50,50,30.93,0,0,0,0,100,1.67,False
2026-08-03 13:09:58,REUSDT,SIDEWAYS,WAIT,30,30,38.3,0,0,0,0,100,0.29,False
2026-08-03 13:09:58,INTCBUSDT,SIDEWAYS,BUY,85,85,50.0,0,0,0,0,90,0.31,False
2026-08-03 13:09:58,MSTRBUSDT,DOWNTREND,SELL,20,20,11.36,0,0,0,0,70,0.94,False
2026-08-03 13:09:58,GRAMUSDT,UPTREND,WAIT,60,60,71.43,0,0,0,0,100,0.36,False
2026-08-03 13:09:58,GOOGLBUSDT,UPTREND,BUY,100,100,69.36,0,0,0,0,90,0.97,False
2026-08-03 13:09:58,NBISBUSDT,SIDEWAYS,SELL,20,20,45.64,0,0,0,0,75,0.02,False
2026-08-03 13:09:58,SOXLBUSDT,DOWNTREND,WAIT,60,60,42.04,0,0,0,0,100,1.8,False
2026-08-03 13:09:58,SKHYBUSDT,DOWNTREND,SELL,5,5,35.37,0,0,0,0,90,0.22,False
2026-08-03 13:09:58,KORUBUSDT,DOWNTREND,SELL,25,25,43.55,0,0,0,0,80,0.13,False
2026-08-03 13:09:58,SNXXBUSDT,DOWNTREND,SELL,25,25,40.38,0,0,0,0,75,0.0,False
2026-08-03 13:10:27,BTCUSDT,SIDEWAYS,SELL,25,50.92
2026-08-03 13:10:27,ETHUSDT,SIDEWAYS,SELL,25,47.43
2026-08-03 13:10:27,BNBUSDT,DOWNTREND,SELL,25,28.39
2026-08-03 13:10:27,XRPUSDT,DOWNTREND,SELL,20,28.57
2026-08-03 13:10:27,TRXUSDT,DOWNTREND,SELL,0,0.0
2026-08-03 13:10:27,USDCUSDT,SIDEWAYS,SELL,5,50.0
2026-08-03 13:10:27,CELRUSDT,UPTREND,SELL,25,66.67
2026-08-03 13:10:27,ALGOUSDT,DOWNTREND,SELL,10,14.29
2026-08-03 13:10:27,DOGEUSDT,SIDEWAYS,SELL,25,54.55
2026-08-03 13:10:27,WINUSDT,SIDEWAYS,SELL,0,49.02
2026-08-03 13:10:27,EURUSDT,UPTREND,SELL,25,70.0
2026-08-03 13:10:27,MBLUSDT,UPTREND,SELL,25,62.5
2026-08-03 13:10:27,COTIUSDT,DOWNTREND,SELL,0,26.0
2026-08-03 13:10:27,SOLUSDT,SIDEWAYS,SELL,25,45.45
2026-08-03 13:10:27,DOTUSDT,UPTREND,SELL,25,62.5
2026-08-03 13:10:27,DIAUSDT,DOWNTREND,SELL,25,37.5
2026-08-03 13:10:27,FILUSDT,UPTREND,WAIT,60,77.08
2026-08-03 13:10:27,GRTUSDT,UPTREND,WAIT,70,75.0
2026-08-03 13:10:27,TLMUSDT,DOWNTREND,SELL,25,33.33
2026-08-03 13:10:27,SHIBUSDT,SIDEWAYS,SELL,25,55.56
2026-08-03 13:10:27,DEXEUSDT,DOWNTREND,WAIT,30,23.68
2026-08-03 13:10:27,WAXPUSDT,DOWNTREND,SELL,0,30.43
2026-08-03 13:10:27,PYRUSDT,UPTREND,SELL,25,62.5
2026-08-03 13:10:27,BICOUSDT,SIDEWAYS,SELL,5,45.45
2026-08-03 13:10:27,SCRTUSDT,DOWNTREND,SELL,25,0.0
2026-08-03 13:10:27,BTTCUSDT,SIDEWAYS,SELL,0,50.0
2026-08-03 13:10:27,TUSDT,SIDEWAYS,SELL,0,50.0
2026-08-03 13:10:27,NEXOUSDT,DOWNTREND,SELL,10,20.0
2026-08-03 13:10:27,GMXUSDT,UPTREND,SELL,25,66.67
2026-08-03 13:10:27,HFTUSDT,UPTREND,WAIT,60,79.35
2026-08-03 13:11:20,BTCUSDT,SIDEWAYS,WAIT,35,35,51.27,0,0,0,0,90,0.23,False
2026-08-03 13:11:20,ETHUSDT,SIDEWAYS,SELL,25,25,48.97,0,0,0,0,90,0.1,False
2026-08-03 13:11:20,BNBUSDT,DOWNTREND,WAIT,30,30,28.69,0,0,0,0,100,0.41,False
2026-08-03 13:11:20,LTCUSDT,DOWNTREND,WAIT,35,35,38.89,0,0,0,0,100,0.8,False
2026-08-03 13:11:20,ADAUSDT,UPTREND,BUY,75,75,79.17,0,0,0,0,100,10.0,False
2026-08-03 13:11:20,XRPUSDT,DOWNTREND,SELL,20,20,31.82,0,0,0,0,75,0.07,False
2026-08-03 13:11:20,XLMUSDT,DOWNTREND,SELL,25,25,44.44,0,0,0,0,75,0.09,False
2026-08-03 13:11:20,TRXUSDT,DOWNTREND,SELL,0,0,0.0,0,0,0,0,100,0.7,False
2026-08-03 13:11:20,ETCUSDT,UPTREND,WAIT,65,65,100,0,0,0,0,90,4.81,False
2026-08-03 13:11:20,USDCUSDT,SIDEWAYS,SELL,25,25,54.55,0,0,0,0,90,0.16,False
2026-08-03 13:11:20,LINKUSDT,UPTREND,BUY,95,95,56.52,0,0,0,0,100,0.46,False
2026-08-03 13:11:20,FETUSDT,DOWNTREND,SELL,20,20,37.5,0,0,0,0,100,0.83,False
2026-08-03 13:11:20,ZECUSDT,DOWNTREND,SELL,15,15,34.56,0,0,0,0,90,0.19,False
2026-08-03 13:11:20,DASHUSDT,UPTREND,BUY,85,85,62.5,0,0,0,0,90,0.7,False
2026-08-03 13:11:20,ENJUSDT,SIDEWAYS,WAIT,50,50,49.31,0,0,0,0,90,0.66,False
2026-08-03 13:11:20,COTIUSDT,DOWNTREND,SELL,10,10,28.26,0,0,0,0,75,0.01,False
2026-08-03 13:11:20,UNIUSDT,DOWNTREND,SELL,25,25,40.91,0,0,0,0,75,0.0,False
2026-08-03 13:11:20,FILUSDT,UPTREND,SELL,25,25,78.0,0,0,0,0,75,0.01,False
2026-08-03 13:11:20,DEXEUSDT,DOWNTREND,SELL,20,20,7.69,0,0,0,0,75,0.07,False
2026-08-03 13:11:20,WAXPUSDT,DOWNTREND,SELL,10,10,31.82,0,0,0,0,75,0.02,False
2026-08-03 13:11:20,PYRUSDT,UPTREND,WAIT,70,70,60.0,0,0,0,0,100,0.57,False
2026-08-03 13:11:20,BICOUSDT,SIDEWAYS,SELL,15,15,53.17,0,0,0,0,75,0.08,False
2026-08-03 13:11:20,PEOPLEUSDT,SIDEWAYS,SELL,0,0,46.15,0,0,0,0,80,0.17,False
2026-08-03 13:11:20,SCRTUSDT,DOWNTREND,SELL,25,25,20.0,0,0,0,0,90,8.87,False
2026-08-03 13:11:20,HFTUSDT,UPTREND,BUY,80,80,72.96,0,0,0,0,100,1.6,False
2026-08-03 13:11:20,SYNUSDT,SIDEWAYS,SELL,25,25,49.36,0,0,0,0,90,0.18,False
2026-08-03 13:11:20,ARBUSDT,DOWNTREND,SELL,0,0,0.0,0,0,0,0,90,0.38,False
2026-08-03 13:11:20,EDUUSDT,UPTREND,SELL,25,25,80.0,0,0,0,0,75,0.01,False
2026-08-03 13:11:20,SUIUSDT,UPTREND,SELL,25,25,59.26,0,0,0,0,75,0.01,False
2026-08-03 13:11:20,PEPEUSDT,DOWNTREND,SELL,0,0,41.67,0,0,0,0,75,0.0,False
2026-08-03 13:11:20,FLOKIUSDT,UPTREND,WAIT,30,30,75.0,0,0,0,0,80,0.21,False
2026-08-03 13:11:20,WLDUSDT,DOWNTREND,SELL,10,10,35.0,0,0,0,0,75,0.09,False
2026-08-03 13:11:20,FDUSDUSDT,UPTREND,SELL,5,5,100,0,0,0,0,90,0.27,False
2026-08-03 13:11:20,PIVXUSDT,UPTREND,WAIT,55,55,76.06,0,0,0,0,100,1.04,False
2026-08-03 13:11:20,VICUSDT,UPTREND,BUY,75,75,68.46,0,0,0,0,100,0.59,False
2026-08-03 13:11:20,VANRYUSDT,UPTREND,WAIT,70,70,68.6,0,0,0,0,100,0.7,False
2026-08-03 13:11:20,PYTHUSDT,DOWNTREND,SELL,0,0,32.0,0,0,0,0,70,0.44,False
2026-08-03 13:11:20,PORTALUSDT,DOWNTREND,SELL,5,5,26.67,0,0,0,0,90,0.41,False
2026-08-03 13:11:20,BOMEUSDT,DOWNTREND,SELL,20,20,43.14,0,0,0,0,75,0.0,False
2026-08-03 13:11:20,ETHFIUSDT,DOWNTREND,WAIT,35,35,44.44,0,0,0,0,100,0.73,False
2026-08-03 13:11:20,ENAUSDT,UPTREND,SELL,25,25,61.54,0,0,0,0,75,0.01,False
2026-08-03 13:11:20,TAOUSDT,SIDEWAYS,SELL,25,25,45.45,0,0,0,0,75,0.06,False
2026-08-03 13:11:20,DOGSUSDT,DOWNTREND,SELL,0,0,42.86,0,0,0,0,80,0.2,False
2026-08-03 13:11:20,POLUSDT,DOWNTREND,SELL,0,0,20.0,0,0,0,0,75,0.02,False
2026-08-03 13:11:20,NEIROUSDT,DOWNTREND,SELL,10,10,33.94,0,0,0,0,75,0.06,False
2026-08-03 13:11:20,ACXUSDT,UPTREND,WAIT,50,50,76.49,0,0,0,0,100,0.62,False
2026-08-03 13:11:20,MOVEUSDT,SIDEWAYS,SELL,0,0,100,0,0,0,0,75,0.03,False
2026-08-03 13:11:20,PENGUUSDT,SIDEWAYS,WAIT,40,40,44.44,0,0,0,0,90,0.23,False
2026-08-03 13:11:20,SUSDT,DOWNTREND,SELL,20,20,32.35,0,0,0,0,100,1.06,False
2026-08-03 13:11:20,TRUMPUSDT,SIDEWAYS,WAIT,35,35,50.0,0,0,0,0,100,0.25,False
2026-08-03 13:11:20,1000CHEEMSUSDT,DOWNTREND,WAIT,30,30,42.86,0,0,0,0,100,6.6,False
2026-08-03 13:11:20,KAITOUSDT,SIDEWAYS,SELL,25,25,24.39,0,0,0,0,75,0.04,False
2026-08-03 13:11:20,GPSUSDT,DOWNTREND,SELL,0,0,20.0,0,0,0,0,70,0.48,False
2026-08-03 13:11:20,EPICUSDT,UPTREND,BUY,95,95,66.59,0,0,0,0,100,0.61,False
2026-08-03 13:11:20,NILUSDT,DOWNTREND,SELL,25,25,40.48,0,0,0,0,90,0.14,False
2026-08-03 13:11:20,TUTUSDT,SIDEWAYS,SELL,25,25,50.0,0,0,0,0,75,0.0,False
2026-08-03 13:11:20,BROCCOLI714USDT,DOWNTREND,SELL,5,5,20.83,0,0,0,0,90,1.06,False
2026-08-03 13:11:20,BANANAS31USDT,DOWNTREND,SELL,0,0,18.6,0,0,0,0,70,0.29,False
2026-08-03 13:11:20,ONDOUSDT,UPTREND,BUY,75,75,55.56,0,0,0,0,100,1.05,False
2026-08-03 13:11:20,USD1USDT,SIDEWAYS,SELL,25,25,50.0,0,0,0,0,90,0.12,False
2026-08-03 13:11:20,HOMEUSDT,SIDEWAYS,WAIT,35,35,42.42,0,0,0,0,100,0.4,False
2026-08-03 13:11:20,ERAUSDT,UPTREND,SELL,25,25,63.64,0,0,0,0,75,0.05,False
2026-08-03 13:11:20,CUSDT,SIDEWAYS,SELL,5,5,48.72,0,0,0,0,75,0.02,False
2026-08-03 13:11:20,OPENUSDT,UPTREND,BUY,95,95,55.32,0,0,0,0,90,0.89,False
2026-08-03 13:11:20,XPLUSDT,UPTREND,WAIT,55,55,57.89,0,0,0,0,90,0.15,False
2026-08-03 13:11:20,EDENUSDT,SIDEWAYS,SELL,25,25,52.05,0,0,0,0,75,0.01,False
2026-08-03 13:11:20,EULUSDT,UPTREND,SELL,25,25,56.25,0,0,0,0,75,0.09,False
2026-08-03 13:11:20,ENSOUSDT,DOWNTREND,WAIT,35,35,40.0,0,0,0,0,100,0.96,False
2026-08-03 13:11:20,GIGGLEUSDT,DOWNTREND,SELL,0,0,24.8,0,0,0,0,90,0.23,False
2026-08-03 13:11:20,KITEUSDT,UPTREND,WAIT,60,60,60.0,0,0,0,0,100,0.33,False
2026-08-03 13:11:20,MMTUSDT,SIDEWAYS,SELL,15,15,50.0,0,0,0,0,75,0.06,False
2026-08-03 13:11:20,ALLOUSDT,DOWNTREND,SELL,0,0,11.66,0,0,0,0,90,0.18,False
2026-08-03 13:11:20,BANKUSDT,DOWNTREND,SELL,20,20,28.57,0,0,0,0,75,0.05,False
2026-08-03 13:11:20,UUSDT,SIDEWAYS,WAIT,35,35,50.0,0,0,0,0,100,1.17,False
2026-08-03 13:11:20,SENTUSDT,UPTREND,WAIT,60,60,56.0,0,0,0,0,90,0.74,False
2026-08-03 13:11:20,ZAMAUSDT,DOWNTREND,SELL,25,25,32.63,0,0,0,0,90,0.13,False
2026-08-03 13:11:20,ESPUSDT,SIDEWAYS,SELL,5,5,46.01,0,0,0,0,75,0.07,False
2026-08-03 13:11:20,MANTRAUSDT,UPTREND,SELL,25,25,60.0,0,0,0,0,75,0.01,False
2026-08-03 13:11:20,NIGHTUSDT,UPTREND,SELL,25,25,58.33,0,0,0,0,75,0.08,False
2026-08-03 13:11:20,XAUTUSDT,DOWNTREND,SELL,15,15,34.59,0,0,0,0,100,0.25,False
2026-08-03 13:11:20,GENIUSUSDT,UPTREND,WAIT,65,65,72.23,0,0,0,0,70,0.47,False
2026-08-03 13:11:20,MUBUSDT,SIDEWAYS,SELL,25,25,53.49,0,0,0,0,75,0.01,False
2026-08-03 13:11:20,CRCLBUSDT,UPTREND,SELL,25,25,80.52,0,0,0,0,75,0.1,False
2026-08-03 13:11:20,SNDKBUSDT,SIDEWAYS,SELL,20,20,45.07,0,0,0,0,75,0.08,False
2026-08-03 13:11:20,SPCXBUSDT,DOWNTREND,WAIT,45,45,28.71,0,0,0,0,100,1.01,False
2026-08-03 13:11:20,REUSDT,SIDEWAYS,SELL,25,25,33.33,0,0,0,0,75,0.05,False
2026-08-03 13:11:20,INTCBUSDT,SIDEWAYS,BUY,90,90,44.44,0,0,0,0,90,0.67,False
2026-08-03 13:11:20,MSTRBUSDT,DOWNTREND,SELL,25,25,13.89,0,0,0,0,70,1.34,False
2026-08-03 13:11:20,DRAMBUSDT,SIDEWAYS,WAIT,45,45,50.0,0,0,0,0,90,0.36,False
2026-08-03 13:11:20,SOXLBUSDT,SIDEWAYS,WAIT,50,50,45.57,0,0,0,0,100,1.07,False
2026-08-03 13:11:20,SKHYBUSDT,DOWNTREND,SELL,25,25,38.05,0,0,0,0,75,0.08,False
2026-08-03 13:11:20,KORUBUSDT,SIDEWAYS,WAIT,35,35,50.0,0,0,0,0,90,0.64,False
2026-08-03 13:11:20,SNXXBUSDT,SIDEWAYS,SELL,25,25,46.67,0,0,0,0,90,0.13,False
2026-08-03 13:11:48,BTCUSDT,UPTREND,WAIT,60,55.99
2026-08-03 13:11:48,ETHUSDT,SIDEWAYS,WAIT,50,53.36
2026-08-03 13:11:48,BNBUSDT,DOWNTREND,WAIT,30,32.54
2026-08-03 13:11:48,LTCUSDT,DOWNTREND,SELL,5,42.11
2026-08-03 13:12:41,BTCUSDT,UPTREND,SELL,25,25,61.47,0,0,0,0,75,0.05,False
2026-08-03 13:12:41,ETHUSDT,UPTREND,WAIT,60,60,55.34,0,0,0,0,90,0.18,False
2026-08-03 13:12:41,BNBUSDT,DOWNTREND,SELL,20,20,40.31,0,0,0,0,100,0.47,False
2026-08-03 13:12:41,LTCUSDT,DOWNTREND,SELL,25,25,44.44,0,0,0,0,75,0.06,False
2026-08-03 13:12:41,ADAUSDT,UPTREND,WAIT,45,45,73.08,0,0,0,0,100,0.26,False
2026-08-03 13:12:41,XRPUSDT,SIDEWAYS,SELL,0,0,50.0,0,0,0,0,90,0.16,False
2026-08-03 13:12:41,XLMUSDT,UPTREND,BUY,100,100,55.56,0,0,0,0,100,2.35,False
2026-08-03 13:12:41,TRXUSDT,DOWNTREND,SELL,0,0,0.0,0,0,0,0,100,0.39,False
2026-08-03 13:12:41,USDCUSDT,DOWNTREND,SELL,10,10,44.44,0,0,0,0,90,0.11,False
2026-08-03 13:12:41,LINKUSDT,SIDEWAYS,BUY,100,100,54.55,0,0,0,0,100,1.94,False
2026-08-03 13:12:41,FETUSDT,SIDEWAYS,SELL,5,5,50.0,0,0,0,0,75,0.0,False
2026-08-03 13:12:41,ZECUSDT,DOWNTREND,SELL,25,25,39.12,0,0,0,0,75,0.0,False
2026-08-03 13:12:41,CELRUSDT,UPTREND,WAIT,55,55,55.56,0,0,0,0,90,0.16,False
2026-08-03 13:12:41,DASHUSDT,UPTREND,SELL,25,25,58.82,0,0,0,0,80,0.14,False
2026-08-03 13:12:41,ENJUSDT,SIDEWAYS,SELL,25,25,44.93,0,0,0,0,80,0.25,False
2026-08-03 13:12:41,ATOMUSDT,UPTREND,BUY,95,95,62.5,0,0,0,0,90,0.42,False
2026-08-03 13:12:41,ALGOUSDT,DOWNTREND,SELL,0,0,25.0,0,0,0,0,90,0.23,False
2026-08-03 13:12:41,DOGEUSDT,UPTREND,SELL,25,25,60.0,0,0,0,0,75,0.07,False
2026-08-03 13:12:41,WINUSDT,DOWNTREND,SELL,0,0,38.89,0,0,0,0,80,0.17,False
2026-08-03 13:12:41,HBARUSDT,DOWNTREND,SELL,15,15,42.11,0,0,0,0,90,0.3,False
2026-08-03 13:12:41,EURUSDT,UPTREND,SELL,25,25,66.67,0,0,0,0,90,0.13,False
2026-08-03 13:12:41,MBLUSDT,SIDEWAYS,WAIT,60,60,50.0,0,0,0,0,100,0.37,False
2026-08-03 13:12:41,COTIUSDT,DOWNTREND,SELL,10,10,29.17,0,0,0,0,75,0.04,False
2026-08-03 13:12:41,SOLUSDT,SIDEWAYS,SELL,25,25,52.17,0,0,0,0,75,0.01,False
2026-08-03 13:12:41,JSTUSDT,DOWNTREND,SELL,5,5,30.0,0,0,0,0,100,0.38,False
2026-08-03 13:12:41,DIAUSDT,SIDEWAYS,SELL,25,25,55.26,0,0,0,0,100,0.27,False
2026-08-03 13:12:41,UNIUSDT,SIDEWAYS,SELL,10,10,50.0,0,0,0,0,100,0.25,False
2026-08-03 13:12:41,AVAXUSDT,UPTREND,BUY,85,85,72.73,0,0,0,0,100,0.65,False
2026-08-03 13:12:41,AAVEUSDT,DOWNTREND,SELL,25,25,42.31,0,0,0,0,75,0.02,False
2026-08-03 13:12:41,NEARUSDT,SIDEWAYS,SELL,25,25,55.56,0,0,0,0,75,0.04,False
2026-08-03 13:12:41,FILUSDT,UPTREND,BUY,90,90,70.69,0,0,0,0,100,2.03,False
2026-08-03 13:12:41,SKLUSDT,UPTREND,WAIT,85,85,66.67,0,0,0,0,70,8.11,False
2026-08-03 13:12:41,GRTUSDT,UPTREND,SELL,15,15,77.27,0,0,0,0,100,0.29,False
2026-08-03 13:12:41,CFXUSDT,DOWNTREND,SELL,5,5,38.89,0,0,0,0,90,0.7,False
2026-08-03 13:12:41,SHIBUSDT,SIDEWAYS,SELL,25,25,50.0,0,0,0,0,75,0.02,False
2026-08-03 13:12:41,ICPUSDT,UPTREND,WAIT,45,45,88.89,0,0,0,0,90,0.92,False
2026-08-03 13:12:41,ARUSDT,UPTREND,BUY,75,75,78.57,0,0,0,0,70,2.17,False
2026-08-03 13:12:41,DEXEUSDT,DOWNTREND,WAIT,30,30,5.56,0,0,0,0,100,0.93,False
2026-08-03 13:12:41,WAXPUSDT,DOWNTREND,SELL,10,10,27.27,0,0,0,0,75,0.05,False
2026-08-03 13:12:41,LAZIOUSDT,DOWNTREND,SELL,10,10,44.44,0,0,0,0,80,0.53,False
2026-08-03 13:12:41,PYRUSDT,UPTREND,WAIT,60,60,55.56,0,0,0,0,100,0.47,False
2026-08-03 13:12:41,BICOUSDT,SIDEWAYS,SELL,0,0,49.57,0,0,0,0,90,0.2,False
2026-08-03 13:12:41,PEOPLEUSDT,SIDEWAYS,SELL,20,20,46.15,0,0,0,0,80,0.14,False
2026-08-03 13:12:41,SCRTUSDT,DOWNTREND,SELL,15,15,25.0,0,0,0,0,80,0.14,False
2026-08-03 13:12:41,BTTCUSDT,SIDEWAYS,WAIT,70,70,50.0,0,0,0,0,80,0.82,False
2026-08-03 13:12:41,GMTUSDT,UPTREND,WAIT,70,70,60.0,0,0,0,0,90,0.35,False
2026-08-03 13:12:41,NEXOUSDT,DOWNTREND,SELL,25,25,33.33,0,0,0,0,80,0.11,False
2026-08-03 13:12:41,LUNCUSDT,UPTREND,SELL,25,25,75.76,0,0,0,0,75,0.06,False
2026-08-03 13:12:41,GMXUSDT,SIDEWAYS,WAIT,45,45,40.0,0,0,0,0,100,0.25,False
2026-08-03 13:12:41,HFTUSDT,UPTREND,BUY,75,75,75.74,0,0,0,0,100,10.83,False
2026-08-03 13:12:41,SYNUSDT,SIDEWAYS,WAIT,40,40,46.67,0,0,0,0,100,0.35,False
2026-08-03 13:12:41,PROMUSDT,SIDEWAYS,WAIT,65,65,21.88,0,0,0,0,90,0.78,False
2026-08-03 13:12:41,ARBUSDT,DOWNTREND,SELL,0,0,0.0,0,0,0,0,90,0.6,False
2026-08-03 13:12:41,EDUUSDT,UPTREND,WAIT,80,80,60.0,0,0,0,0,100,2.27,False
2026-08-03 13:12:41,SUIUSDT,UPTREND,BUY,95,95,57.14,0,0,0,0,100,0.91,False
2026-08-03 13:12:41,PEPEUSDT,SIDEWAYS,SELL,5,5,50.0,0,0,0,0,75,0.05,False
2026-08-03 13:12:41,PENDLEUSDT,DOWNTREND,SELL,0,0,25.0,0,0,0,0,90,0.29,False
2026-08-03 13:12:41,WLDUSDT,DOWNTREND,SELL,20,20,31.82,0,0,0,0,75,0.02,False
2026-08-03 13:12:41,PIVXUSDT,UPTREND,BUY,80,80,65.85,0,0,0,0,100,0.76,False
2026-08-03 13:12:41,VICUSDT,UPTREND,BUY,80,80,65.03,0,0,0,0,100,1.18,False
2026-08-03 13:12:41,VANRYUSDT,UPTREND,WAIT,80,80,67.86,0,0,0,0,100,1.8,False
2026-08-03 13:12:41,ACEUSDT,DOWNTREND,SELL,25,25,33.33,0,0,0,0,75,0.05,False
2026-08-03 13:12:41,AIUSDT,SIDEWAYS,SELL,0,0,100,0,0,0,0,70,0.13,False
2026-08-03 13:12:41,PYTHUSDT,DOWNTREND,WAIT,30,30,32.26,0,0,0,0,70,3.02,False
2026-08-03 13:12:41,STRKUSDT,UPTREND,SELL,25,25,78.95,0,0,0,0,75,0.02,False
2026-08-03 13:12:41,BOMEUSDT,DOWNTREND,SELL,20,20,38.81,0,0,0,0,75,0.02,False
2026-08-03 13:12:41,ETHFIUSDT,DOWNTREND,WAIT,35,35,39.29,0,0,0,0,100,0.52,False
2026-08-03 13:12:41,ENAUSDT,SIDEWAYS,SELL,25,25,50.0,0,0,0,0,75,0.06,False
2026-08-03 13:12:41,TAOUSDT,DOWNTREND,SELL,25,25,41.67,0,0,0,0,100,0.29,False
2026-08-03 13:12:41,DOGSUSDT,DOWNTREND,SELL,15,15,33.33,0,0,0,0,90,0.64,False
2026-08-03 13:12:41,POLUSDT,DOWNTREND,SELL,10,10,28.21,0,0,0,0,75,0.06,False
2026-08-03 13:12:41,NEIROUSDT,DOWNTREND,WAIT,40,40,29.63,0,0,0,0,100,13.14,False
2026-08-03 13:12:41,ACXUSDT,UPTREND,SELL,25,25,75.75,0,0,0,0,90,0.2,False
2026-08-03 13:12:41,MOVEUSDT,SIDEWAYS,SELL,0,0,100,0,0,0,0,75,0.03,False
2026-08-03 13:12:41,MEUSDT,DOWNTREND,SELL,0,0,34.62,0,0,0,0,70,0.3,False
2026-08-03 13:12:41,PENGUUSDT,SIDEWAYS,WAIT,40,40,38.46,0,0,0,0,90,0.23,False
2026-08-03 13:12:41,1000CHEEMSUSDT,DOWNTREND,SELL,5,5,20.0,0,0,0,0,100,1.01,False
2026-08-03 13:12:41,KAITOUSDT,DOWNTREND,SELL,0,0,20.43,0,0,0,0,90,0.23,False
2026-08-03 13:12:41,GPSUSDT,DOWNTREND,SELL,15,15,10.71,0,0,0,0,70,5.45,False
2026-08-03 13:12:41,EPICUSDT,UPTREND,BUY,95,95,65.48,0,0,0,0,100,0.7,False
2026-08-03 13:12:41,NILUSDT,DOWNTREND,SELL,25,25,43.18,0,0,0,0,100,0.3,False
2026-08-03 13:12:41,MUBARAKUSDT,DOWNTREND,SELL,0,0,20.83,0,0,0,0,75,0.0,False
2026-08-03 13:12:41,TUTUSDT,SIDEWAYS,SELL,15,15,47.37,0,0,0,0,75,0.05,False
2026-08-03 13:12:41,GUNUSDT,SIDEWAYS,SELL,0,0,100,0,0,0,0,75,0.03,False
2026-08-03 13:12:41,BABYUSDT,UPTREND,WAIT,55,55,58.33,0,0,0,0,90,0.2,False
2026-08-03 13:12:41,ONDOUSDT,UPTREND,BUY,80,80,64.1,0,0,0,0,100,1.69,False
2026-08-03 13:12:41,USD1USDT,SIDEWAYS,WAIT,45,45,50.0,0,0,0,0,100,0.28,False
2026-08-03 13:12:41,HOMEUSDT,SIDEWAYS,WAIT,35,35,43.75,0,0,0,0,100,0.39,False
2026-08-03 13:12:41,ERAUSDT,UPTREND,SELL,25,25,63.64,0,0,0,0,75,0.02,False
2026-08-03 13:12:41,CUSDT,SIDEWAYS,WAIT,30,30,50.0,0,0,0,0,100,1.25,False
2026-08-03 13:12:41,MITOUSDT,SIDEWAYS,WAIT,35,35,52.94,0,0,0,0,70,0.26,False
2026-08-03 13:12:41,WLFIUSDT,SIDEWAYS,WAIT,70,70,33.33,0,0,0,0,70,11.46,False
2026-08-03 13:12:41,SOMIUSDT,UPTREND,SELL,25,25,75.0,0,0,0,0,70,0.12,False
2026-08-03 13:12:41,PUMPUSDT,DOWNTREND,SELL,0,0,41.18,0,0,0,0,90,0.19,False
2026-08-03 13:12:41,XPLUSDT,UPTREND,WAIT,55,55,55.81,0,0,0,0,90,0.23,False
2026-08-03 13:12:41,MIRAUSDT,SIDEWAYS,SELL,0,0,46.15,0,0,0,0,90,0.19,False
2026-08-03 13:12:41,FFUSDT,DOWNTREND,SELL,25,25,25.93,0,0,0,0,100,1.96,False
2026-08-03 13:12:41,EDENUSDT,SIDEWAYS,SELL,25,25,51.95,0,0,0,0,75,0.02,False
2026-08-03 13:12:41,MORPHOUSDT,DOWNTREND,SELL,15,15,9.09,0,0,0,0,90,0.13,False
2026-08-03 13:12:41,EULUSDT,UPTREND,BUY,100,100,63.64,0,0,0,0,100,0.59,False
2026-08-03 13:12:41,ENSOUSDT,SIDEWAYS,SELL,0,0,45.45,0,0,0,0,90,0.16,False
2026-08-03 13:12:41,GIGGLEUSDT,DOWNTREND,WAIT,35,35,22.95,0,0,0,0,100,1.87,False
2026-08-03 13:12:41,KITEUSDT,SIDEWAYS,WAIT,65,65,54.55,0,0,0,0,100,0.97,False
2026-08-03 13:12:41,MMTUSDT,SIDEWAYS,WAIT,45,45,45.45,0,0,0,0,90,0.23,False
2026-08-03 13:12:41,ALLOUSDT,DOWNTREND,SELL,0,0,11.45,0,0,0,0,90,0.23,False
2026-08-03 13:12:41,BANKUSDT,DOWNTREND,SELL,25,25,25.0,0,0,0,0,100,0.76,False
2026-08-03 13:12:41,币安人生USDT,DOWNTREND,SELL,25,25,34.74,0,0,0,0,75,0.07,False
2026-08-03 13:12:41,UUSDT,SIDEWAYS,WAIT,75,75,50.0,0,0,0,0,100,0.92,False
2026-08-03 13:12:41,SENTUSDT,UPTREND,WAIT,30,30,60.71,0,0,0,0,80,0.22,False
2026-08-03 13:12:41,ZAMAUSDT,DOWNTREND,WAIT,30,30,26.97,0,0,0,0,100,1.14,False
2026-08-03 13:12:41,ESPUSDT,SIDEWAYS,SELL,0,0,52.69,0,0,0,0,100,0.29,False
2026-08-03 13:12:41,MANTRAUSDT,UPTREND,SELL,25,25,60.0,0,0,0,0,75,0.02,False
2026-08-03 13:12:41,OPNUSDT,UPTREND,SELL,25,25,75.0,0,0,0,0,70,0.29,False
2026-08-03 13:12:41,NIGHTUSDT,UPTREND,WAIT,55,55,58.33,0,0,0,0,100,0.26,False
2026-08-03 13:12:41,XAUTUSDT,DOWNTREND,SELL,25,25,36.27,0,0,0,0,75,0.07,False
2026-08-03 13:12:41,AIGENSYNUSDT,DOWNTREND,SELL,15,15,20.0,0,0,0,0,70,7.27,False
2026-08-03 13:12:41,GENIUSUSDT,UPTREND,WAIT,65,65,75.76,0,0,0,0,70,1.44,False
2026-08-03 13:12:41,MUBUSDT,SIDEWAYS,SELL,25,25,51.89,0,0,0,0,75,0.01,False
2026-08-03 13:12:41,CRCLBUSDT,UPTREND,BUY,75,75,75.0,0,0,0,0,100,0.47,False
2026-08-03 13:12:41,SNDKBUSDT,DOWNTREND,SELL,25,25,44.35,0,0,0,0,90,0.1,False
2026-08-03 13:12:41,SPCXBUSDT,DOWNTREND,WAIT,45,45,28.04,0,0,0,0,100,0.81,False
2026-08-03 13:12:41,REUSDT,DOWNTREND,SELL,25,25,31.58,0,0,0,0,90,0.1,False
2026-08-03 13:12:41,GRAMUSDT,UPTREND,SELL,25,25,60.0,0,0,0,0,75,0.01,False
2026-08-03 13:12:41,SOXLBUSDT,SIDEWAYS,WAIT,50,50,45.71,0,0,0,0,100,1.01,False
2026-08-03 13:12:41,SKHYBUSDT,DOWNTREND,SELL,25,25,34.98,0,0,0,0,75,0.02,False
2026-08-03 13:14:02,BTCUSDT,UPTREND,BUY,100,100,71.2,0,0,0,0,100,2.61,False
2026-08-03 13:14:02,ETHUSDT,SIDEWAYS,BUY,85,85,53.97,0,0,0,0,100,1.58,False
2026-08-03 13:14:02,BNBUSDT,DOWNTREND,WAIT,45,45,33.62,0,0,0,0,100,0.97,False
2026-08-03 13:14:02,LTCUSDT,SIDEWAYS,WAIT,50,50,45.0,0,0,0,0,100,6.0,False
2026-08-03 13:14:02,ADAUSDT,UPTREND,WAIT,70,70,70.37,0,0,0,0,100,0.67,False
2026-08-03 13:14:02,XRPUSDT,SIDEWAYS,WAIT,60,60,52.17,0,0,0,0,100,0.62,False
2026-08-03 13:14:02,XLMUSDT,UPTREND,BUY,90,90,70.0,0,0,0,0,100,1.69,False
2026-08-03 13:14:02,TRXUSDT,DOWNTREND,SELL,10,10,20.0,0,0,0,0,100,1.23,False
2026-08-03 13:14:02,USDCUSDT,SIDEWAYS,WAIT,50,50,50.0,0,0,0,0,100,0.52,False
2026-08-03 13:14:02,LINKUSDT,UPTREND,BUY,100,100,65.0,0,0,0,0,100,2.28,False
2026-08-03 13:14:02,FETUSDT,SIDEWAYS,SELL,25,25,57.14,0,0,0,0,75,0.04,False
2026-08-03 13:14:02,ZECUSDT,SIDEWAYS,SELL,10,10,54.46,0,0,0,0,100,0.29,False
2026-08-03 13:14:02,CELRUSDT,SIDEWAYS,WAIT,50,50,47.37,0,0,0,0,100,0.37,False
2026-08-03 13:14:02,ENJUSDT,SIDEWAYS,SELL,25,25,41.54,0,0,0,0,80,0.12,False
2026-08-03 13:14:02,ATOMUSDT,UPTREND,BUY,75,75,62.5,0,0,0,0,80,0.22,False
2026-08-03 13:14:02,ALGOUSDT,DOWNTREND,WAIT,30,30,28.57,0,0,0,0,100,0.93,False
2026-08-03 13:14:02,DOGEUSDT,UPTREND,WAIT,55,55,63.64,0,0,0,0,90,0.15,False
2026-08-03 13:14:02,BCHUSDT,UPTREND,BUY,75,75,62.5,0,0,0,0,80,0.23,False
2026-08-03 13:14:02,EURUSDT,UPTREND,BUY,80,80,61.54,0,0,0,0,100,0.48,False
2026-08-03 13:14:02,MBLUSDT,SIDEWAYS,WAIT,70,70,50.0,0,0,0,0,100,0.72,False
2026-08-03 13:14:02,COTIUSDT,DOWNTREND,SELL,5,5,29.79,0,0,0,0,100,0.32,False
2026-08-03 13:14:02,SOLUSDT,SIDEWAYS,WAIT,70,70,56.0,0,0,0,0,100,0.81,False
2026-08-03 13:14:02,ZENUSDT,UPTREND,WAIT,55,55,76.19,0,0,0,0,90,0.42,False
2026-08-03 13:14:02,JSTUSDT,DOWNTREND,SELL,5,5,25.71,0,0,0,0,100,0.38,False
2026-08-03 13:14:02,DOTUSDT,UPTREND,BUY,100,100,55.56,0,0,0,0,100,1.34,False
2026-08-03 13:14:02,DIAUSDT,SIDEWAYS,SELL,25,25,55.0,0,0,0,0,100,0.26,False
2026-08-03 13:14:02,UNIUSDT,SIDEWAYS,SELL,25,25,45.45,0,0,0,0,90,0.14,False
2026-08-03 13:14:02,AVAXUSDT,UPTREND,WAIT,40,40,76.19,0,0,0,0,90,0.15,False
2026-08-03 13:14:02,AAVEUSDT,DOWNTREND,SELL,5,5,42.31,0,0,0,0,100,0.29,False
2026-08-03 13:14:02,NEARUSDT,SIDEWAYS,SELL,25,25,55.56,0,0,0,0,75,0.09,False
2026-08-03 13:14:02,FILUSDT,UPTREND,WAIT,40,40,76.36,0,0,0,0,100,0.34,False
2026-08-03 13:14:02,INJUSDT,UPTREND,BUY,95,95,56.25,0,0,0,0,90,0.35,False
2026-08-03 13:14:02,RIFUSDT,UPTREND,WAIT,55,55,75.0,0,0,0,0,100,1.04,False
2026-08-03 13:14:02,CFXUSDT,DOWNTREND,SELL,5,5,33.33,0,0,0,0,90,0.42,False
2026-08-03 13:14:02,TKOUSDT,UPTREND,WAIT,45,45,100,0,0,0,0,70,6.08,False
2026-08-03 13:14:02,TLMUSDT,DOWNTREND,SELL,25,25,28.57,0,0,0,0,75,0.09,False
2026-08-03 13:14:02,ICPUSDT,UPTREND,WAIT,30,30,88.89,0,0,0,0,90,0.44,False
2026-08-03 13:14:02,DEXEUSDT,DOWNTREND,WAIT,35,35,5.45,0,0,0,0,100,1.23,False
2026-08-03 13:14:02,QNTUSDT,UPTREND,BUY,100,100,68.89,0,0,0,0,70,2.36,False
2026-08-03 13:14:02,RAYUSDT,SIDEWAYS,SELL,25,25,52.08,0,0,0,0,70,0.1,False
2026-08-03 13:14:02,WAXPUSDT,DOWNTREND,SELL,10,10,30.0,0,0,0,0,75,0.0,False
2026-08-03 13:14:02,LAZIOUSDT,SIDEWAYS,SELL,25,25,50.0,0,0,0,0,70,0.13,False
2026-08-03 13:14:02,QIUSDT,SIDEWAYS,WAIT,65,65,52.0,0,0,0,0,70,5.1,False
2026-08-03 13:14:02,PORTOUSDT,SIDEWAYS,WAIT,50,50,50.0,0,0,0,0,80,0.26,False
2026-08-03 13:14:02,PYRUSDT,UPTREND,WAIT,70,70,60.0,0,0,0,0,100,0.59,False
2026-08-03 13:14:02,BICOUSDT,SIDEWAYS,WAIT,50,50,57.48,0,0,0,0,100,0.67,False
2026-08-03 13:14:02,PEOPLEUSDT,SIDEWAYS,SELL,0,0,50.0,0,0,0,0,80,0.17,False
2026-08-03 13:14:02,BTTCUSDT,SIDEWAYS,WAIT,75,75,50.0,0,0,0,0,80,1.72,False
2026-08-03 13:14:02,TUSDT,SIDEWAYS,WAIT,35,35,60.0,0,0,0,0,70,0.99,False
2026-08-03 13:14:02,LDOUSDT,DOWNTREND,SELL,0,0,30.77,0,0,0,0,80,0.18,False
2026-08-03 13:14:02,OPUSDT,UPTREND,WAIT,75,75,66.67,0,0,0,0,90,0.82,False
2026-08-03 13:14:02,LUNCUSDT,UPTREND,WAIT,65,65,75.0,0,0,0,0,100,0.93,False
2026-08-03 13:14:02,GMXUSDT,UPTREND,BUY,75,75,60.0,0,0,0,0,100,0.36,False
2026-08-03 13:14:02,HFTUSDT,UPTREND,BUY,90,90,74.34,0,0,0,0,100,2.61,False
2026-08-03 13:14:02,SYNUSDT,SIDEWAYS,SELL,25,25,52.72,0,0,0,0,75,0.05,False
2026-08-03 13:14:02,ARBUSDT,DOWNTREND,WAIT,35,35,14.29,0,0,0,0,90,6.46,False
2026-08-03 13:14:02,EDUUSDT,UPTREND,WAIT,50,50,75.0,0,0,0,0,100,1.88,False
2026-08-03 13:14:02,SUIUSDT,SIDEWAYS,WAIT,50,50,53.33,0,0,0,0,100,0.48,False
2026-08-03 13:14:02,PEPEUSDT,SIDEWAYS,WAIT,60,60,53.85,0,0,0,0,100,0.45,False
2026-08-03 13:14:02,PENDLEUSDT,SIDEWAYS,WAIT,30,30,50.0,0,0,0,0,90,1.3,False
2026-08-03 13:14:02,WLDUSDT,DOWNTREND,SELL,5,5,41.67,0,0,0,0,100,0.43,False
2026-08-03 13:14:02,FDUSDUSDT,SIDEWAYS,SELL,0,0,100,0,0,0,0,80,0.13,False
2026-08-03 13:14:02,SEIUSDT,UPTREND,WAIT,50,50,60.0,0,0,0,0,90,0.37,False
2026-08-03 13:14:02,TIAUSDT,DOWNTREND,SELL,10,10,41.38,0,0,0,0,75,0.02,False
2026-08-03 13:14:02,ORDIUSDT,DOWNTREND,SELL,25,25,30.77,0,0,0,0,75,0.05,False
2026-08-03 13:14:02,PIVXUSDT,UPTREND,BUY,100,100,59.3,0,0,0,0,100,1.34,False
2026-08-03 13:14:02,VICUSDT,UPTREND,BUY,100,100,66.9,0,0,0,0,100,3.4,False
2026-08-03 13:14:02,VANRYUSDT,UPTREND,WAIT,95,95,69.94,0,0,0,0,100,3.47,False
2026-08-03 13:14:02,ACEUSDT,DOWNTREND,WAIT,65,65,34.78,0,0,0,0,100,2.19,False
2026-08-03 13:14:02,AIUSDT,SIDEWAYS,SELL,0,0,100,0,0,0,0,70,0.14,False
2026-08-03 13:14:02,PYTHUSDT,DOWNTREND,SELL,15,15,30.0,0,0,0,0,70,1.64,False
2026-08-03 13:14:02,STRKUSDT,UPTREND,SELL,25,25,83.33,0,0,0,0,75,0.06,False
2026-08-03 13:14:02,PORTALUSDT,DOWNTREND,SELL,25,25,28.57,0,0,0,0,90,1.29,False
2026-08-03 13:14:02,WIFUSDT,UPTREND,BUY,95,95,66.67,0,0,0,0,70,3.29,False
2026-08-03 13:14:02,AEVOUSDT,UPTREND,SELL,0,0,82.61,0,0,0,0,80,0.22,False
2026-08-03 13:14:02,BOMEUSDT,DOWNTREND,SELL,5,5,35.06,0,0,0,0,100,0.59,False
2026-08-03 13:14:02,ETHFIUSDT,DOWNTREND,SELL,10,10,36.67,0,0,0,0,75,0.04,False
2026-08-03 13:14:02,ENAUSDT,UPTREND,BUY,75,75,58.82,0,0,0,0,100,0.83,False
2026-08-03 13:14:02,SAGAUSDT,SIDEWAYS,SELL,25,25,42.11,0,0,0,0,75,0.02,False
2026-08-03 13:14:02,TAOUSDT,SIDEWAYS,BUY,85,85,58.33,0,0,0,0,100,2.87,False
2026-08-03 13:14:02,BBUSDT,SIDEWAYS,WAIT,70,70,53.85,0,0,0,0,80,4.46,False
2026-08-03 13:14:02,POLUSDT,SIDEWAYS,SELL,5,5,45.16,0,0,0,0,90,0.1,False
2026-08-03 13:14:02,NEIROUSDT,DOWNTREND,SELL,25,25,29.41,0,0,0,0,90,0.11,False
2026-08-03 13:14:02,EIGENUSDT,UPTREND,BUY,75,75,75.0,0,0,0,0,90,0.91,False
2026-08-03 13:14:02,ACXUSDT,UPTREND,WAIT,40,40,79.5,0,0,0,0,100,0.36,False
2026-08-03 13:14:02,MOVEUSDT,SIDEWAYS,SELL,0,0,100,0,0,0,0,90,0.12,False
2026-08-03 13:14:02,PENGUUSDT,UPTREND,WAIT,70,70,56.0,0,0,0,0,100,0.46,False
2026-08-03 13:14:02,BIOUSDT,UPTREND,SELL,20,20,89.74,0,0,0,0,70,0.51,False
2026-08-03 13:14:02,SUSDT,DOWNTREND,SELL,25,25,42.42,0,0,0,0,100,0.63,False
2026-08-03 13:14:02,TRUMPUSDT,SIDEWAYS,WAIT,55,55,50.0,0,0,0,0,90,0.15,False
2026-08-03 13:14:02,1000CHEEMSUSDT,DOWNTREND,SELL,0,0,14.29,0,0,0,0,100,0.42,False
2026-08-03 13:14:02,HEIUSDT,DOWNTREND,SELL,25,25,31.58,0,0,0,0,90,0.53,False
2026-08-03 13:14:02,KAITOUSDT,DOWNTREND,SELL,25,25,24.63,0,0,0,0,100,0.56,False
2026-08-03 13:14:02,GPSUSDT,DOWNTREND,SELL,0,0,3.33,0,0,0,0,70,1.49,False
2026-08-03 13:14:02,EPICUSDT,UPTREND,WAIT,65,65,66.34,0,0,0,0,100,0.47,False
2026-08-03 13:14:02,NILUSDT,DOWNTREND,SELL,25,25,44.71,0,0,0,0,100,0.47,False
2026-08-03 13:14:02,MUBARAKUSDT,DOWNTREND,WAIT,35,35,29.63,0,0,0,0,100,0.66,False
2026-08-03 13:14:02,TUTUSDT,SIDEWAYS,SELL,25,25,55.81,0,0,0,0,75,0.03,False
2026-08-03 13:14:02,GUNUSDT,SIDEWAYS,SELL,0,0,100,0,0,0,0,75,0.03,False
2026-08-03 13:14:02,BABYUSDT,UPTREND,WAIT,70,70,60.0,0,0,0,0,100,0.35,False
2026-08-03 13:14:02,ONDOUSDT,SIDEWAYS,BUY,90,90,51.43,0,0,0,0,100,1.65,False
2026-08-03 13:14:02,VIRTUALUSDT,SIDEWAYS,SELL,20,20,47.22,0,0,0,0,80,0.19,False
2026-08-03 13:14:02,WCTUSDT,SIDEWAYS,WAIT,70,70,50.0,0,0,0,0,70,1.45,False
2026-08-03 13:14:02,SIGNUSDT,SIDEWAYS,WAIT,55,55,33.33,0,0,0,0,70,0.3,False
2026-08-03 13:14:02,USD1USDT,SIDEWAYS,WAIT,80,80,50.0,0,0,0,0,100,1.93,False
2026-08-03 13:14:02,HOMEUSDT,SIDEWAYS,WAIT,55,55,40.0,0,0,0,0,100,1.9,False
2026-08-03 13:14:02,SPKUSDT,UPTREND,WAIT,90,90,69.29,0,0,0,0,90,2.68,False
2026-08-03 13:14:02,ERAUSDT,UPTREND,SELL,25,25,63.64,0,0,0,0,90,0.14,False
2026-08-03 13:14:02,CUSDT,SIDEWAYS,WAIT,50,50,51.22,0,0,0,0,100,1.74,False
2026-08-03 13:14:02,MITOUSDT,UPTREND,WAIT,95,95,57.14,0,0,0,0,70,3.1,False
2026-08-03 13:14:02,SOMIUSDT,UPTREND,SELL,25,25,68.75,0,0,0,0,70,0.14,False
2026-08-03 13:14:02,OPENUSDT,SIDEWAYS,WAIT,65,65,52.27,0,0,0,0,90,0.83,False
2026-08-03 13:14:02,HOLOUSDT,DOWNTREND,SELL,25,25,33.33,0,0,0,0,75,0.05,False
2026-08-03 13:14:02,PUMPUSDT,SIDEWAYS,WAIT,60,60,47.37,0,0,0,0,100,0.72,False
2026-08-03 13:14:02,XPLUSDT,UPTREND,WAIT,95,95,57.78,0,0,0,0,100,2.0,False
2026-08-03 13:14:02,MIRAUSDT,SIDEWAYS,SELL,25,25,46.15,0,0,0,0,75,0.04,False
2026-08-03 13:14:02,FFUSDT,DOWNTREND,SELL,25,25,30.0,0,0,0,0,100,1.66,False
2026-08-03 13:14:02,EDENUSDT,SIDEWAYS,SELL,25,25,51.32,0,0,0,0,75,0.02,False
2026-08-03 13:14:02,MORPHOUSDT,DOWNTREND,SELL,5,5,9.09,0,0,0,0,75,0.01,False
2026-08-03 13:14:02,EULUSDT,UPTREND,BUY,100,100,59.09,0,0,0,0,100,1.51,False
2026-08-03 13:14:02,ENSOUSDT,SIDEWAYS,WAIT,50,50,47.83,0,0,0,0,100,1.19,False
2026-08-03 13:14:02,GIGGLEUSDT,DOWNTREND,WAIT,65,65,31.27,0,0,0,0,100,3.77,False
2026-08-03 13:14:02,KITEUSDT,SIDEWAYS,WAIT,60,60,40.0,0,0,0,0,100,1.08,False
2026-08-03 13:14:02,MMTUSDT,SIDEWAYS,WAIT,70,70,45.45,0,0,0,0,100,0.57,False
2026-08-03 13:14:02,ALLOUSDT,DOWNTREND,SELL,15,15,9.2,0,0,0,0,100,0.45,False
2026-08-03 13:14:02,BANKUSDT,DOWNTREND,SELL,20,20,42.86,0,0,0,0,100,0.96,False
2026-08-03 13:14:02,BREVUSDT,SIDEWAYS,SELL,15,15,50.0,0,0,0,0,70,0.28,False
2026-08-03 13:14:02,币安人生USDT,SIDEWAYS,SELL,5,5,49.56,0,0,0,0,90,0.24,False
2026-08-03 13:14:02,UUSDT,DOWNTREND,SELL,0,0,42.86,0,0,0,0,90,0.23,False
2026-08-03 13:14:02,SENTUSDT,UPTREND,WAIT,80,80,62.07,0,0,0,0,90,2.04,False
2026-08-03 13:14:02,ZAMAUSDT,DOWNTREND,SELL,15,15,22.99,0,0,0,0,100,1.12,False
2026-08-03 13:14:02,ESPUSDT,SIDEWAYS,WAIT,45,45,50.32,0,0,0,0,100,0.81,False
2026-08-03 13:14:02,MANTRAUSDT,UPTREND,SELL,25,25,60.0,0,0,0,0,75,0.03,False
2026-08-03 13:14:02,OPNUSDT,UPTREND,WAIT,40,40,75.0,0,0,0,0,70,0.43,False
2026-08-03 13:14:02,NIGHTUSDT,SIDEWAYS,WAIT,90,90,50.0,0,0,0,0,100,2.39,False
2026-08-03 13:14:02,XAUTUSDT,DOWNTREND,WAIT,65,65,30.57,0,0,0,0,100,5.72,False
2026-08-03 13:14:02,AIGENSYNUSDT,DOWNTREND,SELL,0,0,20.0,0,0,0,0,70,0.6,False
2026-08-03 13:14:02,GENIUSUSDT,UPTREND,BUY,100,100,74.71,0,0,0,0,70,4.2,False
2026-08-03 13:14:02,MUBUSDT,UPTREND,BUY,80,80,57.37,0,0,0,0,90,0.24,False
2026-08-03 13:14:02,CRCLBUSDT,UPTREND,BUY,75,75,77.14,0,0,0,0,100,1.3,False
2026-08-03 13:14:02,SNDKBUSDT,SIDEWAYS,SELL,0,0,46.55,0,0,0,0,100,0.25,False
2026-08-03 13:14:02,SPCXBUSDT,DOWNTREND,WAIT,45,45,32.77,0,0,0,0,100,0.89,False
2026-08-03 13:14:02,REUSDT,DOWNTREND,SELL,25,25,33.96,0,0,0,0,100,0.58,False
2026-08-03 13:14:02,INTCBUSDT,SIDEWAYS,BUY,85,85,49.53,0,0,0,0,90,0.71,False
2026-08-03 13:14:02,MSTRBUSDT,DOWNTREND,SELL,15,15,20.0,0,0,0,0,70,0.55,False
2026-08-03 13:14:02,GRAMUSDT,UPTREND,BUY,80,80,63.64,0,0,0,0,100,0.35,False
2026-08-03 13:14:02,GOOGLBUSDT,UPTREND,BUY,95,95,55.26,0,0,0,0,90,1.87,False
2026-08-03 13:14:02,NBISBUSDT,DOWNTREND,SELL,20,20,35.0,0,0,0,0,100,0.42,False
2026-08-03 13:14:02,SOXLBUSDT,SIDEWAYS,WAIT,45,45,45.57,0,0,0,0,100,2.59,False
2026-08-03 13:14:02,SKHYBUSDT,DOWNTREND,WAIT,60,60,33.05,0,0,0,0,100,2.4,False
2026-08-03 13:14:02,KORUBUSDT,DOWNTREND,SELL,20,20,39.13,0,0,0,0,90,0.31,False
2026-08-03 13:14:02,MVLLBUSDT,DOWNTREND,SELL,20,20,28.26,0,0,0,0,70,0.41,False
2026-08-03 13:14:02,SNXXBUSDT,DOWNTREND,WAIT,30,30,44.74,0,0,0,0,100,0.53,False
2026-08-03 13:15:23,BTCUSDT,UPTREND,SELL,25,25,67.67,0,0,0,0,75,0.0,False
2026-08-03 13:15:23,ETHUSDT,SIDEWAYS,SELL,25,25,49.41,0,0,0,0,75,0.04,False
2026-08-03 13:15:23,BNBUSDT,DOWNTREND,SELL,25,25,29.77,0,0,0,0,75,0.08,False
2026-08-03 13:15:23,LTCUSDT,SIDEWAYS,SELL,25,25,50.0,0,0,0,0,90,0.12,False
2026-08-03 13:15:23,ADAUSDT,UPTREND,SELL,25,25,70.37,0,0,0,0,75,0.0,False
2026-08-03 13:15:23,XRPUSDT,UPTREND,SELL,25,25,57.69,0,0,0,0,75,0.05,False
2026-08-03 13:15:23,TRXUSDT,DOWNTREND,SELL,10,10,25.0,0,0,0,0,75,0.0,False
2026-08-03 13:15:23,ETCUSDT,UPTREND,BUY,75,75,60.0,0,0,0,0,80,0.17,False
2026-08-03 13:15:23,USDCUSDT,DOWNTREND,SELL,0,0,37.5,0,0,0,0,75,0.01,False
2026-08-03 13:15:23,LINKUSDT,UPTREND,SELL,25,25,69.57,0,0,0,0,90,0.1,False
2026-08-03 13:15:23,FETUSDT,SIDEWAYS,SELL,25,25,50.0,0,0,0,0,75,0.01,False
2026-08-03 13:15:23,ALGOUSDT,DOWNTREND,SELL,20,20,28.57,0,0,0,0,75,0.06,False
2026-08-03 13:15:23,DOGEUSDT,SIDEWAYS,SELL,25,25,47.62,0,0,0,0,75,0.02,False
2026-08-03 13:15:23,EURUSDT,SIDEWAYS,SELL,25,25,53.85,0,0,0,0,75,0.04,False
2026-08-03 13:15:23,MBLUSDT,UPTREND,SELL,25,25,57.14,0,0,0,0,75,0.06,False
2026-08-03 13:15:23,COTIUSDT,DOWNTREND,SELL,0,0,42.5,0,0,0,0,90,0.15,False
2026-08-03 13:15:23,JSTUSDT,DOWNTREND,SELL,20,20,40.0,0,0,0,0,75,0.01,False
2026-08-03 13:15:23,DOTUSDT,UPTREND,SELL,25,25,62.5,0,0,0,0,75,0.01,False
2026-08-03 13:15:23,DIAUSDT,SIDEWAYS,SELL,25,25,58.54,0,0,0,0,75,0.01,False
2026-08-03 13:15:23,AVAXUSDT,UPTREND,BUY,95,95,70.0,0,0,0,0,100,0.53,False
2026-08-03 13:15:23,NEARUSDT,UPTREND,SELL,25,25,71.43,0,0,0,0,90,0.12,False
2026-08-03 13:15:23,FILUSDT,UPTREND,SELL,25,25,76.36,0,0,0,0,75,0.07,False
2026-08-03 13:15:23,GRTUSDT,UPTREND,SELL,25,25,73.91,0,0,0,0,75,0.06,False
2026-08-03 13:15:23,TLMUSDT,DOWNTREND,SELL,10,10,33.33,0,0,0,0,90,0.18,False
2026-08-03 13:15:23,ICPUSDT,UPTREND,WAIT,30,30,100,0,0,0,0,70,0.76,False
2026-08-03 13:15:23,DEXEUSDT,DOWNTREND,SELL,0,0,16.67,0,0,0,0,90,0.17,False
2026-08-03 13:15:23,WAXPUSDT,DOWNTREND,SELL,10,10,31.58,0,0,0,0,75,0.0,False
2026-08-03 13:15:23,ADXUSDT,UPTREND,WAIT,45,45,66.67,0,0,0,0,70,1.15,False
2026-08-03 13:15:23,PYRUSDT,SIDEWAYS,WAIT,60,60,50.0,0,0,0,0,100,0.51,False
2026-08-03 13:15:23,BICOUSDT,UPTREND,SELL,25,25,58.33,0,0,0,0,75,0.1,False
2026-08-03 13:15:23,BTTCUSDT,SIDEWAYS,SELL,5,5,60.0,0,0,0,0,70,0.24,False
2026-08-03 13:15:23,TUSDT,SIDEWAYS,SELL,20,20,66.67,0,0,0,0,70,0.72,False
2026-08-03 13:15:23,GMTUSDT,UPTREND,WAIT,90,90,66.67,0,0,0,0,90,2.18,False
2026-08-03 13:15:23,LDOUSDT,DOWNTREND,SELL,5,5,38.46,0,0,0,0,80,0.18,False
2026-08-03 13:15:23,GMXUSDT,SIDEWAYS,SELL,25,25,50.0,0,0,0,0,90,0.12,False
2026-08-03 13:15:23,HFTUSDT,UPTREND,WAIT,70,70,70.27,0,0,0,0,100,0.79,False
2026-08-03 13:15:23,EDUUSDT,UPTREND,SELL,25,25,60.0,0,0,0,0,75,0.02,False
2026-08-03 13:15:23,SUIUSDT,SIDEWAYS,SELL,25,25,50.0,0,0,0,0,75,0.02,False
2026-08-03 13:15:23,PEPEUSDT,SIDEWAYS,SELL,15,15,46.15,0,0,0,0,75,0.02,False
2026-08-03 13:15:23,FLOKIUSDT,UPTREND,WAIT,30,30,85.71,0,0,0,0,90,0.69,False
2026-08-03 13:15:23,WLDUSDT,DOWNTREND,SELL,0,0,36.36,0,0,0,0,90,0.15,False
2026-08-03 13:15:23,TIAUSDT,DOWNTREND,SELL,10,10,36.0,0,0,0,0,75,0.01,False
2026-08-03 13:15:23,ORDIUSDT,DOWNTREND,WAIT,40,40,25.93,0,0,0,0,100,0.52,False
2026-08-03 13:15:23,VICUSDT,SIDEWAYS,WAIT,35,35,50.96,0,0,0,0,90,0.19,False
2026-08-03 13:15:23,VANRYUSDT,UPTREND,SELL,25,25,63.16,0,0,0,0,75,0.02,False
2026-08-03 13:15:23,ACEUSDT,SIDEWAYS,SELL,25,25,58.82,0,0,0,0,90,0.13,False
2026-08-03 13:15:23,AIUSDT,SIDEWAYS,SELL,0,0,100,0,0,0,0,80,0.59,False
2026-08-03 13:15:23,PORTALUSDT,DOWNTREND,SELL,15,15,33.33,0,0,0,0,90,0.62,False
2026-08-03 13:15:23,TAOUSDT,SIDEWAYS,WAIT,30,30,53.85,0,0,0,0,90,0.23,False
2026-08-03 13:15:23,POLUSDT,DOWNTREND,SELL,0,0,42.86,0,0,0,0,75,0.07,False
2026-08-03 13:15:23,ACXUSDT,UPTREND,SELL,25,25,76.18,0,0,0,0,75,0.04,False
2026-08-03 13:15:23,MOVEUSDT,SIDEWAYS,SELL,0,0,100,0,0,0,0,75,0.04,False
2026-08-03 13:15:23,TRUMPUSDT,SIDEWAYS,WAIT,70,70,50.0,0,0,0,0,100,1.49,False
2026-08-03 13:15:23,1000CHEEMSUSDT,DOWNTREND,SELL,0,0,14.29,0,0,0,0,75,0.09,False
2026-08-03 13:15:23,HEIUSDT,DOWNTREND,WAIT,45,45,27.78,0,0,0,0,90,0.79,False
2026-08-03 13:15:23,KAITOUSDT,DOWNTREND,SELL,25,25,41.71,0,0,0,0,75,0.04,False
2026-08-03 13:15:23,EPICUSDT,UPTREND,BUY,75,75,65.24,0,0,0,0,100,0.64,False
2026-08-03 13:15:23,NILUSDT,SIDEWAYS,SELL,25,25,53.42,0,0,0,0,90,0.13,False
2026-08-03 13:15:23,MUBARAKUSDT,DOWNTREND,SELL,15,15,42.42,0,0,0,0,100,0.43,False
2026-08-03 13:15:23,TUTUSDT,SIDEWAYS,SELL,25,25,58.7,0,0,0,0,75,0.06,False
2026-08-03 13:15:23,BROCCOLI714USDT,SIDEWAYS,SELL,0,0,47.37,0,0,0,0,90,0.28,False
2026-08-03 13:15:23,BABYUSDT,SIDEWAYS,SELL,25,25,54.55,0,0,0,0,75,0.06,False
2026-08-03 13:15:23,ONDOUSDT,SIDEWAYS,SELL,25,25,52.94,0,0,0,0,75,0.03,False
2026-08-03 13:15:23,USD1USDT,SIDEWAYS,SELL,25,25,48.28,0,0,0,0,75,0.01,False
2026-08-03 13:15:23,HOMEUSDT,SIDEWAYS,WAIT,30,30,48.15,0,0,0,0,100,0.32,False
2026-08-03 13:15:23,ERAUSDT,SIDEWAYS,SELL,25,25,54.55,0,0,0,0,75,0.07,False
2026-08-03 13:15:23,CUSDT,SIDEWAYS,SELL,25,25,45.95,0,0,0,0,75,0.04,False
2026-08-03 13:15:23,WLFIUSDT,SIDEWAYS,SELL,5,5,50.0,0,0,0,0,70,0.95,False
2026-08-03 13:15:23,PUMPUSDT,UPTREND,WAIT,100,100,65.0,0,0,0,0,100,4.42,False
2026-08-03 13:15:23,XPLUSDT,UPTREND,SELL,25,25,63.64,0,0,0,0,75,0.01,False
2026-08-03 13:15:23,MIRAUSDT,SIDEWAYS,WAIT,40,40,50.0,0,0,0,0,100,0.55,False
2026-08-03 13:15:23,FFUSDT,DOWNTREND,SELL,15,15,35.29,0,0,0,0,100,1.67,False
2026-08-03 13:15:23,MORPHOUSDT,DOWNTREND,SELL,10,10,23.08,0,0,0,0,100,0.58,False
2026-08-03 13:15:23,EULUSDT,SIDEWAYS,BUY,80,80,41.82,0,0,0,0,100,0.47,False
2026-08-03 13:15:23,GIGGLEUSDT,DOWNTREND,SELL,25,25,36.3,0,0,0,0,90,0.18,False
2026-08-03 13:15:23,KITEUSDT,DOWNTREND,SELL,20,20,40.0,0,0,0,0,90,0.12,False
2026-08-03 13:15:23,MMTUSDT,UPTREND,SELL,25,25,57.89,0,0,0,0,75,0.01,False
2026-08-03 13:15:23,ALLOUSDT,DOWNTREND,SELL,20,20,12.59,0,0,0,0,90,0.15,False
2026-08-03 13:15:23,BANKUSDT,DOWNTREND,SELL,10,10,40.0,0,0,0,0,100,0.99,False
2026-08-03 13:15:23,币安人生USDT,DOWNTREND,SELL,25,25,43.27,0,0,0,0,75,0.03,False
2026-08-03 13:15:23,UUSDT,SIDEWAYS,SELL,25,25,50.0,0,0,0,0,75,0.09,False
2026-08-03 13:15:23,SENTUSDT,UPTREND,WAIT,65,65,57.14,0,0,0,0,90,0.86,False
2026-08-03 13:15:23,ZAMAUSDT,DOWNTREND,WAIT,30,30,22.99,0,0,0,0,100,2.21,False
2026-08-03 13:15:23,ESPUSDT,SIDEWAYS,SELL,10,10,46.02,0,0,0,0,100,0.64,False
2026-08-03 13:15:23,MANTRAUSDT,SIDEWAYS,SELL,25,25,40.0,0,0,0,0,75,0.05,False
2026-08-03 13:15:23,NIGHTUSDT,SIDEWAYS,WAIT,40,40,50.0,0,0,0,0,100,1.71,False
2026-08-03 13:15:23,XAUTUSDT,DOWNTREND,WAIT,30,30,28.31,0,0,0,0,100,0.49,False
2026-08-03 13:15:23,AIGENSYNUSDT,DOWNTREND,SELL,0,0,36.36,0,0,0,0,70,0.59,False
2026-08-03 13:15:23,GENIUSUSDT,UPTREND,BUY,100,100,60.39,0,0,0,0,70,20.4,False
2026-08-03 13:15:23,MUBUSDT,UPTREND,BUY,80,80,60.14,0,0,0,0,90,0.22,False
2026-08-03 13:15:23,CRCLBUSDT,UPTREND,SELL,25,25,75.76,0,0,0,0,75,0.0,False
2026-08-03 13:15:23,NVDABUSDT,UPTREND,WAIT,55,55,75.41,0,0,0,0,90,0.33,False
2026-08-03 13:15:23,SNDKBUSDT,SIDEWAYS,WAIT,45,45,52.51,0,0,0,0,100,0.42,False
2026-08-03 13:15:23,SPCXBUSDT,DOWNTREND,SELL,5,5,37.93,0,0,0,0,90,0.17,False
2026-08-03 13:15:23,REUSDT,SIDEWAYS,SELL,5,5,47.62,0,0,0,0,75,0.02,False
2026-08-03 13:15:23,EWYBUSDT,DOWNTREND,WAIT,45,45,35.29,0,0,0,0,70,4.67,False
2026-08-03 13:15:23,INTCBUSDT,UPTREND,BUY,100,100,62.39,0,0,0,0,90,0.54,False
2026-08-03 13:15:23,GRAMUSDT,UPTREND,WAIT,65,65,55.56,0,0,0,0,90,0.18,False
2026-08-03 13:15:23,NBISBUSDT,DOWNTREND,SELL,20,20,40.06,0,0,0,0,100,0.42,False
2026-08-03 13:15:23,SOXLBUSDT,SIDEWAYS,WAIT,60,60,53.56,0,0,0,0,100,0.86,False
2026-08-03 13:15:23,SKHYBUSDT,DOWNTREND,SELL,25,25,43.02,0,0,0,0,75,0.02,False
2026-08-03 13:15:23,AXTIBUSDT,DOWNTREND,SELL,10,10,34.88,0,0,0,0,80,0.17,False
2026-08-03 13:15:23,KORUBUSDT,SIDEWAYS,SELL,25,25,52.27,0,0,0,0,80,0.18,False
2026-08-03 13:15:23,MVLLBUSDT,SIDEWAYS,SELL,5,5,48.89,0,0,0,0,70,0.41,False
2026-08-03 13:15:23,SNXXBUSDT,SIDEWAYS,SELL,25,25,50.0,0,0,0,0,75,0.03,False
2026-08-03 13:15:54,BTCUSDT,UPTREND,SELL,25,67.66
2026-08-03 13:15:54,ETHUSDT,SIDEWAYS,WAIT,60,49.51
2026-08-03 13:15:54,BNBUSDT,DOWNTREND,WAIT,50,34.06
2026-08-03 13:15:54,LTCUSDT,SIDEWAYS,WAIT,30,52.17
2026-08-03 13:15:54,ADAUSDT,UPTREND,BUY,75,70.37
2026-08-03 13:16:46,BTCUSDT,UPTREND,SELL,25,25,74.26,0,0,0,0,90,0.12,False
2026-08-03 13:16:46,ETHUSDT,UPTREND,BUY,80,80,60.54,0,0,0,0,100,0.28,False
2026-08-03 13:16:46,BNBUSDT,DOWNTREND,SELL,20,20,44.95,0,0,0,0,100,0.3,False
2026-08-03 13:16:46,LTCUSDT,SIDEWAYS,WAIT,50,50,47.83,0,0,0,0,100,1.1,False
2026-08-03 13:16:46,ADAUSDT,UPTREND,SELL,25,25,69.23,0,0,0,0,75,0.04,False
2026-08-03 13:16:46,XRPUSDT,UPTREND,SELL,25,25,57.69,0,0,0,0,75,0.04,False
2026-08-03 13:16:46,XLMUSDT,UPTREND,SELL,25,25,70.0,0,0,0,0,75,0.02,False
2026-08-03 13:16:46,TRXUSDT,DOWNTREND,SELL,0,0,33.33,0,0,0,0,90,0.21,False
2026-08-03 13:16:46,USDCUSDT,SIDEWAYS,SELL,25,25,42.86,0,0,0,0,90,0.13,False
2026-08-03 13:16:46,LINKUSDT,UPTREND,WAIT,30,30,84.0,0,0,0,0,100,0.25,False
2026-08-03 13:16:46,FETUSDT,SIDEWAYS,SELL,25,25,57.14,0,0,0,0,75,0.02,False
2026-08-03 13:16:46,ZECUSDT,DOWNTREND,SELL,25,25,37.77,0,0,0,0,75,0.03,False
2026-08-03 13:16:46,CELRUSDT,UPTREND,WAIT,35,35,57.89,0,0,0,0,90,0.22,False
2026-08-03 13:16:46,DASHUSDT,UPTREND,BUY,85,85,60.0,0,0,0,0,90,0.66,False
2026-08-03 13:16:46,ENJUSDT,UPTREND,SELL,25,25,55.45,0,0,0,0,80,0.12,False
2026-08-03 13:16:46,ATOMUSDT,SIDEWAYS,WAIT,65,65,53.33,0,0,0,0,80,0.15,False
2026-08-03 13:16:46,ALGOUSDT,DOWNTREND,SELL,20,20,37.5,0,0,0,0,100,1.1,False
2026-08-03 13:16:46,DOGEUSDT,UPTREND,WAIT,70,70,58.33,0,0,0,0,100,0.36,False
2026-08-03 13:16:46,EURUSDT,SIDEWAYS,WAIT,55,55,46.15,0,0,0,0,100,0.96,False
2026-08-03 13:16:46,MBLUSDT,UPTREND,WAIT,50,50,55.56,0,0,0,0,100,0.43,False
2026-08-03 13:16:46,COTIUSDT,DOWNTREND,SELL,0,0,43.24,0,0,0,0,90,0.16,False
2026-08-03 13:16:46,SOLUSDT,UPTREND,BUY,95,95,60.87,0,0,0,0,100,0.41,False
2026-08-03 13:16:46,JSTUSDT,UPTREND,WAIT,50,50,74.19,0,0,0,0,100,0.47,False
2026-08-03 13:16:46,SANDUSDT,UPTREND,WAIT,30,30,81.25,0,0,0,0,90,0.58,False
2026-08-03 13:16:46,DOTUSDT,UPTREND,SELL,25,25,70.0,0,0,0,0,90,0.11,False
2026-08-03 13:16:46,DIAUSDT,UPTREND,BUY,80,80,60.47,0,0,0,0,100,0.33,False
2026-08-03 13:16:46,UNIUSDT,SIDEWAYS,SELL,25,25,53.33,0,0,0,0,75,0.02,False
2026-08-03 13:16:46,AVAXUSDT,UPTREND,SELL,25,25,75.0,0,0,0,0,75,0.02,False
2026-08-03 13:16:46,AAVEUSDT,SIDEWAYS,WAIT,65,65,57.78,0,0,0,0,100,0.58,False
2026-08-03 13:16:46,NEARUSDT,UPTREND,SELL,15,15,85.71,0,0,0,0,90,0.22,False
2026-08-03 13:16:46,FILUSDT,UPTREND,WAIT,40,40,75.93,0,0,0,0,100,0.4,False
2026-08-03 13:16:46,INJUSDT,UPTREND,BUY,95,95,69.23,0,0,0,0,90,0.62,False
2026-08-03 13:16:46,SKLUSDT,SIDEWAYS,WAIT,40,40,50.0,0,0,0,0,70,2.7,False
2026-08-03 13:16:46,GRTUSDT,UPTREND,WAIT,70,70,71.43,0,0,0,0,100,1.2,False
2026-08-03 13:16:46,CAKEUSDT,DOWNTREND,SELL,5,5,42.86,0,0,0,0,70,0.57,False
2026-08-03 13:16:46,CFXUSDT,SIDEWAYS,WAIT,50,50,63.64,0,0,0,0,90,1.54,False
2026-08-03 13:16:46,TKOUSDT,UPTREND,WAIT,65,65,66.67,0,0,0,0,70,1.11,False
2026-08-03 13:16:46,TLMUSDT,DOWNTREND,SELL,25,25,20.0,0,0,0,0,100,6.2,False
2026-08-03 13:16:46,SHIBUSDT,SIDEWAYS,SELL,25,25,50.0,0,0,0,0,75,0.02,False
2026-08-03 13:16:46,ARUSDT,UPTREND,WAIT,60,60,87.5,0,0,0,0,90,2.34,False
2026-08-03 13:16:46,DEXEUSDT,DOWNTREND,SELL,25,25,13.79,0,0,0,0,100,0.63,False
2026-08-03 13:16:46,PORTOUSDT,DOWNTREND,SELL,0,0,41.67,0,0,0,0,90,0.24,False
2026-08-03 13:16:46,PYRUSDT,UPTREND,BUY,80,80,60.0,0,0,0,0,100,0.46,False
2026-08-03 13:16:46,BICOUSDT,UPTREND,BUY,90,90,68.24,0,0,0,0,100,1.64,False
2026-08-03 13:16:46,BTTCUSDT,SIDEWAYS,SELL,0,0,50.0,0,0,0,0,80,0.31,False
2026-08-03 13:16:46,NEXOUSDT,DOWNTREND,SELL,25,25,25.0,0,0,0,0,90,0.61,False
2026-08-03 13:16:46,LDOUSDT,DOWNTREND,WAIT,40,40,42.86,0,0,0,0,90,1.1,False
2026-08-03 13:16:46,LUNCUSDT,SIDEWAYS,SELL,25,25,54.17,0,0,0,0,75,0.1,False
2026-08-03 13:16:46,GMXUSDT,SIDEWAYS,WAIT,55,55,33.33,0,0,0,0,90,0.21,False
2026-08-03 13:16:46,HFTUSDT,UPTREND,BUY,85,85,69.55,0,0,0,0,100,0.85,False
2026-08-03 13:16:46,SYNUSDT,SIDEWAYS,WAIT,55,55,38.07,0,0,0,0,100,0.63,False
2026-08-03 13:16:46,PROMUSDT,SIDEWAYS,WAIT,70,70,39.47,0,0,0,0,90,0.71,False
2026-08-03 13:16:46,EDUUSDT,SIDEWAYS,WAIT,70,70,50.0,0,0,0,0,100,2.08,False
2026-08-03 13:16:46,SUIUSDT,UPTREND,SELL,25,25,57.58,0,0,0,0,75,0.08,False
2026-08-03 13:16:46,PEPEUSDT,UPTREND,SELL,25,25,58.33,0,0,0,0,75,0.06,False
2026-08-03 13:16:46,PENDLEUSDT,UPTREND,BUY,80,80,57.14,0,0,0,0,90,0.32,False
2026-08-03 13:16:46,WLDUSDT,SIDEWAYS,WAIT,40,40,52.17,0,0,0,0,100,0.51,False
2026-08-03 13:16:46,ORDIUSDT,DOWNTREND,SELL,25,25,35.71,0,0,0,0,75,0.01,False
2026-08-03 13:16:46,PIVXUSDT,UPTREND,BUY,100,100,61.9,0,0,0,0,100,6.08,False
2026-08-03 13:16:46,VICUSDT,SIDEWAYS,BUY,90,90,31.63,0,0,0,0,100,3.18,False
2026-08-03 13:16:46,VANRYUSDT,UPTREND,WAIT,100,100,59.52,0,0,0,0,100,5.47,False
2026-08-03 13:16:46,ACEUSDT,SIDEWAYS,SELL,25,25,52.94,0,0,0,0,75,0.08,False
2026-08-03 13:16:46,AIUSDT,UPTREND,SELL,25,25,100,0,0,0,0,70,0.12,False
2026-08-03 13:16:46,PYTHUSDT,SIDEWAYS,SELL,15,15,46.67,0,0,0,0,70,0.92,False
2026-08-03 13:16:46,STRKUSDT,UPTREND,SELL,5,5,84.21,0,0,0,0,90,0.15,False
2026-08-03 13:16:46,PORTALUSDT,DOWNTREND,SELL,10,10,33.33,0,0,0,0,90,0.28,False
2026-08-03 13:16:46,AEVOUSDT,UPTREND,WAIT,75,75,68.42,0,0,0,0,90,1.02,False
2026-08-03 13:16:46,BOMEUSDT,DOWNTREND,SELL,0,0,41.33,0,0,0,0,100,0.38,False
2026-08-03 13:16:46,ETHFIUSDT,SIDEWAYS,SELL,25,25,48.0,0,0,0,0,75,0.06,False
2026-08-03 13:16:46,ENAUSDT,UPTREND,SELL,25,25,62.5,0,0,0,0,75,0.07,False
2026-08-03 13:16:46,SAGAUSDT,SIDEWAYS,SELL,10,10,60.0,0,0,0,0,100,0.31,False
2026-08-03 13:16:46,TAOUSDT,SIDEWAYS,BUY,85,85,53.85,0,0,0,0,100,0.39,False
2026-08-03 13:16:46,BBUSDT,SIDEWAYS,SELL,5,5,45.45,0,0,0,0,70,0.16,False
2026-08-03 13:16:46,EURIUSDT,SIDEWAYS,BUY,75,75,50.0,0,0,0,0,70,15.59,False
2026-08-03 13:16:46,POLUSDT,SIDEWAYS,SELL,15,15,45.83,0,0,0,0,75,0.06,False
2026-08-03 13:16:46,NEIROUSDT,SIDEWAYS,SELL,20,20,54.24,0,0,0,0,100,0.34,False
2026-08-03 13:16:46,ACXUSDT,UPTREND,SELL,25,25,72.79,0,0,0,0,90,0.11,False
2026-08-03 13:16:46,MOVEUSDT,SIDEWAYS,SELL,0,0,100,0,0,0,0,75,0.04,False
2026-08-03 13:16:46,MEUSDT,UPTREND,WAIT,90,90,58.06,0,0,0,0,70,2.32,False
2026-08-03 13:16:46,PENGUUSDT,UPTREND,WAIT,70,70,66.67,0,0,0,0,100,0.73,False
2026-08-03 13:16:46,SUSDT,SIDEWAYS,SELL,5,5,52.38,0,0,0,0,90,0.21,False
2026-08-03 13:16:46,TRUMPUSDT,UPTREND,SELL,25,25,55.56,0,0,0,0,75,0.03,False
2026-08-03 13:16:46,1000CHEEMSUSDT,DOWNTREND,SELL,0,0,20.0,0,0,0,0,100,0.26,False
2026-08-03 13:16:46,KAITOUSDT,SIDEWAYS,WAIT,30,30,45.63,0,0,0,0,100,0.87,False
2026-08-03 13:16:46,GPSUSDT,DOWNTREND,SELL,15,15,6.52,0,0,0,0,70,17.74,False
2026-08-03 13:16:46,EPICUSDT,UPTREND,BUY,75,75,58.4,0,0,0,0,100,0.33,False
2026-08-03 13:16:46,NILUSDT,SIDEWAYS,WAIT,40,40,61.84,0,0,0,0,100,0.41,False
2026-08-03 13:16:46,MUBARAKUSDT,SIDEWAYS,SELL,25,25,53.33,0,0,0,0,75,0.01,False
2026-08-03 13:16:46,TUTUSDT,UPTREND,WAIT,100,100,62.22,0,0,0,0,100,2.67,False
2026-08-03 13:16:46,BROCCOLI714USDT,SIDEWAYS,WAIT,30,30,50.0,0,0,0,0,90,0.58,False
2026-08-03 13:16:46,GUNUSDT,SIDEWAYS,SELL,0,0,100,0,0,0,0,75,0.03,False
2026-08-03 13:16:46,ONDOUSDT,UPTREND,BUY,80,80,55.88,0,0,0,0,100,1.61,False
2026-08-03 13:16:46,HYPERUSDT,UPTREND,SELL,25,25,60.0,0,0,0,0,80,0.13,False
2026-08-03 13:16:46,USD1USDT,SIDEWAYS,SELL,25,25,51.72,0,0,0,0,75,0.08,False
2026-08-03 13:16:46,HOMEUSDT,SIDEWAYS,WAIT,45,45,46.67,0,0,0,0,100,1.02,False
2026-08-03 13:16:46,SPKUSDT,UPTREND,WAIT,65,65,76.47,0,0,0,0,90,3.75,False
2026-08-03 13:16:46,ERAUSDT,SIDEWAYS,SELL,25,25,53.85,0,0,0,0,75,0.1,False
2026-08-03 13:16:46,CUSDT,UPTREND,WAIT,65,65,56.76,0,0,0,0,90,0.23,False
2026-08-03 13:16:46,SOMIUSDT,UPTREND,WAIT,55,55,66.67,0,0,0,0,80,0.73,False
2026-08-03 13:16:46,HOLOUSDT,SIDEWAYS,WAIT,50,50,60.0,0,0,0,0,100,1.74,False
2026-08-03 13:16:46,PUMPUSDT,UPTREND,WAIT,40,40,76.0,0,0,0,0,100,0.53,False
2026-08-03 13:16:46,HEMIUSDT,UPTREND,WAIT,50,50,55.56,0,0,0,0,70,0.56,False
2026-08-03 13:16:46,XPLUSDT,UPTREND,WAIT,85,85,71.43,0,0,0,0,100,9.87,False
2026-08-03 13:16:46,MIRAUSDT,SIDEWAYS,SELL,25,25,46.67,0,0,0,0,75,0.04,False
2026-08-03 13:16:46,FFUSDT,DOWNTREND,SELL,25,25,26.42,0,0,0,0,100,1.48,False
2026-08-03 13:16:46,EDENUSDT,SIDEWAYS,SELL,25,25,67.31,0,0,0,0,75,0.03,False
2026-08-03 13:16:46,MORPHOUSDT,DOWNTREND,SELL,5,5,20.0,0,0,0,0,75,0.05,False
2026-08-03 13:16:46,EULUSDT,SIDEWAYS,BUY,75,75,45.1,0,0,0,0,100,0.47,False
2026-08-03 13:16:46,ENSOUSDT,SIDEWAYS,SELL,20,20,45.0,0,0,0,0,90,0.18,False
2026-08-03 13:16:46,GIGGLEUSDT,DOWNTREND,WAIT,55,55,43.17,0,0,0,0,100,1.05,False
2026-08-03 13:16:46,KITEUSDT,DOWNTREND,SELL,15,15,44.44,0,0,0,0,100,0.74,False
2026-08-03 13:16:46,ALLOUSDT,DOWNTREND,WAIT,50,50,28.79,0,0,0,0,100,0.83,False
2026-08-03 13:16:46,BANKUSDT,DOWNTREND,SELL,5,5,33.33,0,0,0,0,100,0.41,False
2026-08-03 13:16:46,币安人生USDT,SIDEWAYS,SELL,25,25,45.28,0,0,0,0,90,0.14,False
2026-08-03 13:16:46,UUSDT,UPTREND,WAIT,100,100,57.14,0,0,0,0,100,2.97,False
2026-08-03 13:16:46,SENTUSDT,SIDEWAYS,WAIT,70,70,53.57,0,0,0,0,90,2.01,False
2026-08-03 13:16:46,ZAMAUSDT,DOWNTREND,SELL,15,15,13.79,0,0,0,0,100,1.05,False
2026-08-03 13:16:46,ESPUSDT,SIDEWAYS,SELL,5,5,47.98,0,0,0,0,75,0.05,False
2026-08-03 13:16:46,MANTRAUSDT,SIDEWAYS,SELL,25,25,40.0,0,0,0,0,90,0.11,False
2026-08-03 13:16:46,NIGHTUSDT,SIDEWAYS,SELL,0,0,46.67,0,0,0,0,90,0.16,False
2026-08-03 13:16:46,XAUTUSDT,DOWNTREND,SELL,25,25,36.92,0,0,0,0,75,0.07,False
2026-08-03 13:16:46,GENIUSUSDT,UPTREND,BUY,100,100,55.14,0,0,0,0,70,4.44,False
2026-08-03 13:16:46,MUBUSDT,UPTREND,WAIT,65,65,79.69,0,0,0,0,100,0.6,False
2026-08-03 13:16:46,CRCLBUSDT,UPTREND,WAIT,40,40,77.61,0,0,0,0,90,0.16,False
2026-08-03 13:16:46,NVDABUSDT,UPTREND,SELL,25,25,85.0,0,0,0,0,80,0.18,False
2026-08-03 13:16:46,SNDKBUSDT,SIDEWAYS,WAIT,55,55,74.72,0,0,0,0,100,1.48,False
2026-08-03 13:16:46,SPCXBUSDT,SIDEWAYS,WAIT,35,35,48.89,0,0,0,0,100,1.27,False
2026-08-03 13:16:46,REUSDT,SIDEWAYS,SELL,15,15,47.62,0,0,0,0,90,0.12,False
2026-08-03 13:16:46,EWYBUSDT,SIDEWAYS,WAIT,40,40,45.68,0,0,0,0,70,3.57,False
2026-08-03 13:16:46,INTCBUSDT,UPTREND,BUY,75,75,79.84,0,0,0,0,90,1.68,False
2026-08-03 13:16:46,MSTRBUSDT,SIDEWAYS,WAIT,30,30,54.35,0,0,0,0,70,1.15,False
2026-08-03 13:16:46,GRAMUSDT,SIDEWAYS,BUY,100,100,50.0,0,0,0,0,100,3.14,False
2026-08-03 13:16:46,GOOGLBUSDT,DOWNTREND,SELL,25,25,36.69,0,0,0,0,80,0.12,False
2026-08-03 13:16:46,SOXLBUSDT,SIDEWAYS,WAIT,65,65,70.76,0,0,0,0,100,2.24,False
2026-08-03 13:16:46,SKHYBUSDT,SIDEWAYS,WAIT,70,70,58.3,0,0,0,0,100,0.99,False
2026-08-03 13:16:46,AXTIBUSDT,SIDEWAYS,BUY,90,90,57.95,0,0,0,0,90,25.26,False
2026-08-03 13:16:46,KORUBUSDT,SIDEWAYS,WAIT,55,55,61.7,0,0,0,0,90,0.39,False
2026-08-03 13:16:46,MVLLBUSDT,SIDEWAYS,WAIT,65,65,59.09,0,0,0,0,70,1.52,False
2026-08-03 13:16:46,SNXXBUSDT,SIDEWAYS,WAIT,30,30,65.63,0,0,0,0,90,0.25,False
2026-08-03 13:17:22,BTCUSDT,UPTREND,WAIT,70,75.6
2026-08-03 13:17:22,ETHUSDT,UPTREND,BUY,100,60.96
2026-08-03 13:17:22,BNBUSDT,DOWNTREND,WAIT,30,43.13
2026-08-03 13:17:22,LTCUSDT,SIDEWAYS,WAIT,55,45.83
2026-08-03 13:17:22,ADAUSDT,UPTREND,WAIT,70,69.23
2026-08-03 13:18:15,BTCUSDT,UPTREND,BUY,80,80,84.7,0,0,0,0,100,1.8,False
2026-08-03 13:18:15,ETHUSDT,UPTREND,BUY,75,75,81.08,0,0,0,0,100,2.6,False
2026-08-03 13:18:15,BNBUSDT,SIDEWAYS,WAIT,55,55,52.16,0,0,0,0,100,0.65,False
2026-08-03 13:18:15,LTCUSDT,SIDEWAYS,BUY,100,100,52.0,0,0,0,0,100,2.3,False
2026-08-03 13:18:15,ADAUSDT,UPTREND,SELL,25,25,69.23,0,0,0,0,90,0.14,False
2026-08-03 13:18:15,XRPUSDT,UPTREND,BUY,80,80,70.97,0,0,0,0,100,1.25,False
2026-08-03 13:18:15,XLMUSDT,UPTREND,WAIT,40,40,85.71,0,0,0,0,100,1.35,False
2026-08-03 13:18:15,TRXUSDT,DOWNTREND,WAIT,30,30,42.86,0,0,0,0,100,0.93,False
2026-08-03 13:18:15,ETCUSDT,UPTREND,BUY,95,95,66.67,0,0,0,0,90,0.73,False
2026-08-03 13:18:15,USDCUSDT,UPTREND,WAIT,70,70,66.67,0,0,0,0,100,0.75,False
2026-08-03 13:18:15,LINKUSDT,UPTREND,WAIT,60,60,91.43,0,0,0,0,100,0.95,False
2026-08-03 13:18:15,FETUSDT,UPTREND,WAIT,70,70,66.67,0,0,0,0,100,0.42,False
2026-08-03 13:18:15,ZECUSDT,SIDEWAYS,SELL,0,0,46.51,0,0,0,0,90,0.22,False
2026-08-03 13:18:15,CELRUSDT,UPTREND,WAIT,70,70,62.5,0,0,0,0,100,1.66,False
2026-08-03 13:18:15,ENJUSDT,SIDEWAYS,WAIT,50,50,46.09,0,0,0,0,90,0.7,False
2026-08-03 13:18:15,ATOMUSDT,UPTREND,BUY,75,75,64.29,0,0,0,0,80,0.15,False
2026-08-03 13:18:15,ALGOUSDT,DOWNTREND,SELL,0,0,40.0,0,0,0,0,90,0.21,False
2026-08-03 13:18:15,DOGEUSDT,UPTREND,WAIT,40,40,78.57,0,0,0,0,100,0.75,False
2026-08-03 13:18:15,CHZUSDT,SIDEWAYS,WAIT,35,35,50.0,0,0,0,0,70,0.29,False
2026-08-03 13:18:15,BCHUSDT,UPTREND,WAIT,55,55,71.43,0,0,0,0,80,0.16,False
2026-08-03 13:18:15,EURUSDT,SIDEWAYS,WAIT,55,55,46.15,0,0,0,0,100,1.0,False
2026-08-03 13:18:15,MBLUSDT,UPTREND,WAIT,100,100,63.64,0,0,0,0,100,25.03,False
2026-08-03 13:18:15,COTIUSDT,SIDEWAYS,SELL,25,25,47.22,0,0,0,0,90,0.12,False
2026-08-03 13:18:15,SOLUSDT,UPTREND,WAIT,55,55,76.92,0,0,0,0,100,0.46,False
2026-08-03 13:18:15,ZENUSDT,UPTREND,WAIT,45,45,87.5,0,0,0,0,90,0.37,False
2026-08-03 13:18:15,STORJUSDT,SIDEWAYS,WAIT,55,55,50.0,0,0,0,0,90,3.6,False
2026-08-03 13:18:15,JSTUSDT,UPTREND,WAIT,35,35,74.19,0,0,0,0,90,0.19,False
2026-08-03 13:18:15,SANDUSDT,UPTREND,SELL,0,0,83.33,0,0,0,0,80,0.17,False
2026-08-03 13:18:15,DOTUSDT,UPTREND,BUY,80,80,72.73,0,0,0,0,100,1.86,False
2026-08-03 13:18:15,PAXGUSDT,DOWNTREND,SELL,25,25,29.26,0,0,0,0,70,0.11,False
2026-08-03 13:18:15,KSMUSDT,SIDEWAYS,SELL,10,10,100,0,0,0,0,70,2.38,False
2026-08-03 13:18:15,DIAUSDT,SIDEWAYS,WAIT,30,30,47.73,0,0,0,0,100,0.69,False
2026-08-03 13:18:15,UNIUSDT,UPTREND,BUY,85,85,66.67,0,0,0,0,100,0.34,False
2026-08-03 13:18:15,AVAXUSDT,UPTREND,WAIT,60,60,84.85,0,0,0,0,100,0.97,False
2026-08-03 13:18:15,AAVEUSDT,UPTREND,BUY,100,100,63.46,0,0,0,0,100,1.45,False
2026-08-03 13:18:15,NEARUSDT,UPTREND,WAIT,40,40,87.5,0,0,0,0,100,0.59,False
2026-08-03 13:18:15,FILUSDT,UPTREND,WAIT,65,65,85.53,0,0,0,0,100,3.79,False
2026-08-03 13:18:15,INJUSDT,UPTREND,WAIT,55,55,71.88,0,0,0,0,80,0.15,False
2026-08-03 13:18:15,SKLUSDT,DOWNTREND,WAIT,35,35,33.33,0,0,0,0,70,1.67,False
2026-08-03 13:18:15,GRTUSDT,UPTREND,WAIT,55,55,82.61,0,0,0,0,100,5.67,False
2026-08-03 13:18:15,ATMUSDT,UPTREND,WAIT,60,60,57.14,0,0,0,0,80,0.18,False
2026-08-03 13:18:15,RIFUSDT,SIDEWAYS,SELL,25,25,50.0,0,0,0,0,75,0.02,False
2026-08-03 13:18:15,CAKEUSDT,SIDEWAYS,SELL,20,20,50.0,0,0,0,0,70,0.34,False
2026-08-03 13:18:15,CFXUSDT,SIDEWAYS,WAIT,30,30,60.0,0,0,0,0,90,0.38,False
2026-08-03 13:18:15,TLMUSDT,DOWNTREND,SELL,0,0,20.0,0,0,0,0,100,0.5,False
2026-08-03 13:18:15,SHIBUSDT,UPTREND,WAIT,100,100,63.64,0,0,0,0,100,3.1,False
2026-08-03 13:18:15,ICPUSDT,UPTREND,WAIT,30,30,100,0,0,0,0,70,0.59,False
2026-08-03 13:18:15,ARUSDT,UPTREND,WAIT,30,30,90.0,0,0,0,0,90,0.45,False
2026-08-03 13:18:15,GTCUSDT,DOWNTREND,WAIT,40,40,36.28,0,0,0,0,90,15.81,False
2026-08-03 13:18:15,DEXEUSDT,DOWNTREND,BUY,75,75,44.94,0,0,0,0,100,4.76,False
2026-08-03 13:18:15,QNTUSDT,UPTREND,BUY,75,75,71.05,0,0,0,0,70,0.53,False
2026-08-03 13:18:15,WAXPUSDT,SIDEWAYS,SELL,0,0,47.83,0,0,0,0,100,0.36,False
2026-08-03 13:18:15,LAZIOUSDT,SIDEWAYS,WAIT,45,45,50.0,0,0,0,0,70,0.21,False
2026-08-03 13:18:15,ADXUSDT,SIDEWAYS,WAIT,30,30,50.0,0,0,0,0,70,0.36,False
2026-08-03 13:18:15,QIUSDT,SIDEWAYS,WAIT,30,30,53.85,0,0,0,0,70,0.46,False
2026-08-03 13:18:15,PORTOUSDT,SIDEWAYS,WAIT,45,45,50.0,0,0,0,0,100,5.18,False
2026-08-03 13:18:15,PYRUSDT,UPTREND,BUY,95,95,75.0,0,0,0,0,100,3.52,False
2026-08-03 13:18:15,BICOUSDT,UPTREND,WAIT,65,65,80.37,0,0,0,0,100,7.79,False
2026-08-03 13:18:15,PEOPLEUSDT,UPTREND,WAIT,80,80,68.75,0,0,0,0,90,1.85,False
2026-08-03 13:18:15,BTTCUSDT,SIDEWAYS,SELL,0,0,50.0,0,0,0,0,80,0.33,False
2026-08-03 13:18:15,GMTUSDT,UPTREND,WAIT,65,65,77.78,0,0,0,0,90,8.65,False
2026-08-03 13:18:15,NEXOUSDT,DOWNTREND,SELL,0,0,40.0,0,0,0,0,90,0.27,False
2026-08-03 13:18:15,LDOUSDT,SIDEWAYS,WAIT,55,55,61.54,0,0,0,0,90,0.86,False
2026-08-03 13:18:15,OPUSDT,UPTREND,WAIT,80,80,71.43,0,0,0,0,90,2.28,False
2026-08-03 13:18:15,LUNCUSDT,UPTREND,WAIT,85,85,57.69,0,0,0,0,100,1.05,False
2026-08-03 13:18:15,GMXUSDT,SIDEWAYS,WAIT,50,50,50.0,0,0,0,0,100,0.27,False
2026-08-03 13:18:15,APTUSDT,UPTREND,BUY,95,95,66.67,0,0,0,0,70,3.76,False
2026-08-03 13:18:15,HFTUSDT,UPTREND,BUY,95,95,69.82,0,0,0,0,100,2.0,False
2026-08-03 13:18:15,SYNUSDT,SIDEWAYS,WAIT,65,65,27.53,0,0,0,0,100,0.61,False
2026-08-03 13:18:15,ARBUSDT,DOWNTREND,SELL,0,0,25.0,0,0,0,0,90,0.27,False
2026-08-03 13:18:15,EDUUSDT,UPTREND,BUY,90,90,57.14,0,0,0,0,100,2.31,False
2026-08-03 13:18:15,SUIUSDT,UPTREND,BUY,95,95,71.79,0,0,0,0,100,3.27,False
2026-08-03 13:18:15,PEPEUSDT,UPTREND,WAIT,70,70,58.33,0,0,0,0,100,0.4,False
2026-08-03 13:18:15,FLOKIUSDT,UPTREND,SELL,25,25,90.91,0,0,0,0,80,0.11,False
2026-08-03 13:18:15,PENDLEUSDT,UPTREND,BUY,80,80,62.5,0,0,0,0,90,0.32,False
2026-08-03 13:18:15,WLDUSDT,UPTREND,BUY,95,95,72.73,0,0,0,0,100,4.64,False
2026-08-03 13:18:15,FDUSDUSDT,SIDEWAYS,SELL,0,0,100,0,0,0,0,90,0.52,False
2026-08-03 13:18:15,SEIUSDT,UPTREND,WAIT,70,70,72.22,0,0,0,0,90,1.93,False
2026-08-03 13:18:15,TIAUSDT,DOWNTREND,SELL,0,0,43.75,0,0,0,0,90,0.22,False
2026-08-03 13:18:15,ORDIUSDT,DOWNTREND,BUY,75,75,40.0,0,0,0,0,100,3.59,False
2026-08-03 13:18:15,PIVXUSDT,SIDEWAYS,BUY,85,85,54.55,0,0,0,0,100,7.35,False
2026-08-03 13:18:15,VICUSDT,SIDEWAYS,BUY,90,90,34.04,0,0,0,0,100,3.15,False
2026-08-03 13:18:15,VANRYUSDT,UPTREND,WAIT,100,100,62.81,0,0,0,0,100,7.63,False
2026-08-03 13:18:15,ACEUSDT,SIDEWAYS,SELL,25,25,55.56,0,0,0,0,100,0.29,False
2026-08-03 13:18:15,AIUSDT,UPTREND,WAIT,55,55,66.67,0,0,0,0,80,0.38,False
2026-08-03 13:18:15,STRKUSDT,UPTREND,WAIT,40,40,85.71,0,0,0,0,100,1.96,False
2026-08-03 13:18:15,ENAUSDT,UPTREND,WAIT,70,70,66.67,0,0,0,0,100,1.31,False
2026-08-03 13:18:15,SAGAUSDT,UPTREND,WAIT,80,80,62.5,0,0,0,0,100,0.5,False
2026-08-03 13:18:15,REZUSDT,SIDEWAYS,WAIT,40,40,55.0,0,0,0,0,70,1.41,False
2026-08-03 13:18:15,BBUSDT,SIDEWAYS,SELL,15,15,54.55,0,0,0,0,70,0.16,False
2026-08-03 13:18:15,EURIUSDT,SIDEWAYS,WAIT,45,45,41.67,0,0,0,0,70,0.63,False
2026-08-03 13:18:15,ACXUSDT,UPTREND,SELL,25,25,72.0,0,0,0,0,75,0.02,False
2026-08-03 13:18:15,MEUSDT,UPTREND,WAIT,50,50,71.43,0,0,0,0,70,0.78,False
2026-08-03 13:18:15,1000CHEEMSUSDT,DOWNTREND,SELL,10,10,28.57,0,0,0,0,75,0.04,False
2026-08-03 13:18:15,KAITOUSDT,DOWNTREND,SELL,25,25,41.85,0,0,0,0,75,0.0,False
2026-08-03 13:18:15,GPSUSDT,DOWNTREND,SELL,0,0,13.73,0,0,0,0,70,0.5,False
2026-08-03 13:18:15,TUTUSDT,UPTREND,SELL,25,25,67.44,0,0,0,0,75,0.0,False
2026-08-03 13:18:15,WCTUSDT,UPTREND,SELL,10,10,96.43,0,0,0,0,70,0.39,False
2026-08-03 13:18:15,USD1USDT,UPTREND,SELL,25,25,56.67,0,0,0,0,75,0.02,False
2026-08-03 13:18:15,HOMEUSDT,DOWNTREND,SELL,10,10,43.33,0,0,0,0,90,0.13,False
2026-08-03 13:18:15,CUSDT,UPTREND,WAIT,60,60,73.33,0,0,0,0,100,0.4,False
2026-08-03 13:18:15,SOMIUSDT,UPTREND,BUY,100,100,69.23,0,0,0,0,80,5.75,False
2026-08-03 13:18:15,OPENUSDT,UPTREND,WAIT,40,40,61.11,0,0,0,0,80,0.16,False
2026-08-03 13:18:15,PUMPUSDT,UPTREND,SELL,15,15,79.41,0,0,0,0,90,0.15,False
2026-08-03 13:18:15,XPLUSDT,UPTREND,SELL,25,25,82.98,0,0,0,0,75,0.02,False
2026-08-03 13:18:15,MIRAUSDT,SIDEWAYS,SELL,25,25,50.0,0,0,0,0,75,0.04,False
2026-08-03 13:18:15,FFUSDT,DOWNTREND,SELL,20,20,41.82,0,0,0,0,75,0.02,False
2026-08-03 13:18:15,MORPHOUSDT,DOWNTREND,SELL,20,20,44.44,0,0,0,0,90,0.14,False
2026-08-03 13:18:15,EULUSDT,SIDEWAYS,SELL,25,25,54.76,0,0,0,0,75,0.04,False
2026-08-03 13:18:15,ENSOUSDT,DOWNTREND,SELL,25,25,36.84,0,0,0,0,90,0.2,False
2026-08-03 13:18:15,GIGGLEUSDT,SIDEWAYS,WAIT,30,30,50.52,0,0,0,0,90,0.15,False
2026-08-03 13:18:15,KITEUSDT,SIDEWAYS,SELL,25,25,50.0,0,0,0,0,75,0.02,False
2026-08-03 13:18:15,MMTUSDT,UPTREND,SELL,25,25,56.25,0,0,0,0,75,0.1,False
2026-08-03 13:18:15,ALLOUSDT,SIDEWAYS,SELL,5,5,48.54,0,0,0,0,90,0.23,False
2026-08-03 13:18:15,SENTUSDT,SIDEWAYS,WAIT,50,50,52.0,0,0,0,0,90,0.54,False
2026-08-03 13:18:15,ZAMAUSDT,DOWNTREND,SELL,0,0,22.73,0,0,0,0,75,0.01,False
2026-08-03 13:18:15,ESPUSDT,SIDEWAYS,SELL,25,25,50.31,0,0,0,0,90,0.1,False
2026-08-03 13:18:15,NIGHTUSDT,SIDEWAYS,SELL,5,5,50.0,0,0,0,0,75,0.05,False
2026-08-03 13:18:15,MUBUSDT,UPTREND,WAIT,55,55,76.03,0,0,0,0,100,0.35,False
2026-08-03 13:18:15,CRCLBUSDT,UPTREND,SELL,25,25,76.92,0,0,0,0,75,0.01,False
2026-08-03 13:18:15,SNDKBUSDT,UPTREND,BUY,85,85,68.64,0,0,0,0,100,0.44,False
2026-08-03 13:18:15,SPCXBUSDT,DOWNTREND,SELL,25,25,41.25,0,0,0,0,90,0.11,False
2026-08-03 13:18:15,REUSDT,SIDEWAYS,SELL,5,5,47.22,0,0,0,0,75,0.03,False
2026-08-03 13:18:15,EWYBUSDT,UPTREND,BUY,100,100,59.63,0,0,0,0,70,1.37,False
2026-08-03 13:18:15,INTCBUSDT,UPTREND,WAIT,70,70,77.78,0,0,0,0,90,0.89,False
2026-08-03 13:18:15,GRAMUSDT,UPTREND,SELL,25,25,58.33,0,0,0,0,75,0.01,False
2026-08-03 13:18:15,SOXLBUSDT,UPTREND,BUY,100,100,65.35,0,0,0,0,100,1.46,False
2026-08-03 13:18:15,SKHYBUSDT,SIDEWAYS,WAIT,70,70,55.79,0,0,0,0,100,1.02,False
2026-08-03 13:18:15,KORUBUSDT,UPTREND,SELL,25,25,58.7,0,0,0,0,80,0.12,False
2026-08-03 13:18:15,MUUBUSDT,UPTREND,SELL,25,25,75.44,0,0,0,0,80,0.13,False
2026-08-03 13:18:15,MVLLBUSDT,SIDEWAYS,WAIT,65,65,60.87,0,0,0,0,70,1.44,False
2026-08-03 13:18:15,SNXXBUSDT,UPTREND,BUY,100,100,62.5,0,0,0,0,100,1.6,False
2026-08-03 13:18:50,BTCUSDT,UPTREND,WAIT,45,86.66
2026-08-03 13:18:50,ETHUSDT,UPTREND,WAIT,45,80.6
2026-08-03 13:18:50,BNBUSDT,SIDEWAYS,WAIT,30,50.86
2026-08-03 13:19:44,BTCUSDT,UPTREND,BUY,80,80,92.32,0,0,0,0,100,1.38,False
2026-08-03 13:19:44,ETHUSDT,UPTREND,WAIT,30,30,83.33,0,0,0,0,100,0.26,False
2026-08-03 13:19:44,BNBUSDT,UPTREND,SELL,25,25,59.93,0,0,0,0,90,0.13,False
2026-08-03 13:19:44,LTCUSDT,UPTREND,BUY,95,95,65.63,0,0,0,0,100,0.58,False
2026-08-03 13:19:44,ADAUSDT,UPTREND,WAIT,55,55,78.57,0,0,0,0,100,1.02,False
2026-08-03 13:19:44,XRPUSDT,UPTREND,SELL,25,25,83.72,0,0,0,0,75,0.06,False
2026-08-03 13:19:44,XLMUSDT,UPTREND,SELL,15,15,87.5,0,0,0,0,90,0.17,False
2026-08-03 13:19:44,TRXUSDT,SIDEWAYS,SELL,20,20,50.0,0,0,0,0,100,0.39,False
2026-08-03 13:19:44,USDCUSDT,SIDEWAYS,SELL,25,25,50.0,0,0,0,0,90,0.11,False
2026-08-03 13:19:44,LINKUSDT,UPTREND,WAIT,45,45,94.23,0,0,0,0,100,0.3,False
2026-08-03 13:19:44,FETUSDT,UPTREND,SELL,15,15,81.82,0,0,0,0,90,0.22,False
2026-08-03 13:19:44,ZECUSDT,UPTREND,BUY,95,95,66.09,0,0,0,0,100,0.63,False
2026-08-03 13:19:44,CELRUSDT,UPTREND,SELL,25,25,64.0,0,0,0,0,90,0.1,False
2026-08-03 13:19:44,DASHUSDT,UPTREND,BUY,90,90,72.0,0,0,0,0,90,1.17,False
2026-08-03 13:19:44,ENJUSDT,SIDEWAYS,SELL,20,20,49.53,0,0,0,0,80,0.18,False
2026-08-03 13:19:44,ALGOUSDT,SIDEWAYS,WAIT,60,60,53.85,0,0,0,0,100,2.16,False
2026-08-03 13:19:44,DOGEUSDT,UPTREND,SELL,5,5,84.62,0,0,0,0,90,0.23,False
2026-08-03 13:19:44,CVCUSDT,UPTREND,SELL,0,0,100,0,0,0,0,70,0.28,False
2026-08-03 13:19:44,EURUSDT,DOWNTREND,SELL,0,0,41.67,0,0,0,0,90,0.15,False
2026-08-03 13:19:44,MBLUSDT,UPTREND,WAIT,55,55,61.54,0,0,0,0,90,0.23,False
2026-08-03 13:19:44,SOLUSDT,UPTREND,WAIT,45,45,82.86,0,0,0,0,100,0.37,False
2026-08-03 13:19:44,JSTUSDT,UPTREND,SELL,25,25,70.97,0,0,0,0,75,0.02,False
2026-08-03 13:19:44,SANDUSDT,UPTREND,SELL,0,0,84.21,0,0,0,0,80,0.18,False
2026-08-03 13:19:44,DOTUSDT,UPTREND,WAIT,45,45,91.67,0,0,0,0,100,0.85,False
2026-08-03 13:19:44,DIAUSDT,SIDEWAYS,SELL,25,25,61.76,0,0,0,0,75,0.09,False
2026-08-03 13:19:44,UNIUSDT,UPTREND,SELL,25,25,75.76,0,0,0,0,75,0.03,False
2026-08-03 13:19:44,AVAXUSDT,UPTREND,WAIT,45,45,92.11,0,0,0,0,100,0.31,False
2026-08-03 13:19:44,AAVEUSDT,UPTREND,BUY,75,75,77.05,0,0,0,0,100,1.48,False
2026-08-03 13:19:44,NEARUSDT,UPTREND,SELL,25,25,90.0,0,0,0,0,75,0.08,False
2026-08-03 13:19:44,FILUSDT,UPTREND,SELL,25,25,88.0,0,0,0,0,75,0.03,False
2026-08-03 13:19:44,SKLUSDT,SIDEWAYS,SELL,25,25,66.67,0,0,0,0,70,0.81,False
2026-08-03 13:19:44,GRTUSDT,UPTREND,SELL,5,5,84.0,0,0,0,0,90,0.19,False
2026-08-03 13:19:44,CFXUSDT,UPTREND,WAIT,50,50,61.9,0,0,0,0,80,0.21,False
2026-08-03 13:19:44,TLMUSDT,SIDEWAYS,SELL,10,10,46.67,0,0,0,0,100,0.34,False
2026-08-03 13:19:44,ICPUSDT,UPTREND,BUY,80,80,86.67,0,0,0,0,90,7.93,False
2026-08-03 13:19:44,ARUSDT,UPTREND,WAIT,60,60,92.31,0,0,0,0,90,2.32,False
2026-08-03 13:19:44,DEXEUSDT,SIDEWAYS,SELL,20,20,49.44,0,0,0,0,90,0.15,False
2026-08-03 13:19:44,WAXPUSDT,SIDEWAYS,SELL,25,25,53.57,0,0,0,0,90,0.14,False
2026-08-03 13:19:44,LAZIOUSDT,SIDEWAYS,SELL,25,25,50.0,0,0,0,0,70,0.11,False
2026-08-03 13:19:44,PORTOUSDT,SIDEWAYS,SELL,5,5,50.0,0,0,0,0,80,0.44,False
2026-08-03 13:19:44,PYRUSDT,UPTREND,SELL,25,25,62.5,0,0,0,0,75,0.05,False
2026-08-03 13:19:44,BICOUSDT,UPTREND,WAIT,45,45,81.22,0,0,0,0,100,1.0,False
2026-08-03 13:19:44,BTTCUSDT,SIDEWAYS,SELL,25,25,50.0,0,0,0,0,80,0.72,False
2026-08-03 13:19:44,TUSDT,SIDEWAYS,WAIT,40,40,50.0,0,0,0,0,70,2.26,False
2026-08-03 13:19:44,LDOUSDT,UPTREND,BUY,80,80,75.0,0,0,0,0,90,1.87,False
2026-08-03 13:19:44,OPUSDT,UPTREND,WAIT,70,70,75.0,0,0,0,0,90,0.73,False
2026-08-03 13:19:44,LUNCUSDT,UPTREND,SELL,25,25,69.44,0,0,0,0,75,0.06,False
2026-08-03 13:19:44,GMXUSDT,UPTREND,SELL,25,25,66.67,0,0,0,0,90,0.13,False
2026-08-03 13:19:44,APTUSDT,UPTREND,WAIT,55,55,100,0,0,0,0,70,5.5,False
2026-08-03 13:19:44,HFTUSDT,UPTREND,BUY,80,80,65.99,0,0,0,0,100,0.67,False
2026-08-03 13:19:44,SUIUSDT,UPTREND,WAIT,60,60,76.09,0,0,0,0,100,1.28,False
2026-08-03 13:19:44,PEPEUSDT,UPTREND,WAIT,100,100,63.64,0,0,0,0,100,13.28,False
2026-08-03 13:19:44,FLOKIUSDT,UPTREND,WAIT,35,35,92.31,0,0,0,0,90,0.82,False
2026-08-03 13:19:44,PENDLEUSDT,UPTREND,WAIT,40,40,80.0,0,0,0,0,90,0.32,False
2026-08-03 13:19:44,WLDUSDT,UPTREND,WAIT,40,40,76.92,0,0,0,0,100,0.41,False
2026-08-03 13:19:44,FDUSDUSDT,SIDEWAYS,SELL,0,0,100,0,0,0,0,90,1.07,False
2026-08-03 13:19:44,SEIUSDT,UPTREND,WAIT,40,40,86.36,0,0,0,0,90,1.95,False
2026-08-03 13:19:44,TIAUSDT,UPTREND,BUY,100,100,60.0,0,0,0,0,100,3.38,False
2026-08-03 13:19:44,ORDIUSDT,UPTREND,BUY,95,95,60.53,0,0,0,0,100,0.36,False
2026-08-03 13:19:44,PIVXUSDT,UPTREND,WAIT,45,45,57.14,0,0,0,0,90,0.16,False
2026-08-03 13:19:44,VICUSDT,SIDEWAYS,WAIT,60,60,17.07,0,0,0,0,100,1.43,False
2026-08-03 13:19:44,VANRYUSDT,UPTREND,WAIT,70,70,64.4,0,0,0,0,100,0.41,False
2026-08-03 13:19:44,ACEUSDT,SIDEWAYS,SELL,25,25,58.82,0,0,0,0,75,0.0,False
2026-08-03 13:19:44,AIUSDT,UPTREND,WAIT,35,35,66.67,0,0,0,0,70,0.18,False
2026-08-03 13:19:44,PYTHUSDT,UPTREND,WAIT,95,95,64.1,0,0,0,0,70,3.03,False
2026-08-03 13:19:44,STRKUSDT,UPTREND,SELL,20,20,96.43,0,0,0,0,100,0.33,False
2026-08-03 13:19:44,PORTALUSDT,DOWNTREND,SELL,25,25,33.33,0,0,0,0,90,0.46,False
2026-08-03 13:19:44,WIFUSDT,UPTREND,WAIT,55,55,91.67,0,0,0,0,70,3.09,False
2026-08-03 13:19:44,BOMEUSDT,UPTREND,WAIT,90,90,58.41,0,0,0,0,100,1.94,False
2026-08-03 13:19:44,ETHFIUSDT,UPTREND,BUY,80,80,69.23,0,0,0,0,100,0.65,False
2026-08-03 13:19:44,ENAUSDT,UPTREND,SELL,25,25,64.71,0,0,0,0,75,0.05,False
2026-08-03 13:19:44,SAGAUSDT,UPTREND,WAIT,70,70,64.71,0,0,0,0,100,0.4,False
2026-08-03 13:19:44,TAOUSDT,UPTREND,WAIT,60,60,73.33,0,0,0,0,100,0.27,False
2026-08-03 13:19:44,POLUSDT,UPTREND,WAIT,80,80,60.87,0,0,0,0,100,0.63,False
2026-08-03 13:19:44,NEIROUSDT,SIDEWAYS,SELL,20,20,65.96,0,0,0,0,100,0.48,False
2026-08-03 13:19:44,HMSTRUSDT,UPTREND,WAIT,80,80,59.09,0,0,0,0,90,0.64,False
2026-08-03 13:19:44,SCRUSDT,UPTREND,WAIT,50,50,70.0,0,0,0,0,70,0.42,False
2026-08-03 13:19:44,ACXUSDT,UPTREND,BUY,80,80,71.27,0,0,0,0,100,1.74,False
2026-08-03 13:19:44,MOVEUSDT,SIDEWAYS,SELL,0,0,100,0,0,0,0,75,0.04,False
2026-08-03 13:19:44,MEUSDT,UPTREND,WAIT,45,45,91.18,0,0,0,0,70,4.28,False
2026-08-03 13:19:44,PENGUUSDT,UPTREND,SELL,25,25,81.08,0,0,0,0,75,0.01,False
2026-08-03 13:19:44,SUSDT,SIDEWAYS,WAIT,50,50,64.86,0,0,0,0,100,1.67,False
2026-08-03 13:19:44,TRUMPUSDT,UPTREND,BUY,90,90,80.0,0,0,0,0,100,11.72,False
2026-08-03 13:19:44,1000CHEEMSUSDT,DOWNTREND,WAIT,45,45,40.0,0,0,0,0,100,2.31,False
2026-08-03 13:19:44,HEIUSDT,DOWNTREND,SELL,25,25,33.33,0,0,0,0,90,0.51,False
2026-08-03 13:19:44,KAITOUSDT,SIDEWAYS,SELL,15,15,46.08,0,0,0,0,100,0.33,False
2026-08-03 13:19:44,GPSUSDT,DOWNTREND,SELL,10,10,11.54,0,0,0,0,70,2.22,False
2026-08-03 13:19:44,EPICUSDT,SIDEWAYS,WAIT,45,45,44.3,0,0,0,0,90,0.15,False
2026-08-03 13:19:44,FORMUSDT,SIDEWAYS,WAIT,30,30,60.0,0,0,0,0,70,0.4,False
2026-08-03 13:19:44,NILUSDT,SIDEWAYS,SELL,25,25,54.41,0,0,0,0,75,0.02,False
2026-08-03 13:19:44,MUBARAKUSDT,SIDEWAYS,SELL,25,25,66.67,0,0,0,0,90,0.14,False
2026-08-03 13:19:44,TUTUSDT,UPTREND,WAIT,60,60,65.22,0,0,0,0,100,0.49,False
2026-08-03 13:19:44,GUNUSDT,UPTREND,SELL,25,25,100,0,0,0,0,75,0.03,False
2026-08-03 13:19:44,BABYUSDT,UPTREND,WAIT,80,80,69.23,0,0,0,0,100,1.91,False
2026-08-03 13:19:44,ONDOUSDT,UPTREND,WAIT,60,60,60.0,0,0,0,0,100,0.39,False
2026-08-03 13:19:44,VIRTUALUSDT,UPTREND,WAIT,60,60,75.61,0,0,0,0,90,1.46,False
2026-08-03 13:19:44,USD1USDT,UPTREND,WAIT,40,40,85.0,0,0,0,0,100,1.62,False
2026-08-03 13:19:44,HOMEUSDT,DOWNTREND,SELL,5,5,41.94,0,0,0,0,100,0.71,False
2026-08-03 13:19:44,SPKUSDT,UPTREND,WAIT,100,100,62.72,0,0,0,0,90,3.72,False
2026-08-03 13:19:44,ERAUSDT,SIDEWAYS,SELL,25,25,53.85,0,0,0,0,75,0.08,False
2026-08-03 13:19:44,CUSDT,UPTREND,SELL,25,25,66.67,0,0,0,0,90,0.12,False
2026-08-03 13:19:44,MITOUSDT,UPTREND,WAIT,55,55,76.19,0,0,0,0,70,4.18,False
2026-08-03 13:19:44,SOMIUSDT,UPTREND,SELL,25,25,75.0,0,0,0,0,70,0.14,False
2026-08-03 13:19:44,OPENUSDT,SIDEWAYS,WAIT,50,50,51.35,0,0,0,0,90,0.48,False
2026-08-03 13:19:44,PUMPUSDT,UPTREND,SELL,20,20,82.86,0,0,0,0,100,0.3,False
2026-08-03 13:19:44,XPLUSDT,UPTREND,WAIT,55,55,88.24,0,0,0,0,100,17.93,False
2026-08-03 13:19:44,MIRAUSDT,SIDEWAYS,SELL,25,25,46.15,0,0,0,0,75,0.01,False
2026-08-03 13:19:44,FFUSDT,SIDEWAYS,SELL,20,20,50.91,0,0,0,0,100,0.32,False
2026-08-03 13:19:44,EDENUSDT,UPTREND,WAIT,60,60,70.0,0,0,0,0,100,0.41,False
2026-08-03 13:19:44,MORPHOUSDT,SIDEWAYS,WAIT,60,60,58.33,0,0,0,0,100,1.32,False
2026-08-03 13:19:44,EULUSDT,DOWNTREND,SELL,5,5,44.23,0,0,0,0,100,0.27,False
2026-08-03 13:19:44,ENSOUSDT,SIDEWAYS,WAIT,50,50,63.64,0,0,0,0,100,0.65,False
2026-08-03 13:19:44,GIGGLEUSDT,SIDEWAYS,WAIT,40,40,56.67,0,0,0,0,100,0.26,False
2026-08-03 13:19:44,KITEUSDT,SIDEWAYS,WAIT,50,50,50.0,0,0,0,0,100,0.31,False
2026-08-03 13:19:44,MMTUSDT,UPTREND,BUY,90,90,56.52,0,0,0,0,100,0.52,False
2026-08-03 13:19:44,ALLOUSDT,SIDEWAYS,SELL,5,5,48.04,0,0,0,0,90,0.2,False
2026-08-03 13:19:44,BANKUSDT,SIDEWAYS,WAIT,40,40,50.0,0,0,0,0,100,0.6,False
2026-08-03 13:19:44,币安人生USDT,SIDEWAYS,WAIT,40,40,51.16,0,0,0,0,100,0.75,False
2026-08-03 13:19:44,UUSDT,SIDEWAYS,WAIT,65,65,57.14,0,0,0,0,100,4.83,False
2026-08-03 13:19:44,FRAXUSDT,SIDEWAYS,WAIT,40,40,63.33,0,0,0,0,70,0.5,False
2026-08-03 13:19:44,SENTUSDT,SIDEWAYS,SELL,10,10,45.45,0,0,0,0,80,0.16,False
2026-08-03 13:19:44,ZAMAUSDT,DOWNTREND,SELL,10,10,26.09,0,0,0,0,75,0.05,False
2026-08-03 13:19:44,ESPUSDT,SIDEWAYS,SELL,25,25,55.32,0,0,0,0,75,0.02,False
2026-08-03 13:19:44,MANTRAUSDT,SIDEWAYS,WAIT,60,60,50.0,0,0,0,0,100,1.31,False
2026-08-03 13:19:44,NIGHTUSDT,UPTREND,WAIT,90,90,63.16,0,0,0,0,100,1.57,False
2026-08-03 13:19:44,XAUTUSDT,DOWNTREND,WAIT,35,35,15.35,0,0,0,0,100,1.92,False
2026-08-03 13:19:44,AIGENSYNUSDT,UPTREND,WAIT,60,60,66.67,0,0,0,0,70,0.59,False
2026-08-03 13:19:44,GENIUSUSDT,SIDEWAYS,WAIT,65,65,41.03,0,0,0,0,70,1.0,False
2026-08-03 13:19:44,MUBUSDT,UPTREND,WAIT,55,55,80.95,0,0,0,0,100,0.55,False
2026-08-03 13:19:44,CRCLBUSDT,UPTREND,WAIT,55,55,85.71,0,0,0,0,100,0.65,False
2026-08-03 13:19:44,NVDABUSDT,UPTREND,BUY,80,80,82.35,0,0,0,0,90,3.01,False
2026-08-03 13:19:44,SNDKBUSDT,UPTREND,BUY,100,100,63.38,0,0,0,0,100,1.99,False
2026-08-03 13:19:44,SPCXBUSDT,DOWNTREND,WAIT,40,40,43.9,0,0,0,0,100,0.37,False
2026-08-03 13:19:44,REUSDT,SIDEWAYS,WAIT,55,55,54.76,0,0,0,0,90,0.16,False
2026-08-03 13:19:44,EWYBUSDT,UPTREND,BUY,100,100,58.5,0,0,0,0,70,13.5,False
2026-08-03 13:19:44,MSTRBUSDT,UPTREND,WAIT,50,50,74.19,0,0,0,0,70,0.27,False
2026-08-03 13:19:44,GRAMUSDT,UPTREND,BUY,90,90,61.54,0,0,0,0,100,0.55,False
2026-08-03 13:19:44,DRAMBUSDT,UPTREND,WAIT,40,40,79.31,0,0,0,0,90,0.27,False
2026-08-03 13:19:44,GOOGLBUSDT,DOWNTREND,SELL,15,15,2.55,0,0,0,0,90,0.36,False
2026-08-03 13:19:44,NBISBUSDT,UPTREND,BUY,85,85,65.3,0,0,0,0,100,0.36,False
2026-08-03 13:19:44,SOXLBUSDT,UPTREND,BUY,100,100,65.49,0,0,0,0,100,1.52,False
2026-08-03 13:19:44,SKHYBUSDT,UPTREND,BUY,100,100,62.41,0,0,0,0,100,5.46,False
2026-08-03 13:19:44,AXTIBUSDT,SIDEWAYS,WAIT,55,55,46.6,0,0,0,0,80,0.22,False
2026-08-03 13:19:44,KORUBUSDT,UPTREND,BUY,100,100,57.45,0,0,0,0,90,1.32,False
2026-08-03 13:19:44,MUUBUSDT,UPTREND,BUY,85,85,79.41,0,0,0,0,90,2.21,False
2026-08-03 13:19:44,SNXXBUSDT,SIDEWAYS,SELL,25,25,48.15,0,0,0,0,75,0.05,False
2026-08-03 13:20:24,BTCUSDT,UPTREND,BUY,95,92.73
2026-08-03 13:20:24,ETHUSDT,UPTREND,WAIT,65,83.73
2026-08-03 13:20:24,BNBUSDT,UPTREND,BUY,100,60.64
2026-08-03 13:20:24,LTCUSDT,UPTREND,BUY,100,66.67
2026-08-03 13:20:24,ADAUSDT,UPTREND,WAIT,60,78.57
2026-08-03 13:20:24,XRPUSDT,UPTREND,WAIT,30,86.0
2026-08-03 13:20:24,XLMUSDT,UPTREND,WAIT,60,88.89
2026-08-03 13:20:24,TRXUSDT,SIDEWAYS,WAIT,30,50.0
2026-08-03 13:20:24,USDCUSDT,SIDEWAYS,WAIT,55,42.86
2026-08-03 13:20:24,LINKUSDT,UPTREND,BUY,80,94.34
2026-08-03 13:20:24,FETUSDT,UPTREND,WAIT,70,80.0
2026-08-03 13:20:24,ZECUSDT,UPTREND,BUY,100,66.19
2026-08-03 13:20:24,CELRUSDT,UPTREND,WAIT,70,61.54
2026-08-03 13:20:24,DASHUSDT,UPTREND,BUY,90,76.67
2026-08-03 13:20:24,ENJUSDT,SIDEWAYS,WAIT,50,49.53
2026-08-03 13:20:24,ATOMUSDT,UPTREND,WAIT,55,71.43
2026-08-03 13:20:24,ALGOUSDT,SIDEWAYS,WAIT,60,50.0
2026-08-03 13:20:24,DOGEUSDT,UPTREND,WAIT,40,85.71
2026-08-03 13:20:24,WINUSDT,SIDEWAYS,WAIT,80,52.56
2026-08-03 13:20:24,CVCUSDT,UPTREND,SELL,20,100
2026-08-03 13:20:24,CHZUSDT,UPTREND,WAIT,90,58.33
2026-08-03 13:20:24,HBARUSDT,UPTREND,WAIT,40,96.43
2026-08-03 13:20:24,RLCUSDT,UPTREND,WAIT,65,71.43
2026-08-03 13:20:24,BCHUSDT,UPTREND,BUY,75,90.0
2026-08-03 13:20:24,FTTUSDT,UPTREND,BUY,100,60.29
2026-08-03 13:20:24,EURUSDT,DOWNTREND,SELL,20,36.36
2026-08-03 13:20:24,MBLUSDT,UPTREND,WAIT,80,61.54
2026-08-03 13:20:24,COTIUSDT,SIDEWAYS,SELL,5,50.0
2026-08-03 13:20:24,SOLUSDT,UPTREND,BUY,80,83.78
2026-08-03 13:20:24,ZENUSDT,UPTREND,SELL,25,89.29
2026-08-03 13:20:24,JSTUSDT,UPTREND,SELL,25,70.97
2026-08-03 13:20:24,SANDUSDT,UPTREND,SELL,20,84.62
2026-08-03 13:20:24,DOTUSDT,UPTREND,WAIT,65,83.33
2026-08-03 13:20:24,PAXGUSDT,DOWNTREND,SELL,10,11.48
2026-08-03 13:20:24,DIAUSDT,SIDEWAYS,WAIT,50,61.76
2026-08-03 13:20:24,UNIUSDT,UPTREND,WAIT,55,77.14
2026-08-03 13:20:24,AVAXUSDT,UPTREND,BUY,80,93.33
2026-08-03 13:20:24,AAVEUSDT,UPTREND,BUY,75,78.79
2026-08-03 13:20:24,NEARUSDT,UPTREND,WAIT,40,90.91
2026-08-03 13:20:24,FILUSDT,UPTREND,WAIT,40,88.0
2026-08-03 13:20:24,INJUSDT,UPTREND,WAIT,55,80.49
2026-08-03 13:20:24,SKLUSDT,SIDEWAYS,SELL,25,66.67
2026-08-03 13:20:24,GRTUSDT,UPTREND,SELL,5,84.0
2026-08-03 13:20:24,RIFUSDT,UPTREND,SELL,25,62.5
2026-08-03 13:20:24,CFXUSDT,UPTREND,WAIT,40,66.67
2026-08-03 13:20:24,TKOUSDT,UPTREND,WAIT,70,63.64
2026-08-03 13:20:24,TLMUSDT,SIDEWAYS,SELL,20,50.0
2026-08-03 13:20:24,SHIBUSDT,UPTREND,WAIT,45,70.0
2026-08-03 13:20:24,ICPUSDT,UPTREND,BUY,80,88.24
2026-08-03 13:20:24,ARUSDT,UPTREND,BUY,75,92.86
2026-08-03 13:20:24,DEXEUSDT,SIDEWAYS,WAIT,30,50.57
2026-08-03 13:20:24,WAXPUSDT,UPTREND,WAIT,90,57.14
2026-08-03 13:20:24,LAZIOUSDT,SIDEWAYS,WAIT,50,50.0
2026-08-03 13:20:24,PORTOUSDT,SIDEWAYS,BUY,80,54.55
2026-08-03 13:20:24,PYRUSDT,SIDEWAYS,BUY,100,50.0
2026-08-03 13:20:24,BICOUSDT,UPTREND,WAIT,50,81.47
2026-08-03 13:20:24,PEOPLEUSDT,UPTREND,WAIT,50,64.29
2026-08-03 13:20:24,JOEUSDT,UPTREND,SELL,25,66.67
2026-08-03 13:20:24,SCRTUSDT,DOWNTREND,WAIT,45,33.33
2026-08-03 13:20:24,BTTCUSDT,SIDEWAYS,WAIT,30,50.0
2026-08-03 13:20:24,TUSDT,SIDEWAYS,WAIT,40,50.0
2026-08-03 13:20:24,GMTUSDT,UPTREND,SELL,20,90.0
2026-08-03 13:20:24,NEXOUSDT,DOWNTREND,SELL,5,42.86
2026-08-03 13:20:24,LDOUSDT,UPTREND,BUY,90,75.0
2026-08-03 13:20:24,LUNCUSDT,UPTREND,WAIT,60,71.05
2026-08-03 13:20:24,APTUSDT,UPTREND,WAIT,55,100
2026-08-03 13:20:24,HFTUSDT,UPTREND,BUY,100,63.8
2026-08-03 13:20:24,SUIUSDT,UPTREND,SELL,25,90.7
2026-08-03 13:20:24,PEPEUSDT,UPTREND,SELL,25,60.0
2026-08-03 13:20:24,PENDLEUSDT,UPTREND,WAIT,45,92.31
2026-08-03 13:20:24,WLDUSDT,UPTREND,WAIT,45,86.84
2026-08-03 13:20:24,TIAUSDT,UPTREND,BUY,85,68.75
2026-08-03 13:20:24,ORDIUSDT,UPTREND,SELL,25,65.12
2026-08-03 13:20:24,PIVXUSDT,SIDEWAYS,SELL,25,48.6
2026-08-03 13:20:24,VICUSDT,SIDEWAYS,SELL,25,20.59
2026-08-03 13:20:24,VANRYUSDT,UPTREND,SELL,25,65.04
2026-08-03 13:20:24,PYTHUSDT,UPTREND,WAIT,55,75.68
2026-08-03 13:20:24,STRKUSDT,UPTREND,SELL,5,96.77
2026-08-03 13:20:24,BOMEUSDT,UPTREND,SELL,25,63.46
2026-08-03 13:20:24,ETHFIUSDT,UPTREND,SELL,25,81.4
2026-08-03 13:20:24,ENAUSDT,UPTREND,BUY,95,57.14
2026-08-03 13:20:24,SAGAUSDT,UPTREND,WAIT,35,72.22
2026-08-03 13:20:24,TAOUSDT,UPTREND,SELL,25,86.67
2026-08-03 13:20:24,POLUSDT,UPTREND,SELL,25,59.09
2026-08-03 13:20:24,NEIROUSDT,UPTREND,SELL,15,76.47
2026-08-03 13:20:24,ACXUSDT,UPTREND,SELL,25,64.02
2026-08-03 13:20:24,MOVEUSDT,SIDEWAYS,SELL,0,100
2026-08-03 13:20:24,MEUSDT,UPTREND,SELL,20,91.67
2026-08-03 13:20:24,PENGUUSDT,UPTREND,WAIT,40,85.71
2026-08-03 13:20:24,SUSDT,UPTREND,WAIT,45,68.29
2026-08-03 13:20:24,TRUMPUSDT,UPTREND,WAIT,30,85.71
2026-08-03 13:20:24,BERAUSDT,UPTREND,SELL,20,87.5
2026-08-03 13:20:24,1000CHEEMSUSDT,DOWNTREND,SELL,20,40.0
2026-08-03 13:20:24,KAITOUSDT,DOWNTREND,SELL,25,44.56
2026-08-03 13:20:24,EPICUSDT,SIDEWAYS,SELL,25,38.41
2026-08-03 13:20:24,NILUSDT,SIDEWAYS,SELL,25,52.94
2026-08-03 13:20:24,TUTUSDT,UPTREND,SELL,25,59.18
2026-08-03 13:20:24,BABYUSDT,UPTREND,WAIT,30,80.0
2026-08-03 13:20:24,ONDOUSDT,UPTREND,WAIT,70,67.57
2026-08-03 13:20:24,VIRTUALUSDT,UPTREND,SELL,25,84.78
2026-08-03 13:20:24,WCTUSDT,UPTREND,SELL,0,97.37
2026-08-03 13:20:24,SIGNUSDT,UPTREND,SELL,0,100
2026-08-03 13:20:24,USD1USDT,SIDEWAYS,WAIT,70,50.0
2026-08-03 13:20:24,HOMEUSDT,DOWNTREND,SELL,5,36.67
2026-08-03 13:20:24,SPKUSDT,UPTREND,WAIT,55,81.07
2026-08-03 13:20:24,ERAUSDT,UPTREND,SELL,25,64.29
2026-08-03 13:20:24,CUSDT,UPTREND,SELL,25,63.16
2026-08-03 13:20:24,MITOUSDT,UPTREND,WAIT,70,75.0
2026-08-03 13:20:24,HOLOUSDT,SIDEWAYS,SELL,25,60.0
2026-08-03 13:20:24,PUMPUSDT,UPTREND,SELL,25,85.29
2026-08-03 13:20:24,HEMIUSDT,UPTREND,WAIT,70,57.14
2026-08-03 13:20:24,XPLUSDT,UPTREND,WAIT,45,89.33
2026-08-03 13:20:24,MIRAUSDT,SIDEWAYS,SELL,25,54.55
2026-08-03 13:20:24,FFUSDT,SIDEWAYS,SELL,25,58.33
2026-08-03 13:20:24,EULUSDT,DOWNTREND,SELL,20,43.06
2026-08-03 13:21:16,BTCUSDT,UPTREND,BUY,80,80,100,0,0,0,0,100,1.34,False
2026-08-03 13:21:16,ETHUSDT,UPTREND,BUY,80,80,92.34,0,0,0,0,100,3.24,False
2026-08-03 13:21:16,BNBUSDT,UPTREND,BUY,100,100,73.43,0,0,0,0,100,2.13,False
2026-08-03 13:21:16,LTCUSDT,UPTREND,BUY,100,100,67.65,0,0,0,0,100,1.26,False
2026-08-03 13:21:16,ADAUSDT,UPTREND,BUY,75,75,77.42,0,0,0,0,100,3.55,False
2026-08-03 13:21:16,XRPUSDT,UPTREND,WAIT,50,50,93.44,0,0,0,0,100,1.28,False
2026-08-03 13:21:16,XLMUSDT,UPTREND,WAIT,50,50,90.0,0,0,0,0,100,1.82,False
2026-08-03 13:21:16,TRXUSDT,SIDEWAYS,WAIT,30,30,50.0,0,0,0,0,100,0.63,False
2026-08-03 13:21:16,USDCUSDT,DOWNTREND,WAIT,30,30,37.5,0,0,0,0,100,4.26,False
2026-08-03 13:21:16,LINKUSDT,UPTREND,WAIT,55,55,96.49,0,0,0,0,100,0.52,False
2026-08-03 13:21:16,FETUSDT,UPTREND,WAIT,55,55,80.0,0,0,0,0,100,0.94,False
2026-08-03 13:21:16,ZECUSDT,UPTREND,BUY,90,90,70.27,0,0,0,0,100,0.85,False
2026-08-03 13:21:16,CELRUSDT,UPTREND,WAIT,45,45,66.67,0,0,0,0,100,0.28,False
2026-08-03 13:21:16,DASHUSDT,UPTREND,BUY,95,95,75.0,0,0,0,0,90,1.99,False
2026-08-03 13:21:16,ENJUSDT,UPTREND,WAIT,60,60,61.76,0,0,0,0,90,0.49,False
2026-08-03 13:21:16,ATOMUSDT,UPTREND,SELL,25,25,76.92,0,0,0,0,90,0.28,False
2026-08-03 13:21:16,DOGEUSDT,UPTREND,WAIT,40,40,94.87,0,0,0,0,100,1.78,False
2026-08-03 13:21:16,WINUSDT,UPTREND,WAIT,100,100,65.0,0,0,0,0,90,2.14,False
2026-08-03 13:21:16,CVCUSDT,UPTREND,WAIT,45,45,100,0,0,0,0,70,3.85,False
2026-08-03 13:21:16,HBARUSDT,UPTREND,WAIT,55,55,92.31,0,0,0,0,90,4.3,False
2026-08-03 13:21:16,RLCUSDT,UPTREND,WAIT,50,50,72.73,0,0,0,0,70,1.77,False
2026-08-03 13:21:16,BCHUSDT,UPTREND,WAIT,60,60,90.0,0,0,0,0,90,1.12,False
2026-08-03 13:21:16,EURUSDT,DOWNTREND,SELL,25,25,41.67,0,0,0,0,100,1.21,False
2026-08-03 13:21:16,MBLUSDT,UPTREND,WAIT,70,70,71.43,0,0,0,0,100,1.49,False
2026-08-03 13:21:16,COTIUSDT,SIDEWAYS,SELL,0,0,86.36,0,0,0,0,90,0.22,False
2026-08-03 13:21:16,SOLUSDT,UPTREND,WAIT,65,65,94.44,0,0,0,0,100,1.55,False
2026-08-03 13:21:16,ZENUSDT,UPTREND,WAIT,45,45,100,0,0,0,0,90,0.34,False
2026-08-03 13:21:16,JSTUSDT,UPTREND,WAIT,40,40,76.67,0,0,0,0,100,0.6,False
2026-08-03 13:21:16,SANDUSDT,UPTREND,WAIT,35,35,89.19,0,0,0,0,90,0.83,False
2026-08-03 13:21:16,DOTUSDT,UPTREND,WAIT,30,30,81.82,0,0,0,0,100,0.4,False
2026-08-03 13:21:16,PAXGUSDT,DOWNTREND,SELL,25,25,11.84,0,0,0,0,80,1.16,False
2026-08-03 13:21:16,KSMUSDT,UPTREND,WAIT,55,55,100,0,0,0,0,70,1.31,False
2026-08-03 13:21:16,DIAUSDT,SIDEWAYS,SELL,15,15,54.29,0,0,0,0,75,0.09,False
2026-08-03 13:21:16,UNIUSDT,UPTREND,WAIT,70,70,77.78,0,0,0,0,100,1.06,False
2026-08-03 13:21:16,AVAXUSDT,UPTREND,WAIT,55,55,97.96,0,0,0,0,100,0.6,False
2026-08-03 13:21:16,AAVEUSDT,UPTREND,WAIT,55,55,86.89,0,0,0,0,100,0.63,False
2026-08-03 13:21:16,NEARUSDT,UPTREND,WAIT,40,40,90.0,0,0,0,0,100,0.62,False
2026-08-03 13:21:16,FILUSDT,UPTREND,WAIT,65,65,90.41,0,0,0,0,100,4.13,False
2026-08-03 13:21:16,INJUSDT,UPTREND,BUY,80,80,80.49,0,0,0,0,90,15.03,False
2026-08-03 13:21:16,SKLUSDT,UPTREND,WAIT,50,50,66.67,0,0,0,0,70,0.42,False
2026-08-03 13:21:16,GRTUSDT,UPTREND,WAIT,35,35,85.19,0,0,0,0,100,1.15,False
2026-08-03 13:21:16,ATMUSDT,UPTREND,WAIT,50,50,77.78,0,0,0,0,70,1.7,False
2026-08-03 13:21:16,RIFUSDT,SIDEWAYS,WAIT,65,65,50.0,0,0,0,0,100,1.02,False
2026-08-03 13:21:16,CAKEUSDT,UPTREND,WAIT,50,50,75.0,0,0,0,0,70,0.39,False
2026-08-03 13:21:16,TLMUSDT,SIDEWAYS,SELL,25,25,50.0,0,0,0,0,75,0.08,False
2026-08-03 13:21:16,SHIBUSDT,UPTREND,WAIT,95,95,66.67,0,0,0,0,100,16.47,False
2026-08-03 13:21:16,ICPUSDT,UPTREND,BUY,80,80,88.89,0,0,0,0,90,4.19,False
2026-08-03 13:21:16,ARUSDT,UPTREND,WAIT,65,65,92.31,0,0,0,0,90,6.48,False
2026-08-03 13:21:16,LPTUSDT,UPTREND,SELL,25,25,77.78,0,0,0,0,80,0.1,False
2026-08-03 13:21:16,DEXEUSDT,SIDEWAYS,SELL,20,20,48.35,0,0,0,0,90,0.23,False
2026-08-03 13:21:16,QNTUSDT,UPTREND,WAIT,70,70,94.29,0,0,0,0,70,6.89,False
2026-08-03 13:21:16,RAYUSDT,UPTREND,WAIT,55,55,75.76,0,0,0,0,80,1.56,False
2026-08-03 13:21:16,WAXPUSDT,UPTREND,WAIT,80,80,64.0,0,0,0,0,100,0.74,False
2026-08-03 13:21:16,LAZIOUSDT,UPTREND,BUY,100,100,55.56,0,0,0,0,80,8.24,False
2026-08-03 13:21:16,ADXUSDT,SIDEWAYS,WAIT,45,45,50.0,0,0,0,0,70,1.16,False
2026-08-03 13:21:16,QIUSDT,SIDEWAYS,WAIT,35,35,43.48,0,0,0,0,70,0.58,False
2026-08-03 13:21:16,PYRUSDT,SIDEWAYS,BUY,80,80,50.0,0,0,0,0,100,2.63,False
2026-08-03 13:21:16,BICOUSDT,UPTREND,WAIT,50,50,80.51,0,0,0,0,100,1.76,False
2026-08-03 13:21:16,PEOPLEUSDT,UPTREND,WAIT,70,70,64.29,0,0,0,0,90,0.4,False
2026-08-03 13:21:16,JOEUSDT,UPTREND,WAIT,30,30,100,0,0,0,0,80,0.91,False
2026-08-03 13:21:16,BTTCUSDT,UPTREND,WAIT,65,65,60.0,0,0,0,0,80,0.32,False
2026-08-03 13:21:16,GMTUSDT,UPTREND,WAIT,40,40,90.91,0,0,0,0,90,1.76,False
2026-08-03 13:21:16,OPUSDT,UPTREND,WAIT,70,70,75.0,0,0,0,0,90,0.58,False
2026-08-03 13:21:16,LUNCUSDT,UPTREND,WAIT,45,45,67.65,0,0,0,0,90,0.2,False
2026-08-03 13:21:16,GMXUSDT,UPTREND,BUY,90,90,75.0,0,0,0,0,100,0.85,False
2026-08-03 13:21:16,APTUSDT,UPTREND,WAIT,40,40,100,0,0,0,0,70,1.79,False
2026-08-03 13:21:16,HFTUSDT,UPTREND,BUY,90,90,65.28,0,0,0,0,100,1.37,False
2026-08-03 13:21:16,SYNUSDT,DOWNTREND,WAIT,45,45,33.88,0,0,0,0,100,2.17,False
2026-08-03 13:21:16,ARBUSDT,SIDEWAYS,WAIT,60,60,57.14,0,0,0,0,90,1.94,False
2026-08-03 13:21:16,EDUUSDT,UPTREND,SELL,25,25,62.5,0,0,0,0,75,0.07,False
2026-08-03 13:21:16,SUIUSDT,UPTREND,WAIT,65,65,91.11,0,0,0,0,100,3.39,False
2026-08-03 13:21:16,PEPEUSDT,UPTREND,WAIT,100,100,60.0,0,0,0,0,100,3.46,False
2026-08-03 13:21:16,FLOKIUSDT,UPTREND,WAIT,30,30,93.33,0,0,0,0,90,0.76,False
2026-08-03 13:21:16,PENDLEUSDT,UPTREND,WAIT,45,45,92.31,0,0,0,0,90,0.85,False
2026-08-03 13:21:16,WLDUSDT,UPTREND,WAIT,65,65,87.18,0,0,0,0,100,3.73,False
2026-08-03 13:21:16,FDUSDUSDT,SIDEWAYS,SELL,0,0,100,0,0,0,0,90,1.29,False
2026-08-03 13:21:16,SEIUSDT,UPTREND,WAIT,55,55,83.33,0,0,0,0,90,4.88,False
2026-08-03 13:21:16,TIAUSDT,UPTREND,BUY,100,100,60.61,0,0,0,0,100,1.27,False
2026-08-03 13:21:16,ORDIUSDT,UPTREND,BUY,100,100,65.91,0,0,0,0,100,3.04,False
2026-08-03 13:21:16,PIVXUSDT,SIDEWAYS,SELL,25,25,46.43,0,0,0,0,100,0.25,False
2026-08-03 13:21:16,VICUSDT,SIDEWAYS,BUY,75,75,28.95,0,0,0,0,100,1.33,False
2026-08-03 13:21:16,VANRYUSDT,UPTREND,WAIT,70,70,61.56,0,0,0,0,100,1.56,False
2026-08-03 13:21:16,JTOUSDT,UPTREND,BUY,90,90,68.0,0,0,0,0,90,1.42,False
2026-08-03 13:21:16,ACEUSDT,SIDEWAYS,WAIT,50,50,60.0,0,0,0,0,100,0.53,False
2026-08-03 13:21:16,AIUSDT,UPTREND,WAIT,55,55,66.67,0,0,0,0,80,0.42,False
2026-08-03 13:21:16,PYTHUSDT,UPTREND,WAIT,55,55,78.05,0,0,0,0,70,4.34,False
2026-08-03 13:21:16,STRKUSDT,UPTREND,WAIT,35,35,96.67,0,0,0,0,100,0.87,False
2026-08-03 13:21:16,ENAUSDT,UPTREND,SELL,25,25,64.29,0,0,0,0,75,0.01,False
2026-08-03 13:21:16,SAGAUSDT,UPTREND,WAIT,35,35,72.22,0,0,0,0,90,0.25,False
2026-08-03 13:21:16,TAOUSDT,UPTREND,WAIT,60,60,84.62,0,0,0,0,100,0.99,False
2026-08-03 13:21:16,BBUSDT,UPTREND,SELL,5,5,80.0,0,0,0,0,70,0.17,False
2026-08-03 13:21:16,DOGSUSDT,UPTREND,WAIT,85,85,61.54,0,0,0,0,90,0.86,False
2026-08-03 13:21:16,EURIUSDT,SIDEWAYS,WAIT,50,50,46.15,0,0,0,0,70,1.63,False
2026-08-03 13:21:16,POLUSDT,SIDEWAYS,SELL,25,25,55.0,0,0,0,0,75,0.01,False
2026-08-03 13:21:16,NEIROUSDT,UPTREND,SELL,25,25,75.0,0,0,0,0,90,0.1,False
2026-08-03 13:21:16,PENGUUSDT,UPTREND,SELL,25,25,83.33,0,0,0,0,75,0.0,False
2026-08-03 13:21:16,SUSDT,UPTREND,SELL,25,25,67.5,0,0,0,0,75,0.06,False
2026-08-03 13:21:16,1000CHEEMSUSDT,DOWNTREND,SELL,20,20,40.0,0,0,0,0,75,0.04,False
2026-08-03 13:21:16,KAITOUSDT,DOWNTREND,SELL,25,25,39.5,0,0,0,0,75,0.03,False
2026-08-03 13:21:16,GPSUSDT,DOWNTREND,SELL,0,0,15.69,0,0,0,0,70,0.49,False
2026-08-03 13:21:16,EPICUSDT,SIDEWAYS,SELL,25,25,41.48,0,0,0,0,75,0.0,False
2026-08-03 13:21:16,NILUSDT,SIDEWAYS,SELL,25,25,60.32,0,0,0,0,75,0.04,False
2026-08-03 13:21:16,TUTUSDT,SIDEWAYS,SELL,25,25,54.72,0,0,0,0,75,0.07,False
2026-08-03 13:21:16,WCTUSDT,UPTREND,SELL,10,10,93.02,0,0,0,0,70,0.3,False
2026-08-03 13:21:16,SYRUPUSDT,UPTREND,SELL,20,20,90.91,0,0,0,0,70,0.46,False
2026-08-03 13:21:16,USD1USDT,SIDEWAYS,WAIT,45,45,53.85,0,0,0,0,90,0.18,False
2026-08-03 13:21:16,HOMEUSDT,DOWNTREND,SELL,0,0,44.0,0,0,0,0,75,0.06,False
2026-08-03 13:21:16,SPKUSDT,UPTREND,WAIT,40,40,88.68,0,0,0,0,90,1.95,False
2026-08-03 13:21:16,ERAUSDT,UPTREND,SELL,25,25,58.33,0,0,0,0,75,0.0,False
2026-08-03 13:21:16,PUMPUSDT,UPTREND,SELL,5,5,85.29,0,0,0,0,90,0.22,False
2026-08-03 13:21:16,MIRAUSDT,SIDEWAYS,SELL,25,25,50.0,0,0,0,0,75,0.07,False
2026-08-03 13:21:16,FFUSDT,SIDEWAYS,SELL,15,15,48.72,0,0,0,0,75,0.02,False
2026-08-03 13:21:16,EDENUSDT,UPTREND,SELL,25,25,68.18,0,0,0,0,90,0.1,False
2026-08-03 13:21:16,MORPHOUSDT,SIDEWAYS,SELL,25,25,46.67,0,0,0,0,75,0.09,False
2026-08-03 13:21:16,EULUSDT,DOWNTREND,SELL,25,25,37.88,0,0,0,0,90,0.1,False
2026-08-03 13:21:16,ENSOUSDT,DOWNTREND,SELL,25,25,44.44,0,0,0,0,100,0.45,False
2026-08-03 13:21:16,GIGGLEUSDT,DOWNTREND,SELL,25,25,42.96,0,0,0,0,75,0.02,False
2026-08-03 13:21:16,KITEUSDT,UPTREND,SELL,25,25,57.14,0,0,0,0,90,0.11,False
2026-08-03 13:21:16,ALLOUSDT,SIDEWAYS,SELL,25,25,48.89,0,0,0,0,75,0.09,False
2026-08-03 13:21:16,BANKUSDT,DOWNTREND,SELL,15,15,42.86,0,0,0,0,100,0.44,False
2026-08-03 13:21:16,ZAMAUSDT,DOWNTREND,SELL,25,25,43.88,0,0,0,0,100,0.4,False
2026-08-03 13:21:16,ESPUSDT,SIDEWAYS,SELL,15,15,48.03,0,0,0,0,90,0.13,False
2026-08-03 13:21:16,NIGHTUSDT,UPTREND,WAIT,45,45,68.42,0,0,0,0,100,0.28,False
2026-08-03 13:21:16,XAUTUSDT,DOWNTREND,SELL,20,20,17.19,0,0,0,0,75,0.05,False
2026-08-03 13:21:16,MEGAUSDT,UPTREND,WAIT,35,35,88.89,0,0,0,0,90,1.1,False
2026-08-03 13:21:16,MUBUSDT,UPTREND,BUY,85,85,74.16,0,0,0,0,100,0.32,False
2026-08-03 13:21:16,CRCLBUSDT,UPTREND,BUY,90,90,73.61,0,0,0,0,100,1.19,False
2026-08-03 13:21:16,SNDKBUSDT,UPTREND,BUY,100,100,55.85,0,0,0,0,100,0.56,False
2026-08-03 13:21:16,SPCXBUSDT,DOWNTREND,SELL,25,25,35.0,0,0,0,0,75,0.1,False
2026-08-03 13:21:16,REUSDT,SIDEWAYS,WAIT,55,55,53.19,0,0,0,0,100,0.26,False
2026-08-03 13:21:16,EWYBUSDT,UPTREND,BUY,100,100,59.87,0,0,0,0,70,3.85,False
2026-08-03 13:21:16,INTCBUSDT,UPTREND,BUY,85,85,66.67,0,0,0,0,90,0.34,False
2026-08-03 13:21:16,GRAMUSDT,SIDEWAYS,BUY,100,100,50.0,0,0,0,0,100,3.17,False
2026-08-03 13:21:16,SOXLBUSDT,UPTREND,BUY,95,95,60.29,0,0,0,0,100,0.44,False
2026-08-03 13:21:16,SKHYBUSDT,UPTREND,SELL,25,25,66.32,0,0,0,0,90,0.13,False
2026-08-03 13:21:16,MUUBUSDT,UPTREND,BUY,80,80,80.77,0,0,0,0,90,3.99,False
2026-08-03 13:21:16,SNXXBUSDT,UPTREND,BUY,80,80,57.69,0,0,0,0,100,0.26,False
2026-08-03 13:21:16,SOXSBUSDT,DOWNTREND,WAIT,55,55,32.79,0,0,0,0,70,4.46,False
2026-08-03 13:22:45,BTCUSDT,UPTREND,SELL,25,25,86.84,0,0,0,0,75,0.09,False
2026-08-03 13:22:45,ETHUSDT,UPTREND,WAIT,45,45,84.66,0,0,0,0,100,0.34,False
2026-08-03 13:22:45,BNBUSDT,UPTREND,SELL,25,25,65.16,0,0,0,0,90,0.13,False
2026-08-03 13:22:45,LTCUSDT,UPTREND,WAIT,30,30,86.21,0,0,0,0,90,0.21,False
2026-08-03 13:22:45,ADAUSDT,UPTREND,WAIT,45,45,63.89,0,0,0,0,90,0.19,False
2026-08-03 13:22:45,XRPUSDT,UPTREND,SELL,25,25,91.18,0,0,0,0,75,0.03,False
2026-08-03 13:22:45,TRXUSDT,SIDEWAYS,SELL,5,5,50.0,0,0,0,0,90,0.22,False
2026-08-03 13:22:45,USDCUSDT,DOWNTREND,SELL,0,0,37.5,0,0,0,0,75,0.07,False
2026-08-03 13:22:45,LINKUSDT,UPTREND,SELL,25,25,89.86,0,0,0,0,75,0.02,False
2026-08-03 13:22:45,ZECUSDT,UPTREND,SELL,25,25,80.9,0,0,0,0,75,0.06,False
2026-08-03 13:22:45,CELRUSDT,UPTREND,SELL,25,25,59.09,0,0,0,0,90,0.11,False
2026-08-03 13:22:45,DASHUSDT,UPTREND,BUY,75,75,75.86,0,0,0,0,90,1.25,False
2026-08-03 13:22:45,DOGEUSDT,UPTREND,SELL,25,25,87.23,0,0,0,0,75,0.06,False
2026-08-03 13:22:45,HBARUSDT,UPTREND,WAIT,60,60,75.0,0,0,0,0,90,0.59,False
2026-08-03 13:22:45,EURUSDT,DOWNTREND,SELL,15,15,33.33,0,0,0,0,100,0.45,False
2026-08-03 13:22:45,MBLUSDT,UPTREND,WAIT,90,90,61.11,0,0,0,0,100,1.74,False
2026-08-03 13:22:45,COTIUSDT,UPTREND,SELL,5,5,83.33,0,0,0,0,90,0.2,False
2026-08-03 13:22:45,SOLUSDT,UPTREND,SELL,25,25,86.36,0,0,0,0,75,0.09,False
2026-08-03 13:22:45,JSTUSDT,UPTREND,SELL,25,25,64.71,0,0,0,0,75,0.07,False
2026-08-03 13:22:45,DOTUSDT,UPTREND,SELL,15,15,90.91,0,0,0,0,90,0.18,False
2026-08-03 13:22:45,PAXGUSDT,DOWNTREND,SELL,20,20,3.37,0,0,0,0,70,0.1,False
2026-08-03 13:22:45,DIAUSDT,SIDEWAYS,SELL,15,15,45.16,0,0,0,0,100,0.9,False
2026-08-03 13:22:45,UNIUSDT,UPTREND,BUY,85,85,68.29,0,0,0,0,100,0.49,False
2026-08-03 13:22:45,AVAXUSDT,UPTREND,WAIT,30,30,89.71,0,0,0,0,90,0.17,False
2026-08-03 13:22:45,AAVEUSDT,UPTREND,SELL,25,25,89.66,0,0,0,0,75,0.07,False
2026-08-03 13:22:45,NEARUSDT,UPTREND,SELL,15,15,83.33,0,0,0,0,90,0.17,False
2026-08-03 13:22:45,FILUSDT,UPTREND,WAIT,30,30,85.88,0,0,0,0,100,0.46,False
2026-08-03 13:22:45,INJUSDT,UPTREND,WAIT,55,55,79.55,0,0,0,0,90,0.34,False
2026-08-03 13:22:45,GRTUSDT,UPTREND,SELL,20,20,83.33,0,0,0,0,100,0.39,False
2026-08-03 13:22:45,RIFUSDT,UPTREND,SELL,25,25,60.0,0,0,0,0,75,0.04,False
2026-08-03 13:22:45,TLMUSDT,SIDEWAYS,SELL,15,15,57.89,0,0,0,0,90,0.22,False
2026-08-03 13:22:45,SHIBUSDT,UPTREND,SELL,25,25,62.5,0,0,0,0,90,0.13,False
2026-08-03 13:22:45,GTCUSDT,UPTREND,WAIT,50,50,65.36,0,0,0,0,80,0.23,False
2026-08-03 13:22:45,DEXEUSDT,SIDEWAYS,SELL,25,25,47.83,0,0,0,0,90,0.11,False
2026-08-03 13:22:45,WAXPUSDT,UPTREND,SELL,25,25,57.69,0,0,0,0,75,0.03,False
2026-08-03 13:22:45,QIUSDT,UPTREND,WAIT,95,95,60.87,0,0,0,0,70,17.14,False
2026-08-03 13:22:45,PYRUSDT,SIDEWAYS,WAIT,50,50,45.45,0,0,0,0,100,0.69,False
2026-08-03 13:22:45,BICOUSDT,UPTREND,WAIT,30,30,88.07,0,0,0,0,100,0.39,False
2026-08-03 13:22:45,PEOPLEUSDT,UPTREND,WAIT,50,50,57.14,0,0,0,0,80,0.18,False
2026-08-03 13:22:45,BTTCUSDT,DOWNTREND,SELL,0,0,40.0,0,0,0,0,80,0.55,False
2026-08-03 13:22:45,LDOUSDT,UPTREND,WAIT,60,60,72.22,0,0,0,0,90,0.41,False
2026-08-03 13:22:45,LUNCUSDT,UPTREND,SELL,25,25,75.68,0,0,0,0,90,0.1,False
2026-08-03 13:22:45,GMXUSDT,UPTREND,WAIT,60,60,75.0,0,0,0,0,90,0.24,False
2026-08-03 13:22:45,HFTUSDT,SIDEWAYS,SELL,25,25,45.19,0,0,0,0,100,0.26,False
2026-08-03 13:22:45,SYNUSDT,DOWNTREND,SELL,5,5,22.22,0,0,0,0,75,0.05,False
2026-08-03 13:22:45,SUIUSDT,UPTREND,SELL,15,15,85.71,0,0,0,0,90,0.15,False
2026-08-03 13:22:45,PEPEUSDT,UPTREND,WAIT,100,100,60.0,0,0,0,0,100,2.77,False
2026-08-03 13:22:45,PENDLEUSDT,UPTREND,WAIT,30,30,85.71,0,0,0,0,90,0.25,False
2026-08-03 13:22:45,WLDUSDT,UPTREND,SELL,15,15,90.24,0,0,0,0,90,0.2,False
2026-08-03 13:22:45,SEIUSDT,UPTREND,WAIT,40,40,76.67,0,0,0,0,90,0.51,False
2026-08-03 13:22:45,TIAUSDT,UPTREND,BUY,100,100,65.71,0,0,0,0,100,7.61,False
2026-08-03 13:22:45,ORDIUSDT,UPTREND,WAIT,55,55,80.49,0,0,0,0,100,0.56,False
2026-08-03 13:22:45,PIVXUSDT,SIDEWAYS,SELL,25,25,48.7,0,0,0,0,90,0.21,False
2026-08-03 13:22:45,VICUSDT,SIDEWAYS,BUY,80,80,43.37,0,0,0,0,100,4.22,False
2026-08-03 13:22:45,VANRYUSDT,UPTREND,WAIT,35,35,56.25,0,0,0,0,90,0.15,False
2026-08-03 13:22:45,ACEUSDT,SIDEWAYS,SELL,25,25,57.14,0,0,0,0,90,0.11,False
2026-08-03 13:22:45,PYTHUSDT,UPTREND,WAIT,50,50,68.18,0,0,0,0,70,0.37,False
2026-08-03 13:22:45,STRKUSDT,UPTREND,SELL,5,5,90.0,0,0,0,0,90,0.17,False
2026-08-03 13:22:45,PORTALUSDT,SIDEWAYS,SELL,5,5,66.67,0,0,0,0,90,0.27,False
2026-08-03 13:22:45,BOMEUSDT,UPTREND,WAIT,70,70,58.59,0,0,0,0,100,0.34,False
2026-08-03 13:22:45,ETHFIUSDT,UPTREND,SELL,25,25,79.55,0,0,0,0,100,0.27,False
2026-08-03 13:22:45,ENAUSDT,UPTREND,BUY,95,95,64.29,0,0,0,0,100,0.99,False
2026-08-03 13:22:45,SAGAUSDT,UPTREND,WAIT,50,50,76.47,0,0,0,0,100,1.38,False
2026-08-03 13:22:45,TAOUSDT,UPTREND,SELL,25,25,76.92,0,0,0,0,75,0.04,False
2026-08-03 13:22:45,POLUSDT,SIDEWAYS,SELL,25,25,50.0,0,0,0,0,75,0.01,False
2026-08-03 13:22:45,NEIROUSDT,UPTREND,SELL,5,5,94.12,0,0,0,0,100,0.27,False
2026-08-03 13:22:45,EIGENUSDT,UPTREND,WAIT,30,30,77.27,0,0,0,0,70,0.38,False
2026-08-03 13:22:45,SCRUSDT,UPTREND,WAIT,95,95,60.53,0,0,0,0,70,5.45,False
2026-08-03 13:22:45,ACXUSDT,SIDEWAYS,WAIT,60,60,46.0,0,0,0,0,100,0.47,False
2026-08-03 13:22:45,MOVEUSDT,SIDEWAYS,SELL,0,0,100,0,0,0,0,75,0.04,False
2026-08-03 13:22:45,PENGUUSDT,UPTREND,WAIT,40,40,82.98,0,0,0,0,100,1.24,False
2026-08-03 13:22:45,SUSDT,UPTREND,WAIT,55,55,60.0,0,0,0,0,100,0.28,False
2026-08-03 13:22:45,TRUMPUSDT,UPTREND,WAIT,65,65,78.57,0,0,0,0,100,0.68,False
2026-08-03 13:22:45,1000CHEEMSUSDT,DOWNTREND,SELL,0,0,37.5,0,0,0,0,90,0.21,False
2026-08-03 13:22:45,HEIUSDT,DOWNTREND,SELL,0,0,42.86,0,0,0,0,80,0.23,False
2026-08-03 13:22:45,KAITOUSDT,DOWNTREND,WAIT,50,50,28.42,0,0,0,0,100,1.46,False
2026-08-03 13:22:45,GPSUSDT,DOWNTREND,SELL,15,15,16.67,0,0,0,0,70,5.24,False
2026-08-03 13:22:45,NILUSDT,SIDEWAYS,SELL,25,25,53.33,0,0,0,0,90,0.11,False
2026-08-03 13:22:45,MUBARAKUSDT,UPTREND,WAIT,30,30,90.0,0,0,0,0,100,0.6,False
2026-08-03 13:22:45,TUTUSDT,SIDEWAYS,SELL,20,20,54.0,0,0,0,0,100,0.48,False
2026-08-03 13:22:45,BROCCOLI714USDT,SIDEWAYS,WAIT,50,50,54.55,0,0,0,0,90,2.44,False
2026-08-03 13:22:45,GUNUSDT,UPTREND,SELL,25,25,75.0,0,0,0,0,75,0.03,False
2026-08-03 13:22:45,BABYUSDT,UPTREND,SELL,25,25,71.43,0,0,0,0,90,0.1,False
2026-08-03 13:22:45,ONDOUSDT,UPTREND,BUY,90,90,63.83,0,0,0,0,100,0.51,False
2026-08-03 13:22:45,VIRTUALUSDT,UPTREND,WAIT,65,65,84.09,0,0,0,0,90,4.34,False
2026-08-03 13:22:45,WCTUSDT,UPTREND,SELL,20,20,93.02,0,0,0,0,70,0.55,False
2026-08-03 13:22:45,HYPERUSDT,UPTREND,SELL,20,20,77.78,0,0,0,0,80,0.22,False
2026-08-03 13:22:45,SIGNUSDT,UPTREND,WAIT,50,50,80.0,0,0,0,0,90,1.48,False
2026-08-03 13:22:45,USD1USDT,SIDEWAYS,WAIT,70,70,50.0,0,0,0,0,100,0.67,False
2026-08-03 13:22:45,HOMEUSDT,SIDEWAYS,SELL,10,10,56.52,0,0,0,0,100,0.31,False
2026-08-03 13:22:45,SPKUSDT,UPTREND,SELL,10,10,79.01,0,0,0,0,80,0.24,False
2026-08-03 13:22:45,SAHARAUSDT,UPTREND,WAIT,35,35,87.5,0,0,0,0,90,0.84,False
2026-08-03 13:22:45,ERAUSDT,UPTREND,BUY,100,100,64.29,0,0,0,0,100,1.79,False
2026-08-03 13:22:45,CUSDT,UPTREND,WAIT,70,70,75.0,0,0,0,0,100,0.59,False
2026-08-03 13:22:45,SOMIUSDT,UPTREND,WAIT,45,45,84.62,0,0,0,0,80,1.56,False
2026-08-03 13:22:45,OPENUSDT,UPTREND,BUY,100,100,65.12,0,0,0,0,90,13.62,False
2026-08-03 13:22:45,PUMPUSDT,UPTREND,WAIT,50,50,80.0,0,0,0,0,100,1.63,False
2026-08-03 13:22:45,XPLUSDT,UPTREND,SELL,15,15,86.67,0,0,0,0,90,0.2,False
2026-08-03 13:22:45,MIRAUSDT,SIDEWAYS,SELL,25,25,54.55,0,0,0,0,75,0.01,False
2026-08-03 13:22:45,FFUSDT,SIDEWAYS,SELL,25,25,51.35,0,0,0,0,75,0.09,False
2026-08-03 13:22:45,EDENUSDT,UPTREND,SELL,25,25,70.0,0,0,0,0,75,0.04,False
2026-08-03 13:22:45,MORPHOUSDT,SIDEWAYS,SELL,25,25,46.67,0,0,0,0,75,0.07,False
2026-08-03 13:22:45,EULUSDT,DOWNTREND,SELL,15,15,33.85,0,0,0,0,100,0.29,False
2026-08-03 13:22:45,ENSOUSDT,SIDEWAYS,WAIT,45,45,66.67,0,0,0,0,100,0.88,False
2026-08-03 13:22:45,ZBTUSDT,SIDEWAYS,SELL,20,20,50.0,0,0,0,0,90,0.61,False
2026-08-03 13:22:45,GIGGLEUSDT,SIDEWAYS,SELL,25,25,48.92,0,0,0,0,75,0.08,False
2026-08-03 13:22:45,KITEUSDT,UPTREND,WAIT,45,45,66.67,0,0,0,0,100,0.27,False
2026-08-03 13:22:45,MMTUSDT,UPTREND,BUY,100,100,65.38,0,0,0,0,100,4.58,False
2026-08-03 13:22:45,ALLOUSDT,SIDEWAYS,SELL,5,5,48.35,0,0,0,0,90,0.2,False
2026-08-03 13:22:45,BANKUSDT,DOWNTREND,SELL,0,0,42.86,0,0,0,0,100,0.33,False
2026-08-03 13:22:45,币安人生USDT,SIDEWAYS,SELL,25,25,47.14,0,0,0,0,75,0.06,False
2026-08-03 13:22:45,UUSDT,SIDEWAYS,SELL,10,10,50.0,0,0,0,0,100,0.56,False
2026-08-03 13:22:45,SENTUSDT,SIDEWAYS,WAIT,75,75,54.17,0,0,0,0,90,3.71,False
2026-08-03 13:22:45,ZAMAUSDT,SIDEWAYS,WAIT,45,45,53.64,0,0,0,0,100,1.09,False
2026-08-03 13:22:45,ESPUSDT,SIDEWAYS,SELL,25,25,58.26,0,0,0,0,75,0.02,False
2026-08-03 13:22:45,MANTRAUSDT,UPTREND,SELL,25,25,62.5,0,0,0,0,75,0.01,False
2026-08-03 13:22:45,NIGHTUSDT,UPTREND,WAIT,70,70,61.9,0,0,0,0,100,0.31,False
2026-08-03 13:22:45,XAUTUSDT,DOWNTREND,SELL,25,25,8.12,0,0,0,0,100,0.65,False
2026-08-03 13:22:45,MEGAUSDT,UPTREND,SELL,5,5,88.89,0,0,0,0,90,0.29,False
2026-08-03 13:22:45,GENIUSUSDT,SIDEWAYS,BUY,80,80,52.59,0,0,0,0,90,0.82,False
2026-08-03 13:22:45,MUBUSDT,UPTREND,BUY,90,90,86.5,0,0,0,0,100,5.51,False
2026-08-03 13:22:45,CRCLBUSDT,UPTREND,SELL,25,25,57.38,0,0,0,0,75,0.0,False
2026-08-03 13:22:45,SNDKBUSDT,UPTREND,WAIT,70,70,67.93,0,0,0,0,100,0.26,False
2026-08-03 13:22:45,SPCXBUSDT,DOWNTREND,WAIT,40,40,39.33,0,0,0,0,100,0.36,False
2026-08-03 13:22:45,REUSDT,SIDEWAYS,WAIT,55,55,44.44,0,0,0,0,100,0.64,False
2026-08-03 13:22:45,EWYBUSDT,UPTREND,BUY,100,100,62.66,0,0,0,0,70,3.99,False
2026-08-03 13:22:45,INTCBUSDT,UPTREND,BUY,100,100,63.71,0,0,0,0,90,2.31,False
2026-08-03 13:22:45,GRAMUSDT,UPTREND,BUY,100,100,58.33,0,0,0,0,100,1.81,False
2026-08-03 13:22:45,DRAMBUSDT,UPTREND,SELL,25,25,83.58,0,0,0,0,80,0.19,False
2026-08-03 13:22:45,GOOGLBUSDT,DOWNTREND,WAIT,35,35,4.84,0,0,0,0,90,1.48,False
2026-08-03 13:22:45,NBISBUSDT,UPTREND,WAIT,60,60,73.07,0,0,0,0,90,0.19,False
2026-08-03 13:22:45,SOXLBUSDT,UPTREND,BUY,100,100,63.36,0,0,0,0,100,1.55,False
2026-08-03 13:22:45,SKHYBUSDT,UPTREND,BUY,75,75,73.26,0,0,0,0,100,0.41,False
2026-08-03 13:22:45,MUUBUSDT,UPTREND,SELL,25,25,85.06,0,0,0,0,80,0.18,False
2026-08-03 13:22:45,SNXXBUSDT,UPTREND,BUY,95,95,69.57,0,0,0,0,100,0.66,False
2026-08-03 13:23:21,BTCUSDT,UPTREND,WAIT,70,82.63
2026-08-03 13:23:21,ETHUSDT,UPTREND,WAIT,65,83.53
2026-08-03 13:23:21,BNBUSDT,UPTREND,BUY,100,62.68
2026-08-03 13:23:21,LTCUSDT,UPTREND,WAIT,45,87.1
2026-08-03 13:23:21,ADAUSDT,UPTREND,BUY,100,64.86
2026-08-03 13:23:21,XRPUSDT,UPTREND,WAIT,30,91.18
2026-08-03 13:23:21,XLMUSDT,UPTREND,WAIT,35,100
2026-08-03 13:23:21,TRXUSDT,SIDEWAYS,WAIT,60,57.14
2026-08-03 13:23:21,USDCUSDT,DOWNTREND,SELL,0,33.33
2026-08-03 13:23:21,LINKUSDT,UPTREND,BUY,75,90.91
2026-08-03 13:23:21,FETUSDT,UPTREND,WAIT,60,80.0
2026-08-03 13:23:21,ZECUSDT,UPTREND,WAIT,45,80.58
2026-08-03 13:23:21,CELRUSDT,UPTREND,WAIT,70,60.87
2026-08-03 13:23:21,DASHUSDT,UPTREND,BUY,90,75.86
2026-08-03 13:23:21,ENJUSDT,UPTREND,WAIT,35,64.29
2026-08-03 13:23:21,ATOMUSDT,UPTREND,BUY,85,70.0
2026-08-03 13:23:21,DOGEUSDT,UPTREND,WAIT,40,86.67
2026-08-03 13:23:21,WINUSDT,UPTREND,WAIT,70,67.95
2026-08-03 13:23:21,HBARUSDT,UPTREND,WAIT,60,75.0
2026-08-03 13:23:21,RLCUSDT,UPTREND,BUY,85,64.71
2026-08-03 13:23:21,EURUSDT,DOWNTREND,WAIT,30,30.77
2026-08-03 13:23:21,MBLUSDT,UPTREND,WAIT,100,65.0
2026-08-03 13:23:21,COTIUSDT,UPTREND,WAIT,35,88.89
2026-08-03 13:23:21,SOLUSDT,UPTREND,WAIT,65,86.05
2026-08-03 13:23:21,ZENUSDT,UPTREND,SELL,25,96.55
2026-08-03 13:23:21,STORJUSDT,UPTREND,WAIT,40,100
2026-08-03 13:23:21,JSTUSDT,UPTREND,WAIT,45,65.71
2026-08-03 13:23:21,SANDUSDT,UPTREND,SELL,10,80.0
2026-08-03 13:23:21,DOTUSDT,UPTREND,SELL,15,90.91
2026-08-03 13:23:21,PAXGUSDT,DOWNTREND,SELL,0,3.05
2026-08-03 13:23:21,DIAUSDT,DOWNTREND,SELL,20,43.75
2026-08-03 13:23:21,UNIUSDT,UPTREND,BUY,100,65.12
2026-08-03 13:23:21,AVAXUSDT,UPTREND,WAIT,55,89.86
2026-08-03 13:23:21,AAVEUSDT,UPTREND,BUY,75,89.66
2026-08-03 13:23:21,NEARUSDT,UPTREND,WAIT,45,81.82
2026-08-03 13:23:21,FILUSDT,UPTREND,WAIT,40,86.05
2026-08-03 13:23:21,INJUSDT,UPTREND,WAIT,65,79.07
2026-08-03 13:23:21,SKLUSDT,UPTREND,WAIT,55,75.0
2026-08-03 13:23:21,TLMUSDT,SIDEWAYS,SELL,15,57.89
2026-08-03 13:23:21,GTCUSDT,UPTREND,WAIT,50,65.36
2026-08-03 13:23:21,BICOUSDT,UPTREND,SELL,25,82.68
2026-08-03 13:23:21,BTTCUSDT,SIDEWAYS,WAIT,40,50.0
2026-08-03 13:23:21,HFTUSDT,UPTREND,SELL,25,59.01
2026-08-03 13:23:21,SUIUSDT,UPTREND,SELL,25,84.78
2026-08-03 13:23:21,PEPEUSDT,UPTREND,SELL,25,66.67
2026-08-03 13:23:21,TIAUSDT,UPTREND,WAIT,65,64.1
2026-08-03 13:23:21,ORDIUSDT,UPTREND,SELL,25,77.27
2026-08-03 13:23:21,PIVXUSDT,SIDEWAYS,WAIT,30,39.42
2026-08-03 13:23:21,VICUSDT,SIDEWAYS,WAIT,55,42.7
2026-08-03 13:23:21,JTOUSDT,UPTREND,WAIT,70,68.97
2026-08-03 13:23:21,1000SATSUSDT,UPTREND,WAIT,30,78.57
2026-08-03 13:23:21,ACEUSDT,UPTREND,WAIT,70,66.67
2026-08-03 13:23:21,AEVOUSDT,UPTREND,SELL,25,90.0
2026-08-03 13:23:21,BOMEUSDT,UPTREND,WAIT,55,56.38
2026-08-03 13:23:21,ENAUSDT,UPTREND,WAIT,70,66.67
2026-08-03 13:23:21,SAGAUSDT,UPTREND,WAIT,35,73.33
2026-08-03 13:23:21,POLUSDT,SIDEWAYS,SELL,25,50.0
2026-08-03 13:23:21,NEIROUSDT,UPTREND,SELL,25,100
2026-08-03 13:23:21,EIGENUSDT,UPTREND,WAIT,50,80.0
2026-08-03 13:23:21,ACXUSDT,SIDEWAYS,SELL,25,50.32
2026-08-03 13:23:21,MOVEUSDT,SIDEWAYS,SELL,0,100
2026-08-03 13:23:21,BIOUSDT,UPTREND,SELL,20,79.17
2026-08-03 13:23:21,SUSDT,UPTREND,SELL,25,56.25
2026-08-03 13:23:21,TRUMPUSDT,UPTREND,SELL,25,73.33
2026-08-03 13:23:21,1000CHEEMSUSDT,DOWNTREND,SELL,25,44.44
2026-08-03 13:23:21,KAITOUSDT,DOWNTREND,SELL,15,23.93
2026-08-03 13:23:21,GPSUSDT,DOWNTREND,SELL,0,16.67
2026-08-03 13:23:21,EPICUSDT,SIDEWAYS,SELL,25,54.67
2026-08-03 13:23:21,NILUSDT,SIDEWAYS,SELL,25,52.54
2026-08-03 13:23:21,BABYUSDT,UPTREND,WAIT,80,75.0
2026-08-03 13:23:21,ONDOUSDT,UPTREND,BUY,100,68.75
2026-08-03 13:23:21,HYPERUSDT,UPTREND,BUY,80,70.0
2026-08-03 13:23:21,USD1USDT,SIDEWAYS,SELL,25,50.0
2026-08-03 13:23:21,HOMEUSDT,DOWNTREND,SELL,0,42.11
2026-08-03 13:23:21,ERAUSDT,SIDEWAYS,SELL,25,44.44
2026-08-03 13:23:21,CUSDT,SIDEWAYS,WAIT,70,47.37
2026-08-03 13:23:21,MITOUSDT,UPTREND,SELL,20,76.19
2026-08-03 13:23:21,SOMIUSDT,UPTREND,SELL,25,91.67
2026-08-03 13:23:21,OPENUSDT,UPTREND,BUY,90,62.5
2026-08-03 13:23:21,MIRAUSDT,SIDEWAYS,SELL,25,54.55
2026-08-03 13:23:21,FFUSDT,SIDEWAYS,SELL,15,48.72
2026-08-03 13:23:21,EDENUSDT,UPTREND,SELL,25,83.72
2026-08-03 13:23:21,MORPHOUSDT,SIDEWAYS,SELL,25,50.0
2026-08-03 13:23:21,EULUSDT,DOWNTREND,WAIT,30,32.35
2026-08-03 13:23:21,GIGGLEUSDT,SIDEWAYS,SELL,20,46.45
2026-08-03 13:23:21,KITEUSDT,UPTREND,SELL,25,57.14
2026-08-03 13:23:21,MMTUSDT,UPTREND,SELL,25,60.0
2026-08-03 13:23:21,ALLOUSDT,SIDEWAYS,SELL,25,46.87
2026-08-03 13:23:21,BANKUSDT,DOWNTREND,SELL,20,44.44
2026-08-03 13:23:21,币安人生USDT,SIDEWAYS,SELL,25,47.01
2026-08-03 13:23:21,UUSDT,SIDEWAYS,SELL,0,50.0
2026-08-03 13:23:21,SENTUSDT,SIDEWAYS,WAIT,50,46.43
2026-08-03 13:23:21,ZAMAUSDT,SIDEWAYS,WAIT,45,49.04
2026-08-03 13:23:21,ESPUSDT,SIDEWAYS,SELL,25,47.66
2026-08-03 13:23:21,MANTRAUSDT,UPTREND,WAIT,70,62.5
2026-08-03 13:23:21,NIGHTUSDT,UPTREND,SELL,25,61.9
2026-08-03 13:23:21,XAUTUSDT,DOWNTREND,SELL,25,7.39
2026-08-03 13:23:21,MEGAUSDT,UPTREND,WAIT,50,90.0
2026-08-03 13:23:21,GENIUSUSDT,SIDEWAYS,BUY,90,48.76
2026-08-03 13:23:21,MUBUSDT,UPTREND,BUY,95,73.85
2026-08-03 13:23:21,SNDKBUSDT,UPTREND,BUY,80,61.75
2026-08-03 13:23:21,SPCXBUSDT,SIDEWAYS,SELL,25,45.68
2026-08-03 13:23:21,REUSDT,SIDEWAYS,SELL,25,48.89
2026-08-03 13:23:21,EWYBUSDT,UPTREND,WAIT,65,80.29
2026-08-03 13:23:21,INTCBUSDT,UPTREND,BUY,95,66.12
2026-08-03 13:23:21,GRAMUSDT,SIDEWAYS,WAIT,55,54.55
2026-08-03 13:23:21,DRAMBUSDT,UPTREND,WAIT,30,84.51
2026-08-03 13:23:21,NBISBUSDT,UPTREND,BUY,100,58.48
2026-08-03 13:23:21,SOXLBUSDT,UPTREND,BUY,100,62.54
2026-08-03 13:23:21,SKHYBUSDT,UPTREND,WAIT,65,82.48
2026-08-03 13:23:21,SNXXBUSDT,UPTREND,SELL,25,66.67
2026-08-03 13:23:21,SOXSBUSDT,DOWNTREND,SELL,10,35.37
2026-08-03 13:24:13,BTCUSDT,UPTREND,BUY,80,80,78.7,0,0,0,0,100,0.6,False
2026-08-03 13:24:13,ETHUSDT,UPTREND,BUY,85,85,71.54,0,0,0,0,100,0.68,False
2026-08-03 13:24:13,BNBUSDT,UPTREND,BUY,100,100,61.08,0,0,0,0,100,0.52,False
2026-08-03 13:24:13,LTCUSDT,UPTREND,WAIT,60,60,81.25,0,0,0,0,100,1.06,False
2026-08-03 13:24:13,ADAUSDT,UPTREND,BUY,95,95,57.14,0,0,0,0,100,3.87,False
2026-08-03 13:24:13,XRPUSDT,UPTREND,WAIT,45,45,92.54,0,0,0,0,100,1.15,False
2026-08-03 13:24:13,XLMUSDT,UPTREND,WAIT,70,70,80.0,0,0,0,0,100,2.38,False
2026-08-03 13:24:13,TRXUSDT,SIDEWAYS,WAIT,45,45,50.0,0,0,0,0,100,0.85,False
2026-08-03 13:24:13,ETCUSDT,UPTREND,BUY,90,90,75.0,0,0,0,0,90,0.89,False
2026-08-03 13:24:13,USDCUSDT,DOWNTREND,SELL,0,0,37.5,0,0,0,0,90,0.18,False
2026-08-03 13:24:13,LINKUSDT,UPTREND,BUY,80,80,81.61,0,0,0,0,100,4.89,False
2026-08-03 13:24:13,FETUSDT,UPTREND,BUY,75,75,80.0,0,0,0,0,100,6.7,False
2026-08-03 13:24:13,ZECUSDT,UPTREND,BUY,90,90,70.94,0,0,0,0,100,1.04,False
2026-08-03 13:24:13,CELRUSDT,UPTREND,WAIT,70,70,60.87,0,0,0,0,100,0.31,False
2026-08-03 13:24:13,ENJUSDT,UPTREND,WAIT,70,70,56.9,0,0,0,0,90,1.26,False
2026-08-03 13:24:13,ATOMUSDT,UPTREND,SELL,20,20,80.0,0,0,0,0,80,0.2,False
2026-08-03 13:24:13,DOGEUSDT,UPTREND,WAIT,30,30,80.85,0,0,0,0,100,0.77,False
2026-08-03 13:24:13,CHZUSDT,UPTREND,WAIT,65,65,68.75,0,0,0,0,70,1.01,False
2026-08-03 13:24:13,RLCUSDT,UPTREND,WAIT,30,30,77.78,0,0,0,0,70,1.42,False
2026-08-03 13:24:13,BCHUSDT,UPTREND,BUY,100,100,69.23,0,0,0,0,90,0.81,False
2026-08-03 13:24:13,EURUSDT,DOWNTREND,SELL,25,25,30.77,0,0,0,0,100,0.58,False
2026-08-03 13:24:13,MBLUSDT,UPTREND,WAIT,80,80,61.11,0,0,0,0,100,0.54,False
2026-08-03 13:24:13,COTIUSDT,UPTREND,WAIT,80,80,69.23,0,0,0,0,100,1.68,False
2026-08-03 13:24:13,SOLUSDT,UPTREND,BUY,95,95,74.47,0,0,0,0,100,1.43,False
2026-08-03 13:24:13,ZENUSDT,UPTREND,SELL,25,25,81.25,0,0,0,0,80,0.16,False
2026-08-03 13:24:13,JSTUSDT,UPTREND,SELL,25,25,65.71,0,0,0,0,90,0.13,False
2026-08-03 13:24:13,SANDUSDT,UPTREND,WAIT,80,80,63.04,0,0,0,0,90,0.73,False
2026-08-03 13:24:13,DOTUSDT,UPTREND,WAIT,50,50,81.82,0,0,0,0,100,1.57,False
2026-08-03 13:24:13,PAXGUSDT,DOWNTREND,SELL,10,10,2.97,0,0,0,0,80,0.35,False
2026-08-03 13:24:13,DIAUSDT,DOWNTREND,SELL,10,10,35.48,0,0,0,0,75,0.03,False
2026-08-03 13:24:13,UNIUSDT,UPTREND,BUY,85,85,69.77,0,0,0,0,100,0.41,False
2026-08-03 13:24:13,AVAXUSDT,UPTREND,BUY,80,80,90.14,0,0,0,0,100,4.88,False
2026-08-03 13:24:13,AAVEUSDT,UPTREND,BUY,80,80,89.83,0,0,0,0,100,3.29,False
2026-08-03 13:24:13,NEARUSDT,UPTREND,SELL,25,25,90.0,0,0,0,0,75,0.09,False
2026-08-03 13:24:13,FILUSDT,UPTREND,SELL,25,25,80.0,0,0,0,0,75,0.06,False
2026-08-03 13:24:13,INJUSDT,UPTREND,BUY,95,95,66.67,0,0,0,0,90,0.67,False
2026-08-03 13:24:13,SKLUSDT,UPTREND,WAIT,50,50,75.0,0,0,0,0,70,0.63,False
2026-08-03 13:24:13,GRTUSDT,UPTREND,WAIT,70,70,68.0,0,0,0,0,100,0.65,False
2026-08-03 13:24:13,ATMUSDT,UPTREND,WAIT,70,70,61.54,0,0,0,0,70,0.47,False
2026-08-03 13:24:13,RIFUSDT,UPTREND,WAIT,45,45,60.0,0,0,0,0,100,0.26,False
2026-08-03 13:24:13,TKOUSDT,UPTREND,BUY,75,75,66.67,0,0,0,0,70,1.11,False
2026-08-03 13:24:13,TLMUSDT,SIDEWAYS,SELL,15,15,55.0,0,0,0,0,90,0.23,False
2026-08-03 13:24:13,SHIBUSDT,UPTREND,WAIT,50,50,71.43,0,0,0,0,100,0.42,False
2026-08-03 13:24:13,ICPUSDT,UPTREND,BUY,100,100,65.0,0,0,0,0,90,12.32,False
2026-08-03 13:24:13,DEXEUSDT,SIDEWAYS,WAIT,50,50,48.89,0,0,0,0,100,0.89,False
2026-08-03 13:24:13,QNTUSDT,UPTREND,WAIT,50,50,83.87,0,0,0,0,70,0.8,False
2026-08-03 13:24:13,WAXPUSDT,UPTREND,SELL,25,25,66.67,0,0,0,0,75,0.05,False
2026-08-03 13:24:13,LAZIOUSDT,UPTREND,WAIT,35,35,71.43,0,0,0,0,70,0.15,False
2026-08-03 13:24:13,ADXUSDT,SIDEWAYS,WAIT,45,45,50.0,0,0,0,0,70,1.11,False
2026-08-03 13:24:13,QIUSDT,UPTREND,WAIT,60,60,60.87,0,0,0,0,70,0.34,False
2026-08-03 13:24:13,PORTOUSDT,UPTREND,BUY,90,90,57.14,0,0,0,0,80,0.36,False
2026-08-03 13:24:13,PYRUSDT,SIDEWAYS,BUY,85,85,50.0,0,0,0,0,100,3.14,False
2026-08-03 13:24:13,BICOUSDT,UPTREND,WAIT,55,55,78.81,0,0,0,0,100,1.01,False
2026-08-03 13:24:13,PEOPLEUSDT,SIDEWAYS,WAIT,90,90,53.85,0,0,0,0,90,2.64,False
2026-08-03 13:24:13,BTTCUSDT,SIDEWAYS,WAIT,65,65,50.0,0,0,0,0,80,0.62,False
2026-08-03 13:24:13,GMTUSDT,UPTREND,WAIT,60,60,80.0,0,0,0,0,90,2.58,False
2026-08-03 13:24:13,NEXOUSDT,DOWNTREND,SELL,25,25,44.44,0,0,0,0,90,0.44,False
2026-08-03 13:24:13,LDOUSDT,UPTREND,WAIT,60,60,59.09,0,0,0,0,80,0.18,False
2026-08-03 13:24:13,OPUSDT,UPTREND,BUY,90,90,71.43,0,0,0,0,90,2.66,False
2026-08-03 13:24:13,LUNCUSDT,UPTREND,SELL,25,25,63.64,0,0,0,0,90,0.14,False
2026-08-03 13:24:13,GMXUSDT,UPTREND,BUY,75,75,75.0,0,0,0,0,100,0.33,False
2026-08-03 13:24:13,APTUSDT,UPTREND,WAIT,30,30,100,0,0,0,0,70,0.7,False
2026-08-03 13:24:13,HFTUSDT,UPTREND,WAIT,70,70,62.16,0,0,0,0,100,0.65,False
2026-08-03 13:24:13,SYNUSDT,DOWNTREND,SELL,20,20,18.71,0,0,0,0,100,1.42,False
2026-08-03 13:24:13,ARBUSDT,DOWNTREND,WAIT,45,45,44.44,0,0,0,0,90,1.45,False
2026-08-03 13:24:13,EDUUSDT,UPTREND,SELL,25,25,66.67,0,0,0,0,100,0.27,False
2026-08-03 13:24:13,SUIUSDT,UPTREND,WAIT,70,70,70.91,0,0,0,0,100,0.78,False
2026-08-03 13:24:13,PEPEUSDT,UPTREND,WAIT,70,70,66.67,0,0,0,0,100,0.76,False
2026-08-03 13:24:13,PENDLEUSDT,UPTREND,SELL,25,25,75.0,0,0,0,0,80,0.11,False
2026-08-03 13:24:13,WLDUSDT,UPTREND,WAIT,50,50,81.82,0,0,0,0,100,1.23,False
2026-08-03 13:24:13,FDUSDUSDT,SIDEWAYS,WAIT,40,40,50.0,0,0,0,0,80,0.2,False
2026-08-03 13:24:13,SEIUSDT,UPTREND,WAIT,65,65,74.19,0,0,0,0,90,1.0,False
2026-08-03 13:24:13,TIAUSDT,UPTREND,BUY,90,90,60.98,0,0,0,0,100,0.59,False
2026-08-03 13:24:13,ORDIUSDT,UPTREND,SELL,25,25,75.56,0,0,0,0,90,0.13,False
2026-08-03 13:24:13,PIVXUSDT,SIDEWAYS,BUY,75,75,41.51,0,0,0,0,100,2.03,False
2026-08-03 13:24:13,VICUSDT,SIDEWAYS,WAIT,65,65,43.18,0,0,0,0,100,1.33,False
2026-08-03 13:24:13,VANRYUSDT,SIDEWAYS,WAIT,75,75,54.68,0,0,0,0,100,3.47,False
2026-08-03 13:24:13,JTOUSDT,UPTREND,WAIT,70,70,68.97,0,0,0,0,90,0.39,False
2026-08-03 13:24:13,1000SATSUSDT,UPTREND,WAIT,60,60,66.67,0,0,0,0,90,0.41,False
2026-08-03 13:24:13,ACEUSDT,UPTREND,BUY,80,80,62.5,0,0,0,0,100,0.45,False
2026-08-03 13:24:13,PYTHUSDT,UPTREND,WAIT,60,60,71.43,0,0,0,0,70,1.62,False
2026-08-03 13:24:13,STRKUSDT,UPTREND,WAIT,40,40,81.48,0,0,0,0,100,1.38,False
2026-08-03 13:24:13,PORTALUSDT,UPTREND,SELL,25,25,84.62,0,0,0,0,75,0.09,False
2026-08-03 13:24:13,WIFUSDT,UPTREND,WAIT,35,35,86.67,0,0,0,0,70,1.05,False
2026-08-03 13:24:13,AEVOUSDT,UPTREND,WAIT,80,80,73.91,0,0,0,0,90,2.35,False
2026-08-03 13:24:13,BOMEUSDT,SIDEWAYS,WAIT,60,60,51.52,0,0,0,0,100,0.39,False
2026-08-03 13:24:13,ETHFIUSDT,UPTREND,BUY,85,85,68.89,0,0,0,0,100,0.91,False
2026-08-03 13:24:13,ENAUSDT,UPTREND,BUY,95,95,57.14,0,0,0,0,100,1.16,False
2026-08-03 13:24:13,SAGAUSDT,SIDEWAYS,WAIT,80,80,55.0,0,0,0,0,100,0.53,False
2026-08-03 13:24:13,TAOUSDT,UPTREND,BUY,100,100,75.0,0,0,0,0,100,8.49,False
2026-08-03 13:24:13,BBUSDT,UPTREND,WAIT,50,50,90.91,0,0,0,0,80,7.57,False
2026-08-03 13:24:13,NEIROUSDT,UPTREND,SELL,5,5,87.5,0,0,0,0,100,0.25,False
2026-08-03 13:24:13,MOVEUSDT,SIDEWAYS,SELL,0,0,100,0,0,0,0,90,0.13,False
2026-08-03 13:24:13,MEUSDT,UPTREND,WAIT,45,45,91.67,0,0,0,0,70,5.83,False
2026-08-03 13:24:13,TSTUSDT,UPTREND,WAIT,70,70,63.33,0,0,0,0,70,0.52,False
2026-08-03 13:24:13,KAITOUSDT,DOWNTREND,SELL,15,15,25.48,0,0,0,0,90,0.22,False
2026-08-03 13:24:13,EPICUSDT,UPTREND,SELL,25,25,68.75,0,0,0,0,75,0.07,False
2026-08-03 13:24:13,NILUSDT,SIDEWAYS,SELL,25,25,55.36,0,0,0,0,75,0.05,False
2026-08-03 13:24:13,TUTUSDT,SIDEWAYS,SELL,25,25,55.1,0,0,0,0,90,0.13,False
2026-08-03 13:24:13,BABYUSDT,UPTREND,SELL,25,25,66.67,0,0,0,0,75,0.01,False
2026-08-03 13:24:13,HYPERUSDT,SIDEWAYS,WAIT,35,35,54.55,0,0,0,0,90,0.29,False
2026-08-03 13:24:13,USD1USDT,SIDEWAYS,SELL,25,25,50.0,0,0,0,0,75,0.0,False
2026-08-03 13:24:13,HOMEUSDT,SIDEWAYS,SELL,5,5,50.0,0,0,0,0,75,0.0,False
2026-08-03 13:24:13,ERAUSDT,SIDEWAYS,SELL,25,25,44.44,0,0,0,0,75,0.0,False
2026-08-03 13:24:13,PUMPUSDT,UPTREND,SELL,25,25,75.61,0,0,0,0,75,0.05,False
2026-08-03 13:24:13,XPLUSDT,UPTREND,SELL,25,25,80.23,0,0,0,0,75,0.01,False
2026-08-03 13:24:13,MIRAUSDT,UPTREND,SELL,25,25,66.67,0,0,0,0,90,0.1,False
2026-08-03 13:24:13,FFUSDT,SIDEWAYS,SELL,15,15,48.65,0,0,0,0,75,0.01,False
2026-08-03 13:24:13,EULUSDT,DOWNTREND,SELL,25,25,29.17,0,0,0,0,75,0.03,False
2026-08-03 13:24:13,ENSOUSDT,UPTREND,SELL,25,25,75.0,0,0,0,0,75,0.09,False
2026-08-03 13:24:13,GIGGLEUSDT,SIDEWAYS,SELL,25,25,52.55,0,0,0,0,75,0.05,False
2026-08-03 13:24:13,ALLOUSDT,SIDEWAYS,SELL,15,15,52.27,0,0,0,0,90,0.19,False
2026-08-03 13:24:13,BANKUSDT,SIDEWAYS,SELL,25,25,50.0,0,0,0,0,75,0.05,False
2026-08-03 13:24:13,币安人生USDT,SIDEWAYS,SELL,25,25,50.0,0,0,0,0,90,0.11,False
2026-08-03 13:24:13,UUSDT,DOWNTREND,SELL,0,0,40.0,0,0,0,0,75,0.0,False
2026-08-03 13:24:13,SENTUSDT,UPTREND,SELL,25,25,58.33,0,0,0,0,75,0.01,False
2026-08-03 13:24:13,ZAMAUSDT,UPTREND,WAIT,65,65,61.7,0,0,0,0,90,0.24,False
2026-08-03 13:24:13,ESPUSDT,SIDEWAYS,SELL,25,25,53.68,0,0,0,0,75,0.02,False
2026-08-03 13:24:13,NIGHTUSDT,SIDEWAYS,SELL,25,25,47.06,0,0,0,0,75,0.09,False
2026-08-03 13:24:13,MUBUSDT,UPTREND,WAIT,60,60,72.7,0,0,0,0,100,0.29,False
2026-08-03 13:24:13,CRCLBUSDT,UPTREND,SELL,25,25,58.73,0,0,0,0,75,0.07,False
2026-08-03 13:24:13,SNDKBUSDT,UPTREND,SELL,25,25,59.28,0,0,0,0,75,0.05,False
2026-08-03 13:24:13,SPCXBUSDT,DOWNTREND,WAIT,40,40,44.83,0,0,0,0,100,0.38,False
2026-08-03 13:24:13,REUSDT,SIDEWAYS,SELL,5,5,45.45,0,0,0,0,75,0.02,False
2026-08-03 13:24:13,EWYBUSDT,UPTREND,WAIT,45,45,79.58,0,0,0,0,70,0.46,False
2026-08-03 13:24:13,INTCBUSDT,UPTREND,BUY,95,95,57.36,0,0,0,0,90,0.44,False
2026-08-03 13:24:13,GRAMUSDT,UPTREND,SELL,25,25,58.33,0,0,0,0,90,0.1,False
2026-08-03 13:24:13,GOOGLBUSDT,DOWNTREND,SELL,25,25,16.07,0,0,0,0,90,0.78,False
2026-08-03 13:24:13,NBISBUSDT,UPTREND,SELL,25,25,68.4,0,0,0,0,75,0.08,False
2026-08-03 13:24:13,SOXLBUSDT,SIDEWAYS,WAIT,70,70,54.66,0,0,0,0,90,0.21,False
2026-08-03 13:24:13,SKHYBUSDT,UPTREND,WAIT,40,40,77.08,0,0,0,0,90,0.24,False
2026-08-03 13:24:13,MUUBUSDT,UPTREND,BUY,75,75,73.47,0,0,0,0,90,0.41,False
2026-08-03 13:24:13,MVLLBUSDT,UPTREND,BUY,85,85,57.41,0,0,0,0,70,0.37,False
2026-08-03 13:24:13,SNXXBUSDT,UPTREND,SELL,25,25,62.07,0,0,0,0,75,0.04,False
2026-08-03 13:27:55,BTCUSDT,UPTREND,WAIT,60,62.34
2026-08-03 13:29:15,BTCUSDT,SIDEWAYS,WAIT,70,45.98
2026-08-03 13:29:15,ETHUSDT,SIDEWAYS,BUY,85,45.73
2026-08-03 13:29:15,BNBUSDT,DOWNTREND,WAIT,50,42.22
2026-08-03 13:29:15,LTCUSDT,SIDEWAYS,BUY,85,54.05
2026-08-03 13:29:15,ADAUSDT,SIDEWAYS,WAIT,50,48.15
2026-08-03 13:29:15,XRPUSDT,UPTREND,BUY,75,59.55
2026-08-03 13:29:15,XLMUSDT,SIDEWAYS,WAIT,60,38.46
2026-08-03 13:29:15,TRXUSDT,DOWNTREND,SELL,20,37.5
2026-08-03 13:29:15,ETCUSDT,UPTREND,BUY,90,75.0
2026-08-03 13:29:15,USDCUSDT,DOWNTREND,SELL,10,36.36
2026-08-03 13:29:15,LINKUSDT,UPTREND,BUY,100,60.68
2026-08-03 13:29:15,FETUSDT,UPTREND,WAIT,70,61.54
2026-08-03 13:29:15,ZECUSDT,SIDEWAYS,BUY,75,46.69
2026-08-03 13:29:15,CELRUSDT,UPTREND,WAIT,70,61.9
2026-08-03 13:29:15,DASHUSDT,SIDEWAYS,BUY,75,52.94
2026-08-03 13:29:15,ENJUSDT,SIDEWAYS,WAIT,65,40.54
2026-08-03 13:29:15,ATOMUSDT,UPTREND,SELL,20,77.78
2026-08-03 13:29:15,ALGOUSDT,SIDEWAYS,SELL,20,50.0
2026-08-03 13:29:15,DOGEUSDT,SIDEWAYS,WAIT,60,54.79
2026-08-03 13:29:15,WINUSDT,UPTREND,WAIT,100,64.47
2026-08-03 13:29:15,CHZUSDT,SIDEWAYS,WAIT,35,52.94
2026-08-03 13:29:15,HBARUSDT,SIDEWAYS,WAIT,70,44.74
2026-08-03 13:29:15,RLCUSDT,UPTREND,BUY,80,64.29
2026-08-03 13:29:15,BCHUSDT,SIDEWAYS,BUY,95,38.89
2026-08-03 13:29:15,EURUSDT,DOWNTREND,SELL,25,28.57
2026-08-03 13:29:15,MBLUSDT,UPTREND,WAIT,80,61.9
2026-08-03 13:29:15,COTIUSDT,UPTREND,WAIT,70,68.97
2026-08-03 13:29:15,SOLUSDT,SIDEWAYS,BUY,80,52.24
2026-08-03 13:29:15,ZENUSDT,SIDEWAYS,WAIT,70,44.44
2026-08-03 13:29:15,STORJUSDT,UPTREND,SELL,25,66.67
2026-08-03 13:29:15,JSTUSDT,SIDEWAYS,WAIT,40,53.85
2026-08-03 13:29:15,SANDUSDT,SIDEWAYS,SELL,25,50.91
2026-08-03 13:29:15,DOTUSDT,UPTREND,BUY,85,64.29
2026-08-03 13:29:15,PAXGUSDT,DOWNTREND,WAIT,60,26.38
2026-08-03 13:29:15,UNIUSDT,SIDEWAYS,BUY,75,46.15
2026-08-03 13:29:15,AVAXUSDT,UPTREND,BUY,100,60.19
2026-08-03 13:29:15,AAVEUSDT,SIDEWAYS,BUY,75,49.49
2026-08-03 13:29:15,NEARUSDT,UPTREND,BUY,90,57.89
2026-08-03 13:29:15,FILUSDT,UPTREND,WAIT,60,59.77
2026-08-03 13:29:15,INJUSDT,UPTREND,BUY,100,59.32
2026-08-03 13:29:15,GRTUSDT,UPTREND,WAIT,70,57.89
2026-08-03 13:29:15,ATMUSDT,UPTREND,BUY,100,64.29
2026-08-03 13:29:15,RIFUSDT,UPTREND,SELL,25,76.47
2026-08-03 13:29:15,CFXUSDT,UPTREND,WAIT,30,58.54
2026-08-03 13:29:15,TLMUSDT,UPTREND,WAIT,80,64.52
2026-08-03 13:29:15,SHIBUSDT,UPTREND,WAIT,90,57.14
2026-08-03 13:29:15,ICPUSDT,SIDEWAYS,WAIT,70,40.0
2026-08-03 13:29:15,GTCUSDT,SIDEWAYS,SELL,25,51.47
2026-08-03 13:29:15,DEXEUSDT,SIDEWAYS,WAIT,55,61.73
2026-08-03 13:29:15,BICOUSDT,UPTREND,SELL,25,76.73
2026-08-03 13:29:15,GLMRUSDT,UPTREND,WAIT,75,63.03
2026-08-03 13:29:15,HFTUSDT,UPTREND,SELL,25,56.77
2026-08-03 13:29:15,ARBUSDT,DOWNTREND,SELL,0,28.57
2026-08-03 13:29:15,EDUUSDT,DOWNTREND,SELL,0,25.0
2026-08-03 13:29:15,SUIUSDT,UPTREND,SELL,25,55.07
2026-08-03 13:29:15,PEPEUSDT,UPTREND,WAIT,35,55.56
2026-08-03 13:29:15,WLDUSDT,UPTREND,SELL,25,65.31
2026-08-03 13:29:15,VICUSDT,UPTREND,SELL,25,63.01
2026-08-03 13:29:15,VANRYUSDT,SIDEWAYS,SELL,25,40.19
2026-08-03 13:29:15,BOMEUSDT,DOWNTREND,SELL,0,38.68
2026-08-03 13:29:15,ENAUSDT,SIDEWAYS,SELL,25,53.85
2026-08-03 13:29:15,NEIROUSDT,UPTREND,SELL,25,62.5
2026-08-03 13:29:15,ACXUSDT,UPTREND,SELL,25,59.07
2026-08-03 13:29:15,PENGUUSDT,SIDEWAYS,SELL,25,50.0
2026-08-03 13:29:15,SUSDT,DOWNTREND,SELL,0,42.86
2026-08-03 13:29:15,TRUMPUSDT,UPTREND,SELL,25,65.0
2026-08-03 13:29:15,1000CHEEMSUSDT,DOWNTREND,SELL,0,44.44
2026-08-03 13:29:15,KAITOUSDT,DOWNTREND,SELL,20,20.67
2026-08-03 13:29:15,EPICUSDT,UPTREND,BUY,85,70.1
2026-08-03 13:29:15,NILUSDT,SIDEWAYS,SELL,25,52.7
2026-08-03 13:29:15,MUBARAKUSDT,SIDEWAYS,SELL,25,50.0
2026-08-03 13:29:15,TUTUSDT,UPTREND,WAIT,55,63.93
2026-08-03 13:29:15,BROCCOLI714USDT,DOWNTREND,SELL,25,38.46
2026-08-03 13:29:15,BABYUSDT,UPTREND,SELL,25,58.33
2026-08-03 13:29:15,ONDOUSDT,DOWNTREND,WAIT,40,41.82
2026-08-03 13:29:15,HYPERUSDT,SIDEWAYS,SELL,25,46.15
2026-08-03 13:29:15,USD1USDT,DOWNTREND,SELL,0,44.44
2026-08-03 13:29:15,ERAUSDT,UPTREND,SELL,25,70.0
2026-08-03 13:29:15,XPLUSDT,UPTREND,SELL,25,61.76
2026-08-03 13:29:15,MIRAUSDT,UPTREND,SELL,25,55.56
2026-08-03 13:29:15,FFUSDT,DOWNTREND,SELL,20,32.56
2026-08-03 13:29:15,MORPHOUSDT,DOWNTREND,SELL,20,42.86
2026-08-03 13:29:15,EULUSDT,DOWNTREND,SELL,0,24.05
2026-08-03 13:29:15,ENSOUSDT,UPTREND,WAIT,45,71.43
2026-08-03 13:29:15,GIGGLEUSDT,DOWNTREND,SELL,25,41.11
2026-08-03 13:29:15,KITEUSDT,UPTREND,WAIT,50,75.0
2026-08-03 13:29:15,ALLOUSDT,DOWNTREND,SELL,25,18.67
2026-08-03 13:29:15,币安人生USDT,DOWNTREND,SELL,25,34.52
2026-08-03 13:29:15,UUSDT,DOWNTREND,SELL,20,40.0
2026-08-03 13:29:15,ZAMAUSDT,UPTREND,BUY,80,62.79
2026-08-03 13:29:15,ESPUSDT,UPTREND,SELL,25,56.18
2026-08-03 13:29:15,NIGHTUSDT,UPTREND,SELL,25,63.16
2026-08-03 13:29:15,XAUTUSDT,DOWNTREND,WAIT,30,25.67
2026-08-03 13:29:15,AIGENSYNUSDT,UPTREND,WAIT,40,68.75
2026-08-03 13:29:15,MUBUSDT,DOWNTREND,WAIT,30,44.75
2026-08-03 13:29:15,SNDKBUSDT,DOWNTREND,SELL,25,40.63
2026-08-03 13:29:15,TSLABUSDT,DOWNTREND,SELL,25,22.73
2026-08-03 13:29:15,SPCXBUSDT,DOWNTREND,WAIT,35,43.15
2026-08-03 13:29:15,REUSDT,SIDEWAYS,SELL,15,50.0
2026-08-03 13:29:15,EWYBUSDT,SIDEWAYS,WAIT,40,55.11
2026-08-03 13:29:15,INTCBUSDT,SIDEWAYS,BUY,75,48.95
2026-08-03 13:29:15,GRAMUSDT,SIDEWAYS,WAIT,30,45.45
2026-08-03 13:29:15,DRAMBUSDT,SIDEWAYS,WAIT,65,51.09
2026-08-03 13:29:15,GOOGLBUSDT,UPTREND,BUY,100,62.46
2026-08-03 13:29:15,NBISBUSDT,DOWNTREND,WAIT,30,33.25
2026-08-03 13:29:15,SOXLBUSDT,DOWNTREND,SELL,20,44.81
2026-08-03 13:29:15,SKHYBUSDT,UPTREND,WAIT,30,80.72
2026-08-03 13:29:15,AXTIBUSDT,DOWNTREND,WAIT,35,39.48
2026-08-03 13:29:15,KORUBUSDT,SIDEWAYS,SELL,25,54.1
2026-08-03 13:29:15,MUUBUSDT,DOWNTREND,WAIT,30,44.37
2026-08-03 13:29:15,SNXXBUSDT,DOWNTREND,SELL,25,38.46
2026-08-03 13:29:28,BTCUSDT,SIDEWAYS,WAIT,50,50,47.28,0,0,0,0,100,0.5,False
2026-08-03 13:29:28,ETHUSDT,SIDEWAYS,SELL,25,25,47.25,0,0,0,0,90,0.14,False
2026-08-03 13:29:28,BNBUSDT,DOWNTREND,WAIT,30,30,41.24,0,0,0,0,100,0.79,False
2026-08-03 13:29:28,NEOUSDT,UPTREND,SELL,5,5,92.86,0,0,0,0,0,0.0,False
2026-08-03 13:29:28,LTCUSDT,SIDEWAYS,WAIT,65,65,54.05,0,0,0,0,100,0.38,False
2026-08-03 13:29:28,QTUMUSDT,UPTREND,SELL,25,25,60.0,0,0,0,0,0,0.0,False
2026-08-03 13:29:28,ADAUSDT,SIDEWAYS,SELL,25,25,46.15,0,0,0,0,75,0.06,False
2026-08-03 13:29:28,XRPUSDT,UPTREND,SELL,25,25,60.0,0,0,0,0,75,0.02,False
2026-08-03 13:29:28,TUSDUSDT,DOWNTREND,SELL,0,0,0.0,0,0,0,0,0,0.0,False
2026-08-03 13:29:28,IOTAUSDT,SIDEWAYS,SELL,20,20,50.0,0,0,0,0,0,0.0,False
2026-08-03 13:29:28,XLMUSDT,DOWNTREND,SELL,0,0,38.46,0,0,0,0,50,0.0,False
2026-08-03 13:29:28,ONTUSDT,UPTREND,SELL,10,10,73.17,0,0,0,0,0,0.0,False
2026-08-03 13:29:28,TRXUSDT,DOWNTREND,SELL,0,0,33.33,0,0,0,0,50,0.0,False
2026-08-03 13:29:28,ETCUSDT,SIDEWAYS,SELL,25,25,50.0,0,0,0,0,40,0.0,False
2026-08-03 13:29:28,ICXUSDT,UPTREND,SELL,20,20,66.67,0,0,0,0,0,0.0,False
2026-08-03 13:29:28,VETUSDT,UPTREND,SELL,20,20,65.22,0,0,0,0,25,0.08,False
2026-08-03 13:29:28,USDCUSDT,DOWNTREND,SELL,10,10,41.67,0,0,0,0,100,1.0,False
2026-08-03 13:29:28,LINKUSDT,UPTREND,WAIT,60,60,59.65,0,0,0,0,90,0.24,False
2026-08-03 13:29:28,ONGUSDT,UPTREND,SELL,0,0,93.55,0,0,0,0,0,0.0,False
2026-08-03 13:29:28,HOTUSDT,SIDEWAYS,SELL,20,20,50.0,0,0,0,0,0,0.0,False
2026-08-03 13:29:28,ZILUSDT,SIDEWAYS,SELL,15,15,35.29,0,0,0,0,0,0.0,False
2026-08-03 13:29:28,ZRXUSDT,SIDEWAYS,SELL,25,25,50.0,0,0,0,0,0,0.0,False
2026-08-03 13:29:28,FETUSDT,UPTREND,SELL,25,25,58.33,0,0,0,0,50,0.0,False
2026-08-03 13:29:28,BATUSDT,UPTREND,SELL,0,0,83.33,0,0,0,0,0,0.0,False
2026-08-03 13:29:28,ZECUSDT,SIDEWAYS,SELL,25,25,49.33,0,0,0,0,75,0.09,False
2026-08-03 13:29:28,IOSTUSDT,SIDEWAYS,SELL,0,0,57.14,0,0,0,0,0,0.0,False
2026-08-03 13:29:28,CELRUSDT,UPTREND,SELL,25,25,65.0,0,0,0,0,90,0.12,False
2026-08-03 13:29:28,DASHUSDT,SIDEWAYS,BUY,75,75,48.39,0,0,0,0,90,1.29,False
2026-08-03 13:29:28,THETAUSDT,UPTREND,SELL,10,10,83.33,0,0,0,0,0,19.47,False
2026-08-03 13:29:28,ENJUSDT,DOWNTREND,SELL,15,15,38.89,0,0,0,0,90,0.54,False
2026-08-03 13:29:28,ATOMUSDT,UPTREND,WAIT,55,55,66.67,0,0,0,0,90,0.28,False
2026-08-03 13:29:28,TFUELUSDT,UPTREND,SELL,0,0,88.89,0,0,0,0,0,0.0,False
2026-08-03 13:29:28,ONEUSDT,SIDEWAYS,SELL,0,0,50.0,0,0,0,0,0,0.0,False
2026-08-03 13:29:28,ALGOUSDT,SIDEWAYS,SELL,0,0,50.0,0,0,0,0,50,0.0,False
2026-08-03 13:29:28,DOGEUSDT,UPTREND,SELL,25,25,55.41,0,0,0,0,75,0.02,False
2026-08-03 13:29:28,DUSKUSDT,SIDEWAYS,SELL,25,25,50.0,0,0,0,0,0,0.0,False
2026-08-03 13:29:28,ANKRUSDT,SIDEWAYS,SELL,20,20,50.0,0,0,0,0,0,0.0,False
2026-08-03 13:29:28,WINUSDT,UPTREND,SELL,25,25,72.86,0,0,0,0,65,0.08,False
2026-08-03 13:29:28,MTLUSDT,SIDEWAYS,SELL,0,0,50.0,0,0,0,0,40,0.15,False
2026-08-03 13:29:28,CVCUSDT,UPTREND,SELL,0,0,100,0,0,0,0,60,0.24,False
2026-08-03 13:29:28,CHZUSDT,SIDEWAYS,SELL,20,20,52.94,0,0,0,0,20,0.0,False
2026-08-03 13:29:28,BANDUSDT,UPTREND,SELL,0,0,87.5,0,0,0,0,0,0.0,False
2026-08-03 13:29:28,XTZUSDT,SIDEWAYS,SELL,25,25,54.84,0,0,0,0,0,0.0,False
2026-08-03 13:29:28,RVNUSDT,UPTREND,SELL,20,20,66.67,0,0,0,0,0,0.0,False
2026-08-03 13:29:28,HBARUSDT,DOWNTREND,SELL,0,0,38.24,0,0,0,0,40,0.0,False
2026-08-03 13:29:28,STXUSDT,UPTREND,SELL,25,25,66.67,0,0,0,0,0,0.0,False
2026-08-03 13:29:28,KAVAUSDT,UPTREND,SELL,20,20,70.0,0,0,0,0,0,0.0,False
2026-08-03 13:29:28,ARPAUSDT,UPTREND,SELL,0,0,100,0,0,0,0,0,0.0,False
2026-08-03 13:29:28,IOTXUSDT,UPTREND,SELL,0,0,100,0,0,0,0,0,0.0,False
2026-08-03 13:29:28,RLCUSDT,UPTREND,SELL,25,25,64.29,0,0,0,0,20,0.0,False
2026-08-03 13:29:28,BCHUSDT,DOWNTREND,SELL,0,0,40.0,0,0,0,0,80,0.21,False
2026-08-03 13:29:28,FTTUSDT,UPTREND,SELL,25,25,57.58,0,0,0,0,20,0.0,False
2026-08-03 13:29:28,EURUSDT,DOWNTREND,SELL,0,0,37.5,0,0,0,0,90,0.16,False
2026-08-03 13:29:28,OGNUSDT,UPTREND,SELL,0,0,86.67,0,0,0,0,0,0.0,False
2026-08-03 13:29:28,LSKUSDT,UPTREND,SELL,5,5,71.43,0,0,0,0,20,0.33,False
2026-08-03 13:29:28,BNTUSDT,UPTREND,SELL,0,0,100,0,0,0,0,0,0.0,False
2026-08-03 13:29:28,MBLUSDT,UPTREND,SELL,25,25,60.0,0,0,0,0,90,0.12,False
2026-08-03 13:29:28,COTIUSDT,UPTREND,SELL,25,25,70.0,0,0,0,0,75,0.0,False
2026-08-03 13:29:28,SOLUSDT,SIDEWAYS,WAIT,50,50,53.73,0,0,0,0,90,0.15,False
2026-08-03 13:29:28,CTSIUSDT,UPTREND,SELL,0,0,100,0,0,0,0,0,0.0,False
2026-08-03 13:29:28,HIVEUSDT,UPTREND,SELL,0,0,100,0,0,0,0,0,0.0,False
2026-08-03 13:29:28,CHRUSDT,UPTREND,SELL,25,25,55.56,0,0,0,0,0,0.0,False
2026-08-03 13:29:28,KNCUSDT,UPTREND,SELL,10,10,87.5,0,0,0,0,0,0.0,False
2026-08-03 13:29:28,COMPUSDT,UPTREND,SELL,25,25,80.0,0,0,0,0,0,0.0,False
2026-08-03 13:29:28,SCUSDT,UPTREND,SELL,0,0,100,0,0,0,0,0,0.0,False
2026-08-03 13:29:28,ZENUSDT,SIDEWAYS,SELL,25,25,44.44,0,0,0,0,40,0.0,False
2026-08-03 13:29:28,SNXUSDT,UPTREND,SELL,0,0,100,0,0,0,0,0,0.0,False
2026-08-03 13:29:28,VTHOUSDT,UPTREND,SELL,0,0,100,0,0,0,0,0,0.0,False
2026-08-03 13:29:28,DGBUSDT,UPTREND,SELL,0,0,83.33,0,0,0,0,0,0.0,False
2026-08-03 13:29:28,DCRUSDT,UPTREND,SELL,25,25,60.0,0,0,0,0,0,0.0,False
2026-08-03 13:29:28,STORJUSDT,UPTREND,SELL,25,25,66.67,0,0,0,0,40,0.0,False
2026-08-03 13:29:28,MANAUSDT,UPTREND,SELL,20,20,71.43,0,0,0,0,0,0.0,False
2026-08-03 13:29:28,YFIUSDT,UPTREND,SELL,25,25,100,0,0,0,0,0,0.0,False
2026-08-03 13:29:28,JSTUSDT,SIDEWAYS,SELL,25,25,36.84,0,0,0,0,75,0.05,False
2026-08-03 13:29:28,CRVUSDT,UPTREND,SELL,25,25,60.0,0,0,0,0,50,0.48,False
2026-08-03 13:29:28,SANDUSDT,SIDEWAYS,SELL,10,10,48.15,0,0,0,0,65,0.06,False
2026-08-03 13:29:28,NMRUSDT,UPTREND,SELL,25,25,66.67,0,0,0,0,0,0.0,False
2026-08-03 13:29:28,DOTUSDT,UPTREND,BUY,75,75,61.54,0,0,0,0,100,0.96,False
2026-08-03 13:29:28,LUNAUSDT,SIDEWAYS,SELL,20,20,50.0,0,0,0,0,0,0.0,False
2026-08-03 13:29:28,RSRUSDT,UPTREND,SELL,25,25,61.54,0,0,0,0,0,0.0,False
2026-08-03 13:29:28,PAXGUSDT,DOWNTREND,SELL,25,25,26.32,0,0,0,0,30,0.0,False
2026-08-03 13:29:28,TRBUSDT,DOWNTREND,SELL,10,10,33.33,0,0,0,0,0,0.0,False
2026-08-03 13:29:28,SUSHIUSDT,SIDEWAYS,SELL,15,15,54.55,0,0,0,0,0,0.42,False
2026-08-03 13:29:28,KSMUSDT,SIDEWAYS,SELL,5,5,50.0,0,0,0,0,20,0.0,False
2026-08-03 13:29:28,EGLDUSDT,SIDEWAYS,SELL,25,25,50.0,0,0,0,0,0,0.0,False
2026-08-03 13:29:28,DIAUSDT,DOWNTREND,SELL,0,0,30.43,0,0,0,0,50,0.0,False
2026-08-03 13:29:28,RUNEUSDT,UPTREND,SELL,25,25,60.0,0,0,0,0,0,0.0,False
2026-08-03 13:29:28,UMAUSDT,UPTREND,SELL,10,10,100,0,0,0,0,0,0.0,False
2026-08-03 13:29:28,BELUSDT,SIDEWAYS,SELL,0,0,42.86,0,0,0,0,20,0.25,False
2026-08-03 13:29:28,UNIUSDT,DOWNTREND,SELL,25,25,44.23,0,0,0,0,90,0.12,False
2026-08-03 13:29:28,SUNUSDT,SIDEWAYS,SELL,0,0,100,0,0,0,0,0,0.0,False
2026-08-03 13:29:28,AVAXUSDT,UPTREND,BUY,85,85,60.19,0,0,0,0,100,0.53,False
2026-08-03 13:29:28,XVSUSDT,UPTREND,SELL,0,0,100,0,0,0,0,25,0.07,False
2026-08-03 13:29:28,AAVEUSDT,SIDEWAYS,WAIT,50,50,50.0,0,0,0,0,100,0.28,False
2026-08-03 13:29:28,NEARUSDT,UPTREND,BUY,90,90,55.56,0,0,0,0,100,1.06,False
2026-08-03 13:29:28,FILUSDT,SIDEWAYS,BUY,85,85,52.13,0,0,0,0,100,4.44,False
2026-08-03 13:29:28,INJUSDT,SIDEWAYS,SELL,25,25,48.0,0,0,0,0,65,0.03,False
2026-08-03 13:29:28,AUDIOUSDT,SIDEWAYS,SELL,20,20,50.0,0,0,0,0,10,0.14,False
2026-08-03 13:29:28,CTKUSDT,UPTREND,SELL,0,0,100,0,0,0,0,0,0.0,False
2026-08-03 13:29:28,AXSUSDT,UPTREND,SELL,25,25,60.0,0,0,0,0,0,0.0,False
2026-08-03 13:29:28,STRAXUSDT,UPTREND,SELL,20,20,66.67,0,0,0,0,0,0.0,False
2026-08-03 13:29:28,ROSEUSDT,DOWNTREND,SELL,0,0,33.33,0,0,0,0,0,0.0,False
2026-08-03 13:29:28,AVAUSDT,DOWNTREND,SELL,0,0,25.0,0,0,0,0,0,0.0,False
2026-08-03 13:29:28,SKLUSDT,UPTREND,SELL,25,25,75.0,0,0,0,0,20,0.0,False
2026-08-03 13:29:28,GRTUSDT,UPTREND,WAIT,50,50,60.0,0,0,0,0,100,0.32,False
2026-08-03 13:29:28,JUVUSDT,UPTREND,SELL,10,10,100,0,0,0,0,60,0.13,False
2026-08-03 13:29:28,PSGUSDT,UPTREND,SELL,25,25,60.0,0,0,0,0,20,0.38,False
2026-08-03 13:29:28,1INCHUSDT,UPTREND,SELL,25,25,57.14,0,0,0,0,0,0.0,False
2026-08-03 13:29:28,OGUSDT,SIDEWAYS,SELL,25,25,50.0,0,0,0,0,0,0.0,False
2026-08-03 13:29:28,ATMUSDT,UPTREND,BUY,75,75,73.33,0,0,0,0,70,0.69,False
2026-08-03 13:29:28,ASRUSDT,UPTREND,SELL,25,25,75.0,0,0,0,0,0,0.0,False
2026-08-03 13:29:28,CELOUSDT,SIDEWAYS,SELL,20,20,52.24,0,0,0,0,0,0.0,False
2026-08-03 13:29:28,RIFUSDT,UPTREND,SELL,25,25,75.0,0,0,0,0,75,0.0,False
2026-08-03 13:29:28,CKBUSDT,UPTREND,SELL,5,5,71.43,0,0,0,0,0,0.7,False
2026-08-03 13:29:28,TWTUSDT,UPTREND,SELL,25,25,66.67,0,0,0,0,0,0.0,False
2026-08-03 13:29:28,SFPUSDT,UPTREND,SELL,20,20,76.19,0,0,0,0,0,0.0,False
2026-08-03 13:29:28,DODOUSDT,DOWNTREND,SELL,0,0,42.86,0,0,0,0,40,0.16,False
2026-08-03 13:29:28,CAKEUSDT,SIDEWAYS,SELL,0,0,50.0,0,0,0,0,20,0.0,False
2026-08-03 13:29:28,ACMUSDT,UPTREND,WAIT,55,55,60.0,0,0,0,0,20,0.55,False
2026-08-03 13:29:28,ALICEUSDT,UPTREND,SELL,0,0,100,0,0,0,0,0,0.0,False
2026-08-03 13:29:28,SUPERUSDT,UPTREND,SELL,20,20,66.67,0,0,0,0,0,0.0,False
2026-08-03 13:29:28,CFXUSDT,SIDEWAYS,SELL,20,20,52.78,0,0,0,0,40,0.0,False
2026-08-03 13:29:28,TKOUSDT,UPTREND,WAIT,35,35,75.0,0,0,0,0,70,0.26,False
2026-08-03 13:29:28,PUNDIXUSDT,UPTREND,SELL,0,0,83.33,0,0,0,0,0,0.0,False
2026-08-03 13:29:28,TLMUSDT,UPTREND,SELL,25,25,66.67,0,0,0,0,50,0.0,False
2026-08-03 13:29:28,BARUSDT,UPTREND,SELL,25,25,66.67,0,0,0,0,0,0.0,False
2026-08-03 13:29:28,SLPUSDT,SIDEWAYS,SELL,20,20,50.0,0,0,0,0,0,0.0,False
2026-08-03 13:29:28,SHIBUSDT,UPTREND,SELL,25,25,57.14,0,0,0,0,75,0.01,False
2026-08-03 13:29:28,ICPUSDT,SIDEWAYS,SELL,25,25,36.84,0,0,0,0,40,0.0,False
2026-08-03 13:29:28,ARUSDT,SIDEWAYS,SELL,25,25,47.06,0,0,0,0,40,0.0,False
2026-08-03 13:29:28,MASKUSDT,UPTREND,SELL,20,20,75.0,0,0,0,0,0,0.0,False
2026-08-03 13:29:28,LPTUSDT,UPTREND,BUY,95,95,63.64,0,0,0,0,90,1.1,False
2026-08-03 13:29:28,XVGUSDT,SIDEWAYS,WAIT,40,40,50.0,0,0,0,0,0,6.68,False
2026-08-03 13:29:28,GTCUSDT,SIDEWAYS,WAIT,30,30,54.69,0,0,0,0,80,0.22,False
2026-08-03 13:29:28,PHAUSDT,UPTREND,SELL,0,0,100,0,0,0,0,0,0.0,False
2026-08-03 13:29:28,DEXEUSDT,SIDEWAYS,SELL,25,25,66.67,0,0,0,0,75,0.03,False
2026-08-03 13:29:28,C98USDT,UPTREND,WAIT,30,30,70.59,0,0,0,0,50,0.98,False
2026-08-03 13:29:28,QNTUSDT,UPTREND,SELL,25,25,60.61,0,0,0,0,45,0.06,False
2026-08-03 13:29:28,FLOWUSDT,SIDEWAYS,SELL,20,20,52.94,0,0,0,0,40,0.0,False
2026-08-03 13:29:28,MINAUSDT,UPTREND,SELL,25,25,75.0,0,0,0,0,0,0.0,False
2026-08-03 13:29:28,RAYUSDT,SIDEWAYS,SELL,0,0,50.0,0,0,0,0,55,0.05,False
2026-08-03 13:29:28,QUICKUSDT,DOWNTREND,SELL,0,0,0.0,0,0,0,0,0,0.0,False
2026-08-03 13:29:28,REQUSDT,SIDEWAYS,SELL,0,0,50.0,0,0,0,0,0,0.0,False
2026-08-03 13:29:28,WAXPUSDT,UPTREND,SELL,25,25,71.43,0,0,0,0,75,0.02,False
2026-08-03 13:29:28,GNOUSDT,UPTREND,SELL,25,25,100,0,0,0,0,0,0.0,False
2026-08-03 13:29:28,XECUSDT,DOWNTREND,SELL,0,0,40.0,0,0,0,0,0,0.0,False
2026-08-03 13:29:28,DYDXUSDT,UPTREND,SELL,10,10,87.37,0,0,0,0,0,0.0,False
2026-08-03 13:29:28,USDPUSDT,SIDEWAYS,SELL,0,0,100,0,0,0,0,0,0.0,False
2026-08-03 13:29:28,GALAUSDT,UPTREND,SELL,0,0,88.0,0,0,0,0,50,1.03,False
2026-08-03 13:29:28,ILVUSDT,SIDEWAYS,SELL,25,25,50.0,0,0,0,0,5,0.03,False
2026-08-03 13:29:28,YGGUSDT,UPTREND,SELL,20,20,65.38,0,0,0,0,0,0.0,False
2026-08-03 13:29:28,FIDAUSDT,UPTREND,SELL,25,25,63.16,0,0,0,0,0,0.0,False
2026-08-03 13:29:28,AGLDUSDT,SIDEWAYS,SELL,20,20,46.67,0,0,0,0,0,0.0,False
2026-08-03 13:29:28,RADUSDT,UPTREND,WAIT,60,60,57.14,0,0,0,0,70,0.7,False
2026-08-03 13:29:28,RAREUSDT,UPTREND,SELL,25,25,78.38,0,0,0,0,50,2.8,False
2026-08-03 13:29:28,LAZIOUSDT,SIDEWAYS,SELL,25,25,50.0,0,0,0,0,20,0.0,False
2026-08-03 13:29:28,ADXUSDT,UPTREND,SELL,0,0,100,0,0,0,0,45,0.09,False
2026-08-03 13:29:28,AUCTIONUSDT,UPTREND,SELL,25,25,75.0,0,0,0,0,0,0.0,False
2026-08-03 13:29:28,MOVRUSDT,UPTREND,SELL,0,0,100,0,0,0,0,0,0.0,False
2026-08-03 13:29:28,CITYUSDT,UPTREND,SELL,15,15,66.67,0,0,0,0,20,0.44,False
2026-08-03 13:29:28,ENSUSDT,UPTREND,SELL,0,0,100,0,0,0,0,0,0.0,False
2026-08-03 13:29:28,QIUSDT,UPTREND,SELL,25,25,75.0,0,0,0,0,20,0.0,False
2026-08-03 13:29:28,PORTOUSDT,UPTREND,WAIT,55,55,60.0,0,0,0,0,70,0.15,False
2026-08-03 13:29:28,POWRUSDT,UPTREND,SELL,0,0,100,0,0,0,0,0,0.0,False
2026-08-03 13:29:28,JASMYUSDT,UPTREND,SELL,20,20,66.67,0,0,0,0,0,0.0,False
2026-08-03 13:29:28,AMPUSDT,SIDEWAYS,SELL,20,20,50.0,0,0,0,0,0,0.0,False
2026-08-03 13:29:28,PYRUSDT,SIDEWAYS,SELL,20,20,20.0,0,0,0,0,50,0.0,False
2026-08-03 13:29:28,SANTOSUSDT,SIDEWAYS,SELL,15,15,50.0,0,0,0,0,0,0.45,False
2026-08-03 13:29:28,BICOUSDT,UPTREND,SELL,25,25,76.62,0,0,0,0,90,0.17,False
2026-08-03 13:29:28,FLUXUSDT,UPTREND,SELL,10,10,75.0,0,0,0,0,0,0.0,False
2026-08-03 13:29:28,CVXUSDT,UPTREND,SELL,10,10,83.33,0,0,0,0,0,0.0,False
2026-08-03 13:29:28,PEOPLEUSDT,DOWNTREND,SELL,0,0,27.78,0,0,0,0,65,0.06,False
2026-08-03 13:29:28,SPELLUSDT,UPTREND,SELL,0,0,100,0,0,0,0,0,0.0,False
2026-08-03 13:29:28,JOEUSDT,UPTREND,SELL,20,20,66.67,0,0,0,0,55,0.09,False
2026-08-03 13:29:28,ACHUSDT,SIDEWAYS,SELL,20,20,50.0,0,0,0,0,5,0.04,False
2026-08-03 13:29:28,IMXUSDT,UPTREND,SELL,0,0,83.33,0,0,0,0,0,0.0,False
2026-08-03 13:29:28,GLMRUSDT,UPTREND,WAIT,75,75,63.03,0,0,0,0,70,0.94,False
2026-08-03 13:29:28,SCRTUSDT,UPTREND,SELL,25,25,66.67,0,0,0,0,40,0.0,False
2026-08-03 13:29:28,API3USDT,UPTREND,SELL,0,0,80.0,0,0,0,0,0,0.0,False
2026-08-03 13:29:28,BTTCUSDT,UPTREND,WAIT,65,65,66.67,0,0,0,0,80,0.7,False
2026-08-03 13:29:28,XNOUSDT,SIDEWAYS,SELL,0,0,50.0,0,0,0,0,0,0.0,False
2026-08-03 13:29:28,WOOUSDT,UPTREND,SELL,0,0,85.71,0,0,0,0,0,0.0,False
2026-08-03 13:29:28,ALPINEUSDT,UPTREND,SELL,0,0,100,0,0,0,0,0,0.0,False
2026-08-03 13:29:28,TUSDT,SIDEWAYS,SELL,0,0,50.0,0,0,0,0,20,0.0,False
2026-08-03 13:29:28,ASTRUSDT,UPTREND,SELL,0,0,79.49,0,0,0,0,0,0.0,False
2026-08-03 13:29:28,GMTUSDT,SIDEWAYS,SELL,25,25,54.55,0,0,0,0,80,0.14,False
2026-08-03 13:29:28,APEUSDT,UPTREND,SELL,25,25,62.5,0,0,0,0,0,0.0,False
2026-08-03 13:29:28,STEEMUSDT,UPTREND,SELL,20,20,66.67,0,0,0,0,0,0.0,False
2026-08-03 13:29:28,NEXOUSDT,DOWNTREND,SELL,15,15,33.33,0,0,0,0,90,0.34,False
2026-08-03 13:29:28,LDOUSDT,DOWNTREND,SELL,0,0,34.48,0,0,0,0,40,0.0,False
2026-08-03 13:29:28,OPUSDT,DOWNTREND,SELL,0,0,37.5,0,0,0,0,40,0.0,False
2026-08-03 13:29:28,STGUSDT,UPTREND,SELL,25,25,58.33,0,0,0,0,0,0.0,False
2026-08-03 13:29:28,LUNCUSDT,UPTREND,SELL,25,25,58.82,0,0,0,0,50,0.0,False
2026-08-03 13:29:28,GMXUSDT,DOWNTREND,SELL,0,0,40.0,0,0,0,0,50,0.0,False
2026-08-03 13:29:28,POLYXUSDT,UPTREND,SELL,0,0,100,0,0,0,0,0,0.0,False
2026-08-03 13:29:28,APTUSDT,UPTREND,WAIT,65,65,62.5,0,0,0,0,70,0.82,False
2026-08-03 13:29:28,OSMOUSDT,UPTREND,SELL,15,15,75.0,0,0,0,0,20,0.38,False
2026-08-03 13:29:28,HFTUSDT,UPTREND,WAIT,70,70,55.98,0,0,0,0,100,0.55,False
2026-08-03 13:29:28,MAGICUSDT,UPTREND,SELL,25,25,75.0,0,0,0,0,0,0.0,False
2026-08-03 13:29:28,RPLUSDT,SIDEWAYS,SELL,25,25,50.0,0,0,0,0,0,0.0,False
2026-08-03 13:29:28,GNSUSDT,UPTREND,WAIT,45,45,75.0,0,0,0,0,0,1.54,False
2026-08-03 13:29:28,SYNUSDT,DOWNTREND,SELL,15,15,22.44,0,0,0,0,90,0.1,False
2026-08-03 13:29:28,SSVUSDT,UPTREND,SELL,10,10,92.31,0,0,0,0,0,0.0,False
2026-08-03 13:29:28,LQTYUSDT,UPTREND,SELL,25,25,75.0,0,0,0,0,40,0.14,False
2026-08-03 13:29:28,USTCUSDT,UPTREND,SELL,25,25,75.0,0,0,0,0,0,0.0,False
2026-08-03 13:29:28,GASUSDT,UPTREND,WAIT,50,50,65.22,0,0,0,0,30,1.44,False
2026-08-03 13:29:28,GLMUSDT,UPTREND,SELL,10,10,90.0,0,0,0,0,0,0.0,False
2026-08-03 13:29:28,PROMUSDT,DOWNTREND,SELL,10,10,25.0,0,0,0,0,40,0.0,False
2026-08-03 13:29:28,QKCUSDT,UPTREND,SELL,25,25,64.71,0,0,0,0,0,0.0,False
2026-08-03 13:29:28,IDUSDT,SIDEWAYS,SELL,20,20,50.0,0,0,0,0,0,0.0,False
2026-08-03 13:29:28,ARBUSDT,DOWNTREND,SELL,0,0,28.57,0,0,0,0,90,0.29,False
2026-08-03 13:29:28,WBTCUSDT,SIDEWAYS,SELL,20,20,49.13,0,0,0,0,0,0.0,False
2026-08-03 13:29:28,EDUUSDT,DOWNTREND,SELL,0,0,25.0,0,0,0,0,90,0.22,False
2026-08-03 13:29:28,SUIUSDT,UPTREND,SELL,25,25,55.07,0,0,0,0,75,0.08,False
2026-08-03 13:29:28,PEPEUSDT,UPTREND,WAIT,35,35,55.56,0,0,0,0,90,0.18,False
2026-08-03 13:29:28,FLOKIUSDT,UPTREND,SELL,25,25,62.5,0,0,0,0,65,0.03,False
2026-08-03 13:29:28,MAVUSDT,UPTREND,SELL,15,15,72.73,0,0,0,0,0,1.63,False
2026-08-03 13:29:28,PENDLEUSDT,SIDEWAYS,SELL,0,0,47.62,0,0,0,0,40,0.0,False
2026-08-03 13:29:28,ARKMUSDT,UPTREND,SELL,0,0,85.71,0,0,0,0,0,0.0,False
2026-08-03 13:29:28,WBETHUSDT,UPTREND,SELL,25,25,57.19,0,0,0,0,0,0.0,False
2026-08-03 13:29:28,WLDUSDT,UPTREND,SELL,25,25,66.0,0,0,0,0,90,0.13,False
2026-08-03 13:29:28,FDUSDUSDT,UPTREND,SELL,25,25,60.0,0,0,0,0,65,0.0,False
2026-08-03 13:29:28,SEIUSDT,UPTREND,SELL,25,25,57.58,0,0,0,0,40,0.0,False
2026-08-03 13:29:28,CYBERUSDT,UPTREND,SELL,10,10,100,0,0,0,0,0,0.0,False
2026-08-03 13:29:28,ARKUSDT,UPTREND,SELL,0,0,100,0,0,0,0,0,0.0,False
2026-08-03 13:29:28,IQUSDT,UPTREND,SELL,0,0,100,0,0,0,0,0,0.0,False
2026-08-03 13:29:28,TIAUSDT,UPTREND,SELL,25,25,66.67,0,0,0,0,90,0.12,False
2026-08-03 13:29:28,MEMEUSDT,UPTREND,SELL,25,25,60.0,0,0,0,0,0,0.0,False
2026-08-03 13:29:28,ORDIUSDT,UPTREND,BUY,100,100,67.39,0,0,0,0,100,11.77,False
2026-08-03 13:29:28,BEAMXUSDT,UPTREND,WAIT,30,30,71.43,0,0,0,0,50,3.88,False
2026-08-03 13:29:28,PIVXUSDT,DOWNTREND,SELL,0,0,43.1,0,0,0,0,50,0.0,False
2026-08-03 13:29:28,VICUSDT,UPTREND,BUY,90,90,67.07,0,0,0,0,100,1.86,False
2026-08-03 13:29:28,BLURUSDT,UPTREND,WAIT,45,45,69.23,0,0,0,0,0,1.34,False
2026-08-03 13:29:28,VANRYUSDT,SIDEWAYS,WAIT,35,35,40.38,0,0,0,0,100,0.41,False
2026-08-03 13:29:28,JTOUSDT,UPTREND,SELL,25,25,63.16,0,0,0,0,65,0.07,False
2026-08-03 13:29:29,1000SATSUSDT,SIDEWAYS,SELL,25,25,54.55,0,0,0,0,65,0.06,False
2026-08-03 13:29:29,BONKUSDT,UPTREND,SELL,25,25,66.67,0,0,0,0,0,0.0,False
2026-08-03 13:29:29,ACEUSDT,UPTREND,SELL,25,25,63.16,0,0,0,0,50,0.0,False
2026-08-03 13:29:29,AIUSDT,SIDEWAYS,WAIT,70,70,50.0,0,0,0,0,80,0.82,False
2026-08-03 13:29:29,XAIUSDT,UPTREND,SELL,0,0,80.0,0,0,0,0,0,0.0,False
2026-08-03 13:29:29,MANTAUSDT,DOWNTREND,SELL,0,0,36.36,0,0,0,0,0,0.0,False
2026-08-03 13:29:29,ALTUSDT,SIDEWAYS,SELL,20,20,50.0,0,0,0,0,0,0.0,False
2026-08-03 13:29:29,JUPUSDT,SIDEWAYS,SELL,25,25,55.0,0,0,0,0,0,0.0,False
2026-08-03 13:29:29,PYTHUSDT,SIDEWAYS,SELL,0,0,50.0,0,0,0,0,70,0.51,False
2026-08-03 13:29:29,RONINUSDT,SIDEWAYS,SELL,20,20,50.0,0,0,0,0,0,0.0,False
2026-08-03 13:29:29,DYMUSDT,UPTREND,SELL,20,20,68.0,0,0,0,0,0,0.0,False
2026-08-03 13:29:29,PIXELUSDT,SIDEWAYS,SELL,20,20,50.0,0,0,0,0,5,0.08,False
2026-08-03 13:29:29,STRKUSDT,UPTREND,SELL,25,25,65.52,0,0,0,0,75,0.01,False
2026-08-03 13:29:29,PORTALUSDT,UPTREND,SELL,25,25,64.71,0,0,0,0,40,0.0,False
2026-08-03 13:29:29,AXLUSDT,UPTREND,SELL,20,20,66.67,0,0,0,0,0,0.0,False
2026-08-03 13:29:29,WIFUSDT,UPTREND,SELL,10,10,61.11,0,0,0,0,60,0.24,False
2026-08-03 13:29:29,METISUSDT,UPTREND,WAIT,60,60,66.67,0,0,0,0,50,2.67,False
2026-08-03 13:29:29,AEVOUSDT,UPTREND,SELL,25,25,61.76,0,0,0,0,80,0.12,False
2026-08-03 13:29:29,BOMEUSDT,DOWNTREND,SELL,0,0,38.68,0,0,0,0,90,0.16,False
2026-08-03 13:29:29,ETHFIUSDT,UPTREND,SELL,25,25,68.75,0,0,0,0,75,0.01,False
2026-08-03 13:29:29,ENAUSDT,SIDEWAYS,SELL,25,25,50.0,0,0,0,0,75,0.0,False
2026-08-03 13:29:29,WUSDT,UPTREND,SELL,25,25,66.67,0,0,0,0,0,0.0,False
2026-08-03 13:29:29,TNSRUSDT,UPTREND,SELL,25,25,66.67,0,0,0,0,0,0.0,False
2026-08-03 13:29:29,SAGAUSDT,UPTREND,SELL,25,25,57.14,0,0,0,0,40,0.0,False
2026-08-03 13:29:29,TAOUSDT,DOWNTREND,SELL,25,25,42.86,0,0,0,0,90,0.12,False
2026-08-03 13:29:29,REZUSDT,SIDEWAYS,WAIT,50,50,50.0,0,0,0,0,70,1.29,False
2026-08-03 13:29:29,BBUSDT,UPTREND,SELL,25,25,73.53,0,0,0,0,70,0.18,False
2026-08-03 13:29:29,NOTUSDT,UPTREND,SELL,0,0,100,0,0,0,0,0,0.0,False
2026-08-03 13:29:29,IOUSDT,UPTREND,SELL,25,25,75.0,0,0,0,0,0,0.0,False
2026-08-03 13:29:29,ZKUSDT,UPTREND,SELL,15,15,63.64,0,0,0,0,50,0.48,False
2026-08-03 13:29:29,LISTAUSDT,UPTREND,SELL,0,0,100,0,0,0,0,0,0.0,False
2026-08-03 13:29:29,ZROUSDT,SIDEWAYS,SELL,0,0,50.0,0,0,0,0,25,0.03,False
2026-08-03 13:29:29,GUSDT,UPTREND,SELL,0,0,100,0,0,0,0,0,0.0,False
2026-08-03 13:29:29,BANANAUSDT,SIDEWAYS,SELL,25,25,54.76,0,0,0,0,45,0.05,False
2026-08-03 13:29:29,RENDERUSDT,SIDEWAYS,WAIT,70,70,41.67,0,0,0,0,70,3.01,False
2026-08-03 13:29:29,DOGSUSDT,UPTREND,SELL,25,25,70.0,0,0,0,0,40,0.0,False
2026-08-03 13:29:29,EURIUSDT,DOWNTREND,SELL,0,0,36.36,0,0,0,0,20,0.0,False
2026-08-03 13:29:29,POLUSDT,DOWNTREND,SELL,10,10,29.17,0,0,0,0,75,0.0,False
2026-08-03 13:29:29,NEIROUSDT,UPTREND,SELL,25,25,63.16,0,0,0,0,75,0.06,False
2026-08-03 13:29:29,TURBOUSDT,UPTREND,SELL,20,20,66.67,0,0,0,0,0,0.0,False
2026-08-03 13:29:29,1MBABYDOGEUSDT,SIDEWAYS,SELL,15,15,42.86,0,0,0,0,0,0.12,False
2026-08-03 13:29:29,CATIUSDT,UPTREND,SELL,25,25,60.0,0,0,0,0,45,0.04,False
2026-08-03 13:29:29,HMSTRUSDT,SIDEWAYS,SELL,20,20,50.0,0,0,0,0,40,0.0,False
2026-08-03 13:29:29,EIGENUSDT,UPTREND,SELL,25,25,70.0,0,0,0,0,20,0.0,False
2026-08-03 13:29:29,SCRUSDT,UPTREND,WAIT,50,50,67.39,0,0,0,0,70,0.35,False
2026-08-03 13:29:29,BNSOLUSDT,UPTREND,SELL,25,25,66.67,0,0,0,0,0,0.0,False
2026-08-03 13:29:29,LUMIAUSDT,UPTREND,SELL,20,20,66.67,0,0,0,0,0,0.0,False
2026-08-03 13:29:29,KAIAUSDT,DOWNTREND,SELL,0,0,25.0,0,0,0,0,0,0.0,False
2026-08-03 13:29:29,COWUSDT,UPTREND,SELL,0,0,70.0,0,0,0,0,0,0.18,False
2026-08-03 13:29:29,CETUSUSDT,UPTREND,SELL,20,20,68.75,0,0,0,0,0,0.0,False
2026-08-03 13:29:29,PNUTUSDT,UPTREND,SELL,25,25,75.0,0,0,0,0,0,0.0,False
2026-08-03 13:29:29,ACTUSDT,UPTREND,SELL,0,0,87.5,0,0,0,0,0,0.0,False
2026-08-03 13:29:29,USUALUSDT,UPTREND,SELL,25,25,73.33,0,0,0,0,45,0.02,False
2026-08-03 13:29:29,THEUSDT,UPTREND,SELL,0,0,100,0,0,0,0,0,0.0,False
2026-08-03 13:29:29,ACXUSDT,UPTREND,WAIT,45,45,59.07,0,0,0,0,100,0.29,False
2026-08-03 13:29:29,ORCAUSDT,UPTREND,SELL,25,25,66.67,0,0,0,0,0,0.0,False
2026-08-03 13:29:29,MOVEUSDT,SIDEWAYS,SELL,0,0,100,0,0,0,0,75,0.04,False
2026-08-03 13:29:29,MEUSDT,UPTREND,SELL,25,25,64.1,0,0,0,0,20,0.0,False
2026-08-03 13:29:29,VELODROMEUSDT,UPTREND,WAIT,35,35,56.76,0,0,0,0,50,1.83,False
2026-08-03 13:29:29,VANAUSDT,DOWNTREND,SELL,0,0,42.86,0,0,0,0,40,0.15,False
2026-08-03 13:29:29,1000CATUSDT,SIDEWAYS,SELL,0,0,50.0,0,0,0,0,0,0.0,False
2026-08-03 13:29:29,PENGUUSDT,SIDEWAYS,SELL,25,25,50.0,0,0,0,0,75,0.0,False
2026-08-03 13:29:29,BIOUSDT,UPTREND,SELL,25,25,65.0,0,0,0,0,45,0.05,False
2026-08-03 13:29:29,AIXBTUSDT,UPTREND,SELL,25,25,75.0,0,0,0,0,0,0.0,False
2026-08-03 13:29:29,CGPTUSDT,UPTREND,SELL,25,25,67.92,0,0,0,0,50,1.97,False
2026-08-03 13:29:29,COOKIEUSDT,UPTREND,SELL,0,0,100,0,0,0,0,0,0.0,False
2026-08-03 13:29:29,SUSDT,DOWNTREND,SELL,10,10,37.84,0,0,0,0,90,0.12,False
2026-08-03 13:29:29,SOLVUSDT,UPTREND,SELL,0,0,100,0,0,0,0,30,0.26,False
2026-08-03 13:29:29,TRUMPUSDT,UPTREND,WAIT,65,65,66.67,0,0,0,0,100,0.42,False
2026-08-03 13:29:29,ANIMEUSDT,UPTREND,SELL,0,0,100,0,0,0,0,0,0.0,False
2026-08-03 13:29:29,BERAUSDT,UPTREND,SELL,25,25,56.0,0,0,0,0,45,0.04,False
2026-08-03 13:29:29,1000CHEEMSUSDT,DOWNTREND,SELL,15,15,44.44,0,0,0,0,100,0.33,False
2026-08-03 13:29:29,TSTUSDT,SIDEWAYS,SELL,25,25,53.85,0,0,0,0,45,0.06,False
2026-08-03 13:29:29,LAYERUSDT,UPTREND,SELL,20,20,66.67,0,0,0,0,0,0.0,False
2026-08-03 13:29:29,HEIUSDT,DOWNTREND,SELL,5,5,37.5,0,0,0,0,40,0.0,False
2026-08-03 13:29:29,KAITOUSDT,DOWNTREND,SELL,20,20,21.97,0,0,0,0,75,0.03,False
2026-08-03 13:29:29,SHELLUSDT,UPTREND,SELL,0,0,100,0,0,0,0,30,1.08,False
2026-08-03 13:29:29,REDUSDT,UPTREND,WAIT,45,45,60.0,0,0,0,0,0,2.41,False
2026-08-03 13:29:29,GPSUSDT,SIDEWAYS,WAIT,35,35,45.45,0,0,0,0,70,3.13,False
2026-08-03 13:29:29,EPICUSDT,UPTREND,BUY,100,100,69.5,0,0,0,0,100,2.83,False
2026-08-03 13:29:29,BMTUSDT,UPTREND,SELL,20,20,66.67,0,0,0,0,0,0.0,False
2026-08-03 13:29:29,FORMUSDT,UPTREND,SELL,25,25,68.0,0,0,0,0,20,0.0,False
2026-08-03 13:29:29,XUSDUSDT,SIDEWAYS,SELL,0,0,100,0,0,0,0,0,0.0,False
2026-08-03 13:29:29,NILUSDT,SIDEWAYS,SELL,25,25,52.7,0,0,0,0,75,0.05,False
2026-08-03 13:29:29,PARTIUSDT,UPTREND,SELL,0,0,100,0,0,0,0,0,0.0,False
2026-08-03 13:29:29,MUBARAKUSDT,SIDEWAYS,SELL,25,25,50.0,0,0,0,0,75,0.01,False
2026-08-03 13:29:29,TUTUSDT,UPTREND,WAIT,55,55,63.93,0,0,0,0,90,0.17,False
2026-08-03 13:29:29,BROCCOLI714USDT,DOWNTREND,SELL,25,25,38.46,0,0,0,0,90,2.24,False
2026-08-03 13:29:29,BANANAS31USDT,SIDEWAYS,SELL,0,0,45.16,0,0,0,0,45,0.02,False
2026-08-03 13:29:29,GUNUSDT,UPTREND,SELL,25,25,60.0,0,0,0,0,50,0.0,False
2026-08-03 13:29:29,BABYUSDT,UPTREND,SELL,25,25,58.33,0,0,0,0,75,0.04,False
2026-08-03 13:29:29,ONDOUSDT,DOWNTREND,WAIT,40,40,40.74,0,0,0,0,100,4.67,False
2026-08-03 13:29:29,BIGTIMEUSDT,UPTREND,SELL,20,20,66.67,0,0,0,0,0,0.0,False
2026-08-03 13:29:29,VIRTUALUSDT,SIDEWAYS,WAIT,70,70,48.48,0,0,0,0,90,2.98,False
2026-08-03 13:29:29,KERNELUSDT,UPTREND,SELL,0,0,100,0,0,0,0,0,0.0,False
2026-08-03 13:29:29,WCTUSDT,UPTREND,SELL,25,25,75.0,0,0,0,0,20,0.0,False
2026-08-03 13:29:29,HYPERUSDT,SIDEWAYS,SELL,25,25,46.15,0,0,0,0,90,0.28,False
2026-08-03 13:29:29,INITUSDT,UPTREND,SELL,0,0,100,0,0,0,0,0,0.0,False
2026-08-03 13:29:29,SIGNUSDT,UPTREND,SELL,10,10,75.0,0,0,0,0,20,0.0,False
2026-08-03 13:29:29,STOUSDT,UPTREND,WAIT,30,30,60.0,0,0,0,0,30,0.98,False
2026-08-03 13:29:29,SYRUPUSDT,UPTREND,SELL,25,25,61.54,0,0,0,0,20,0.0,False
2026-08-03 13:29:29,KMNOUSDT,DOWNTREND,SELL,0,0,25.0,0,0,0,0,0,0.0,False
2026-08-03 13:29:29,SXTUSDT,UPTREND,WAIT,35,35,75.0,0,0,0,0,30,1.61,False
2026-08-03 13:29:29,NXPCUSDT,DOWNTREND,SELL,0,0,44.44,0,0,0,0,0,0.0,False
2026-08-03 13:29:29,AWEUSDT,DOWNTREND,SELL,0,0,21.43,0,0,0,0,0,0.0,False
2026-08-03 13:29:29,HAEDALUSDT,UPTREND,SELL,20,20,70.0,0,0,0,0,0,0.0,False
2026-08-03 13:29:29,USD1USDT,DOWNTREND,SELL,0,0,44.44,0,0,0,0,90,0.17,False
2026-08-03 13:29:29,HUMAUSDT,SIDEWAYS,SELL,15,15,35.29,0,0,0,0,0,0.0,False
2026-08-03 13:29:29,AUSDT,UPTREND,WAIT,65,65,57.89,0,0,0,0,50,1.37,False
2026-08-03 13:29:29,SOPHUSDT,UPTREND,SELL,20,20,100,0,0,0,0,0,9.26,False
2026-08-03 13:29:29,RESOLVUSDT,UPTREND,WAIT,35,35,64.0,0,0,0,0,0,1.84,False
2026-08-03 13:29:29,HOMEUSDT,SIDEWAYS,WAIT,60,60,53.57,0,0,0,0,100,0.34,False
2026-08-03 13:29:29,SPKUSDT,SIDEWAYS,WAIT,55,55,50.0,0,0,0,0,90,0.96,False
2026-08-03 13:29:29,NEWTUSDT,UPTREND,SELL,0,0,66.67,0,0,0,0,10,0.18,False
2026-08-03 13:29:29,SAHARAUSDT,UPTREND,SELL,25,25,66.67,0,0,0,0,40,0.0,False
2026-08-03 13:29:29,LAUSDT,UPTREND,SELL,25,25,60.0,0,0,0,0,25,0.03,False
2026-08-03 13:29:29,ERAUSDT,UPTREND,SELL,25,25,70.0,0,0,0,0,75,0.04,False
2026-08-03 13:29:29,CUSDT,DOWNTREND,SELL,5,5,41.18,0,0,0,0,100,0.38,False
2026-08-03 13:29:29,TREEUSDT,UPTREND,SELL,25,25,60.0,0,0,0,0,0,0.0,False
2026-08-03 13:29:29,TOWNSUSDT,UPTREND,SELL,25,25,66.67,0,0,0,0,50,0.39,False
2026-08-03 13:29:29,PROVEUSDT,UPTREND,SELL,10,10,80.95,0,0,0,0,0,0.0,False
2026-08-03 13:29:29,BFUSDUSDT,DOWNTREND,SELL,0,0,0.0,0,0,0,0,0,0.0,False
2026-08-03 13:29:29,PLUMEUSDT,DOWNTREND,SELL,0,0,38.46,0,0,0,0,50,5.44,False
2026-08-03 13:29:29,DOLOUSDT,UPTREND,SELL,0,0,94.74,0,0,0,0,0,0.0,False
2026-08-03 13:29:29,MITOUSDT,SIDEWAYS,SELL,25,25,55.0,0,0,0,0,20,0.0,False
2026-08-03 13:29:29,WLFIUSDT,DOWNTREND,SELL,5,5,33.33,0,0,0,0,70,0.65,False
2026-08-03 13:29:29,SOMIUSDT,UPTREND,SELL,0,0,78.57,0,0,0,0,55,0.1,False
2026-08-03 13:29:29,OPENUSDT,UPTREND,SELL,25,25,57.14,0,0,0,0,40,0.0,False
2026-08-03 13:29:29,USDEUSDT,SIDEWAYS,SELL,20,20,50.0,0,0,0,0,0,0.0,False
2026-08-03 13:29:29,LINEAUSDT,SIDEWAYS,SELL,20,20,52.94,0,0,0,0,0,0.0,False
2026-08-03 13:29:29,HOLOUSDT,DOWNTREND,SELL,0,0,40.0,0,0,0,0,100,0.25,False
2026-08-03 13:29:29,PUMPUSDT,UPTREND,SELL,25,25,63.16,0,0,0,0,90,0.14,False
2026-08-03 13:29:29,AVNTUSDT,UPTREND,SELL,15,15,66.67,0,0,0,0,30,0.42,False
2026-08-03 13:29:29,ZKCUSDT,UPTREND,SELL,25,25,60.0,0,0,0,0,0,0.0,False
2026-08-03 13:29:29,SKYUSDT,DOWNTREND,SELL,0,0,33.33,0,0,0,0,25,0.08,False
2026-08-03 13:29:29,BARDUSDT,UPTREND,WAIT,35,35,64.29,0,0,0,0,30,0.67,False
2026-08-03 13:29:29,0GUSDT,SIDEWAYS,WAIT,30,30,33.33,0,0,0,0,0,0.72,False
2026-08-03 13:29:29,HEMIUSDT,SIDEWAYS,SELL,20,20,50.0,0,0,0,0,20,0.0,False
2026-08-03 13:29:29,XPLUSDT,UPTREND,BUY,90,90,56.76,0,0,0,0,100,2.23,False
2026-08-03 13:29:29,MIRAUSDT,UPTREND,SELL,25,25,55.56,0,0,0,0,75,0.01,False
2026-08-03 13:29:29,FFUSDT,DOWNTREND,WAIT,40,40,28.0,0,0,0,0,100,5.56,False
2026-08-03 13:29:29,EDENUSDT,UPTREND,SELL,25,25,61.11,0,0,0,0,90,0.13,False
2026-08-03 13:29:29,NOMUSDT,UPTREND,SELL,25,25,75.0,0,0,0,0,0,0.0,False
2026-08-03 13:29:29,2ZUSDT,UPTREND,SELL,10,10,91.89,0,0,0,0,0,0.0,False
2026-08-03 13:29:29,MORPHOUSDT,DOWNTREND,SELL,20,20,42.86,0,0,0,0,100,0.49,False
2026-08-03 13:29:29,ASTERUSDT,DOWNTREND,SELL,0,0,33.33,0,0,0,0,45,0.03,False
2026-08-03 13:29:29,WALUSDT,UPTREND,SELL,10,10,75.0,0,0,0,0,0,0.0,False
2026-08-03 13:29:29,EULUSDT,DOWNTREND,WAIT,40,40,25.32,0,0,0,0,100,0.53,False
2026-08-03 13:29:29,ENSOUSDT,UPTREND,WAIT,70,70,71.43,0,0,0,0,100,0.77,False
2026-08-03 13:29:29,YBUSDT,UPTREND,SELL,25,25,66.67,0,0,0,0,0,0.0,False
2026-08-03 13:29:29,ZBTUSDT,SIDEWAYS,WAIT,40,40,50.0,0,0,0,0,80,0.23,False
2026-08-03 13:29:29,TURTLEUSDT,UPTREND,SELL,0,0,100,0,0,0,0,0,0.0,False
2026-08-03 13:29:29,GIGGLEUSDT,DOWNTREND,SELL,25,25,37.65,0,0,0,0,90,0.13,False
2026-08-03 13:29:29,FUSDT,UPTREND,SELL,20,20,66.67,0,0,0,0,0,0.0,False
2026-08-03 13:29:29,KITEUSDT,UPTREND,WAIT,70,70,60.0,0,0,0,0,100,1.79,False
2026-08-03 13:29:29,MMTUSDT,DOWNTREND,SELL,0,0,40.0,0,0,0,0,50,0.0,False
2026-08-03 13:29:29,SAPIENUSDT,DOWNTREND,SELL,0,0,28.57,0,0,0,0,20,0.14,False
2026-08-03 13:29:29,ALLOUSDT,DOWNTREND,SELL,20,20,14.47,0,0,0,0,100,0.32,False
2026-08-03 13:29:29,BANKUSDT,SIDEWAYS,SELL,15,15,50.0,0,0,0,0,75,0.0,False
2026-08-03 13:29:29,METUSDT,DOWNTREND,SELL,0,0,42.86,0,0,0,0,0,0.0,False
2026-08-03 13:29:29,ATUSDT,UPTREND,SELL,0,0,100,0,0,0,0,50,1.87,False
2026-08-03 13:29:29,KGSTUSDT,UPTREND,SELL,10,10,100,0,0,0,0,30,2.0,False
2026-08-03 13:29:29,BREVUSDT,UPTREND,BUY,100,100,55.56,0,0,0,0,70,4.7,False
2026-08-03 13:29:29,币安人生USDT,DOWNTREND,SELL,25,25,34.94,0,0,0,0,75,0.08,False
2026-08-03 13:29:29,ZKPUSDT,SIDEWAYS,SELL,20,20,50.0,0,0,0,0,0,0.0,False
2026-08-03 13:29:29,UUSDT,DOWNTREND,SELL,0,0,40.0,0,0,0,0,90,0.23,False
2026-08-03 13:29:29,FRAXUSDT,UPTREND,SELL,10,10,86.11,0,0,0,0,20,0.0,False
2026-08-03 13:29:29,FOGOUSDT,SIDEWAYS,WAIT,30,30,46.67,0,0,0,0,50,5.32,False
2026-08-03 13:29:29,RLUSDUSDT,SIDEWAYS,SELL,25,25,50.0,0,0,0,0,0,0.02,False
2026-08-03 13:29:29,SENTUSDT,DOWNTREND,SELL,10,10,31.58,0,0,0,0,75,0.02,False
2026-08-03 13:29:29,ZAMAUSDT,UPTREND,BUY,80,80,62.79,0,0,0,0,100,0.41,False
2026-08-03 13:29:29,ESPUSDT,SIDEWAYS,WAIT,55,55,53.19,0,0,0,0,90,0.19,False
2026-08-03 13:29:29,MANTRAUSDT,SIDEWAYS,SELL,25,25,50.0,0,0,0,0,75,0.02,False
2026-08-03 13:29:29,ROBOUSDT,UPTREND,SELL,25,25,75.0,0,0,0,0,50,0.66,False
2026-08-03 13:29:29,OPNUSDT,UPTREND,SELL,20,20,66.67,0,0,0,0,20,0.0,False
2026-08-03 13:29:29,NIGHTUSDT,UPTREND,WAIT,55,55,60.0,0,0,0,0,90,0.17,False
2026-08-03 13:29:29,CFGUSDT,UPTREND,SELL,25,25,58.33,0,0,0,0,0,0.0,False
2026-08-03 13:29:29,KATUSDT,UPTREND,SELL,0,0,100,0,0,0,0,0,0.0,False
2026-08-03 13:29:29,XAUTUSDT,DOWNTREND,WAIT,40,40,25.25,0,0,0,0,100,0.56,False
2026-08-03 13:29:29,USDSUSDT,DOWNTREND,SELL,0,0,33.33,0,0,0,0,0,0.0,False
2026-08-03 13:29:29,CHIPUSDT,SIDEWAYS,SELL,20,20,54.55,0,0,0,0,25,0.09,False
2026-08-03 13:29:29,MEGAUSDT,UPTREND,SELL,25,25,57.14,0,0,0,0,80,0.12,False
2026-08-03 13:29:29,AIGENSYNUSDT,UPTREND,WAIT,55,55,64.71,0,0,0,0,70,0.83,False
2026-08-03 13:29:29,GENIUSUSDT,UPTREND,BUY,75,75,60.0,0,0,0,0,90,0.3,False
2026-08-03 13:29:29,OPGUSDT,UPTREND,SELL,25,25,60.0,0,0,0,0,0,0.03,False
2026-08-03 13:29:29,MUBUSDT,DOWNTREND,WAIT,30,30,42.61,0,0,0,0,100,1.52,False
2026-08-03 13:29:29,CRCLBUSDT,SIDEWAYS,SELL,25,25,54.2,0,0,0,0,50,0.0,False
2026-08-03 13:29:29,NVDABUSDT,DOWNTREND,WAIT,35,35,18.99,0,0,0,0,90,1.64,False
2026-08-03 13:29:29,SNDKBUSDT,DOWNTREND,SELL,20,20,36.71,0,0,0,0,100,0.64,False
2026-08-03 13:29:29,TSLABUSDT,DOWNTREND,SELL,0,0,21.93,0,0,0,0,90,0.2,False
2026-08-03 13:29:29,SPCXBUSDT,DOWNTREND,WAIT,40,40,41.18,0,0,0,0,100,1.55,False
2026-08-03 13:29:29,REUSDT,SIDEWAYS,SELL,15,15,50.0,0,0,0,0,75,0.04,False
2026-08-03 13:29:29,AMDBUSDT,DOWNTREND,SELL,0,0,35.2,0,0,0,0,55,0.42,False
2026-08-03 13:29:29,EWYBUSDT,SIDEWAYS,WAIT,50,50,52.58,0,0,0,0,70,3.95,False
2026-08-03 13:29:29,INTCBUSDT,DOWNTREND,WAIT,50,50,42.97,0,0,0,0,90,2.23,False
2026-08-03 13:29:29,MSTRBUSDT,DOWNTREND,WAIT,40,40,31.08,0,0,0,0,70,1.45,False
2026-08-03 13:29:29,LITEBUSDT,DOWNTREND,SELL,10,10,27.22,0,0,0,0,55,0.96,False
2026-08-03 13:29:29,METABUSDT,DOWNTREND,SELL,20,20,35.86,0,0,0,0,0,4.67,False
2026-08-03 13:29:30,MSFTBUSDT,UPTREND,WAIT,70,70,62.56,0,0,0,0,0,0.59,False
2026-08-03 13:29:30,PLTRBUSDT,SIDEWAYS,WAIT,80,80,54.93,0,0,0,0,50,2.2,False
2026-08-03 13:29:30,QQQBUSDT,DOWNTREND,SELL,15,15,20.49,0,0,0,0,70,0.67,False
2026-08-03 13:29:30,GRAMUSDT,DOWNTREND,WAIT,35,35,41.67,0,0,0,0,100,2.9,False
2026-08-03 13:29:30,CBRSBUSDT,DOWNTREND,SELL,15,15,7.46,0,0,0,0,0,6.94,False
2026-08-03 13:29:30,COINBUSDT,DOWNTREND,SELL,0,0,43.42,0,0,0,0,0,0.0,False
2026-08-03 13:29:30,DRAMBUSDT,SIDEWAYS,BUY,75,75,52.63,0,0,0,0,90,0.55,False
2026-08-03 13:29:30,GLWBUSDT,DOWNTREND,SELL,0,0,23.14,0,0,0,0,0,0.0,False
2026-08-03 13:29:30,GOOGLBUSDT,UPTREND,BUY,100,100,63.26,0,0,0,0,90,1.06,False
2026-08-03 13:29:30,NBISBUSDT,DOWNTREND,WAIT,30,30,35.62,0,0,0,0,100,0.66,False
2026-08-03 13:29:30,QCOMBUSDT,UPTREND,SELL,25,25,83.24,0,0,0,0,0,1.15,False
2026-08-03 13:29:30,SOXLBUSDT,DOWNTREND,WAIT,35,35,41.88,0,0,0,0,100,0.84,False
2026-08-03 13:29:30,SPYBUSDT,DOWNTREND,SELL,0,0,0.0,0,0,0,0,15,1.46,False
2026-08-03 13:29:30,WDCBUSDT,SIDEWAYS,SELL,25,25,56.29,0,0,0,0,25,0.11,False
2026-08-03 13:29:30,SKHYBUSDT,UPTREND,BUY,95,95,71.46,0,0,0,0,100,1.73,False
2026-08-03 13:29:30,AAOIBUSDT,DOWNTREND,SELL,0,0,17.71,0,0,0,0,0,0.0,False
2026-08-03 13:29:30,ARMBUSDT,DOWNTREND,SELL,10,10,34.62,0,0,0,0,5,0.0,False
2026-08-03 13:29:30,AVGOBUSDT,DOWNTREND,WAIT,30,30,31.14,0,0,0,0,0,13.95,False
2026-08-03 13:29:30,BABABUSDT,DOWNTREND,SELL,10,10,27.05,0,0,0,0,0,0.0,False
2026-08-03 13:29:30,HOODBUSDT,SIDEWAYS,SELL,0,0,46.15,0,0,0,0,0,0.04,False
2026-08-03 13:29:30,IBMBUSDT,DOWNTREND,SELL,0,0,0.0,0,0,0,0,0,0.0,False
2026-08-03 13:29:30,MRVLBUSDT,DOWNTREND,SELL,0,0,43.37,0,0,0,0,0,0.0,False
2026-08-03 13:29:30,NOKBUSDT,SIDEWAYS,SELL,5,5,53.85,0,0,0,0,0,0.0,False
2026-08-03 13:29:30,TSMBUSDT,UPTREND,SELL,25,25,70.03,0,0,0,0,0,0.0,False
2026-08-03 13:29:30,RKLBBUSDT,DOWNTREND,SELL,0,0,0.7,0,0,0,0,0,0.0,False
2026-08-03 13:29:30,AEROUSDT,UPTREND,SELL,25,25,66.1,0,0,0,0,20,0.0,False
2026-08-03 13:29:30,AXTIBUSDT,DOWNTREND,WAIT,55,55,42.93,0,0,0,0,90,3.5,False
2026-08-03 13:29:30,CRWVBUSDT,DOWNTREND,SELL,0,0,37.88,0,0,0,0,0,0.08,False
2026-08-03 13:29:30,INTWBUSDT,SIDEWAYS,SELL,25,25,53.12,0,0,0,0,0,0.0,False
2026-08-03 13:29:30,KORUBUSDT,SIDEWAYS,SELL,25,25,54.1,0,0,0,0,80,0.14,False
2026-08-03 13:29:30,MUUBUSDT,DOWNTREND,WAIT,35,35,42.0,0,0,0,0,90,0.9,False
2026-08-03 13:29:30,MVLLBUSDT,DOWNTREND,SELL,0,0,40.91,0,0,0,0,45,0.01,False
2026-08-03 13:29:30,ORCLBUSDT,DOWNTREND,SELL,5,5,25.42,0,0,0,0,70,0.27,False
2026-08-03 13:29:30,QNTBUSDT,UPTREND,SELL,25,25,80.95,0,0,0,0,0,0.0,False
2026-08-03 13:29:30,SNXXBUSDT,DOWNTREND,WAIT,40,40,36.0,0,0,0,0,100,1.97,False
2026-08-03 13:29:30,TQQQBUSDT,DOWNTREND,SELL,0,0,41.25,0,0,0,0,0,0.0,False
2026-08-03 13:29:30,AAPLBUSDT,DOWNTREND,SELL,0,0,15.44,0,0,0,0,0,0.0,False
2026-08-03 13:29:30,AMATBUSDT,UPTREND,WAIT,75,75,70.24,0,0,0,0,0,4.21,False
2026-08-03 13:29:30,AMZNBUSDT,UPTREND,WAIT,95,95,61.87,0,0,0,0,0,16.39,False
2026-08-03 13:29:30,BEBUSDT,UPTREND,SELL,25,25,67.35,0,0,0,0,0,0.0,False
2026-08-03 13:29:30,DELLBUSDT,UPTREND,SELL,25,25,85.71,0,0,0,0,0,0.0,False
2026-08-03 13:29:30,FLNCBUSDT,DOWNTREND,SELL,0,0,14.08,0,0,0,0,0,1.74,False
2026-08-03 13:29:30,GSBUSDT,SIDEWAYS,SELL,0,0,100,0,0,0,0,0,0.0,False
2026-08-03 13:29:30,PYPLBUSDT,SIDEWAYS,SELL,25,25,51.16,0,0,0,0,0,0.0,False
2026-08-03 13:29:30,SMHBUSDT,UPTREND,SELL,0,0,100,0,0,0,0,0,0.0,False
2026-08-03 13:29:30,SOXSBUSDT,UPTREND,SELL,25,25,73.03,0,0,0,0,20,0.0,False
2026-08-03 13:30:30,BTCUSDT,DOWNTREND,SELL,25,41.57
2026-08-03 13:30:47,BTCUSDT,DOWNTREND,WAIT,40,40,42.84,0,0,0,0,100,3.03,False
2026-08-03 13:30:47,ETHUSDT,DOWNTREND,WAIT,40,40,44.46,0,0,0,0,100,1.79,False
2026-08-03 13:30:47,BNBUSDT,DOWNTREND,WAIT,40,40,40.21,0,0,0,0,100,1.43,False
2026-08-03 13:30:47,NEOUSDT,UPTREND,SELL,15,15,76.47,0,0,0,0,0,0.0,False
2026-08-03 13:30:47,LTCUSDT,UPTREND,BUY,95,95,55.56,0,0,0,0,100,1.46,False
2026-08-03 13:30:47,QTUMUSDT,SIDEWAYS,SELL,25,25,50.0,0,0,0,0,0,0.0,False
2026-08-03 13:30:47,ADAUSDT,SIDEWAYS,WAIT,60,60,48.28,0,0,0,0,100,1.52,False
2026-08-03 13:30:47,XRPUSDT,UPTREND,BUY,75,75,57.29,0,0,0,0,100,0.82,False
2026-08-03 13:30:47,TUSDUSDT,DOWNTREND,SELL,0,0,0.0,0,0,0,0,0,0.0,False
2026-08-03 13:30:47,IOTAUSDT,DOWNTREND,SELL,0,0,25.0,0,0,0,0,50,1.91,False
2026-08-03 13:30:47,XLMUSDT,DOWNTREND,SELL,25,25,40.0,0,0,0,0,100,1.39,False
2026-08-03 13:30:47,ONTUSDT,UPTREND,SELL,0,0,76.09,0,0,0,0,0,0.0,False
2026-08-03 13:30:47,TRXUSDT,DOWNTREND,SELL,0,0,40.0,0,0,0,0,100,0.46,False
2026-08-03 13:30:47,ETCUSDT,SIDEWAYS,BUY,95,95,50.0,0,0,0,0,90,2.9,False
2026-08-03 13:30:47,ICXUSDT,UPTREND,SELL,20,20,66.67,0,0,0,0,0,0.0,False
2026-08-03 13:30:47,VETUSDT,UPTREND,SELL,20,20,68.0,0,0,0,0,0,0.0,False
2026-08-03 13:30:47,USDCUSDT,DOWNTREND,SELL,0,0,38.46,0,0,0,0,100,0.44,False
2026-08-03 13:30:47,LINKUSDT,UPTREND,BUY,95,95,59.65,0,0,0,0,100,1.37,False
2026-08-03 13:30:47,ONGUSDT,UPTREND,SELL,0,0,93.55,0,0,0,0,0,0.0,False
2026-08-03 13:30:47,HOTUSDT,SIDEWAYS,WAIT,40,40,50.0,0,0,0,0,0,3.4,False
2026-08-03 13:30:47,ZILUSDT,SIDEWAYS,SELL,10,10,47.83,0,0,0,0,25,0.05,False
2026-08-03 13:30:47,ZRXUSDT,SIDEWAYS,SELL,0,0,50.0,0,0,0,0,0,0.24,False
2026-08-03 13:30:47,FETUSDT,SIDEWAYS,WAIT,70,70,54.55,0,0,0,0,100,1.61,False
2026-08-03 13:30:47,BATUSDT,UPTREND,SELL,0,0,83.33,0,0,0,0,0,0.0,False
2026-08-03 13:30:47,ZECUSDT,SIDEWAYS,WAIT,30,30,48.0,0,0,0,0,100,0.81,False
2026-08-03 13:30:47,IOSTUSDT,SIDEWAYS,SELL,0,0,50.0,0,0,0,0,0,0.0,False
2026-08-03 13:30:47,CELRUSDT,UPTREND,WAIT,35,35,61.9,0,0,0,0,90,0.24,False
2026-08-03 13:30:47,DASHUSDT,DOWNTREND,WAIT,50,50,43.75,0,0,0,0,90,2.24,False
2026-08-03 13:30:47,THETAUSDT,UPTREND,SELL,0,0,81.82,0,0,0,0,0,0.0,False
2026-08-03 13:30:47,ENJUSDT,DOWNTREND,SELL,0,0,42.67,0,0,0,0,80,0.24,False
2026-08-03 13:30:47,ATOMUSDT,UPTREND,SELL,25,25,77.78,0,0,0,0,90,0.27,False
2026-08-03 13:30:47,TFUELUSDT,UPTREND,SELL,0,0,90.91,0,0,0,0,0,0.45,False
2026-08-03 13:30:47,ONEUSDT,SIDEWAYS,SELL,0,0,50.0,0,0,0,0,0,1.21,False
2026-08-03 13:30:47,ALGOUSDT,DOWNTREND,SELL,15,15,30.0,0,0,0,0,100,0.44,False
2026-08-03 13:30:47,DOGEUSDT,SIDEWAYS,BUY,80,80,54.17,0,0,0,0,100,2.8,False
2026-08-03 13:30:47,DUSKUSDT,DOWNTREND,SELL,0,0,43.75,0,0,0,0,0,0.0,False
2026-08-03 13:30:47,ANKRUSDT,UPTREND,SELL,0,0,100,0,0,0,0,0,3.76,False
2026-08-03 13:30:47,WINUSDT,UPTREND,SELL,25,25,72.86,0,0,0,0,40,0.0,False
2026-08-03 13:30:47,MTLUSDT,SIDEWAYS,SELL,0,0,50.0,0,0,0,0,40,0.18,False
2026-08-03 13:30:47,CVCUSDT,UPTREND,WAIT,45,45,100,0,0,0,0,70,3.65,False
2026-08-03 13:30:47,CHZUSDT,UPTREND,SELL,25,25,60.0,0,0,0,0,60,0.14,False
2026-08-03 13:30:47,BANDUSDT,SIDEWAYS,SELL,15,15,54.55,0,0,0,0,0,0.46,False
2026-08-03 13:30:47,XTZUSDT,UPTREND,WAIT,35,35,56.25,0,0,0,0,30,0.76,False
2026-08-03 13:30:47,RVNUSDT,SIDEWAYS,SELL,20,20,50.0,0,0,0,0,0,0.0,False
2026-08-03 13:30:47,HBARUSDT,DOWNTREND,SELL,25,25,31.25,0,0,0,0,90,1.82,False
2026-08-03 13:30:47,STXUSDT,UPTREND,WAIT,50,50,66.67,0,0,0,0,0,21.43,False
2026-08-03 13:30:47,KAVAUSDT,UPTREND,SELL,20,20,70.0,0,0,0,0,0,0.0,False
2026-08-03 13:30:47,ARPAUSDT,UPTREND,SELL,0,0,100,0,0,0,0,0,0.0,False
2026-08-03 13:30:47,IOTXUSDT,UPTREND,SELL,0,0,100,0,0,0,0,0,0.0,False
2026-08-03 13:30:47,RLCUSDT,SIDEWAYS,WAIT,55,55,42.86,0,0,0,0,70,1.45,False
2026-08-03 13:30:47,BCHUSDT,DOWNTREND,WAIT,65,65,33.33,0,0,0,0,90,6.51,False
2026-08-03 13:30:47,FTTUSDT,UPTREND,SELL,25,25,61.11,0,0,0,0,45,0.07,False
2026-08-03 13:30:47,EURUSDT,SIDEWAYS,SELL,25,25,50.0,0,0,0,0,90,0.12,False
2026-08-03 13:30:47,OGNUSDT,UPTREND,SELL,0,0,81.25,0,0,0,0,0,0.0,False
2026-08-03 13:30:47,LSKUSDT,UPTREND,SELL,20,20,66.67,0,0,0,0,0,0.0,False
2026-08-03 13:30:47,BNTUSDT,UPTREND,SELL,0,0,100,0,0,0,0,0,0.0,False
2026-08-03 13:30:47,MBLUSDT,UPTREND,WAIT,70,70,63.16,0,0,0,0,100,0.4,False
2026-08-03 13:30:47,COTIUSDT,UPTREND,WAIT,55,55,58.82,0,0,0,0,90,0.21,False
2026-08-03 13:30:47,SOLUSDT,SIDEWAYS,BUY,80,80,52.31,0,0,0,0,100,1.17,False
2026-08-03 13:30:47,CTSIUSDT,UPTREND,SELL,0,0,90.0,0,0,0,0,0,0.0,False
2026-08-03 13:30:47,HIVEUSDT,UPTREND,SELL,10,10,75.0,0,0,0,0,5,0.06,False
2026-08-03 13:30:47,CHRUSDT,UPTREND,SELL,25,25,58.82,0,0,0,0,0,0.0,False
2026-08-03 13:30:47,KNCUSDT,UPTREND,SELL,0,0,83.33,0,0,0,0,0,0.0,False
2026-08-03 13:30:47,COMPUSDT,UPTREND,WAIT,75,75,75.0,0,0,0,0,30,5.38,False
2026-08-03 13:30:47,SCUSDT,UPTREND,SELL,0,0,100,0,0,0,0,0,0.25,False
2026-08-03 13:30:47,ZENUSDT,DOWNTREND,WAIT,40,40,38.78,0,0,0,0,90,1.26,False
2026-08-03 13:30:47,SNXUSDT,UPTREND,SELL,0,0,100,0,0,0,0,0,0.0,False
2026-08-03 13:30:47,VTHOUSDT,UPTREND,SELL,0,0,100,0,0,0,0,0,0.57,False
2026-08-03 13:30:47,DGBUSDT,UPTREND,SELL,0,0,83.33,0,0,0,0,0,0.0,False
2026-08-03 13:30:47,DCRUSDT,UPTREND,WAIT,75,75,75.0,0,0,0,0,20,6.47,False
2026-08-03 13:30:47,STORJUSDT,SIDEWAYS,SELL,0,0,57.14,0,0,0,0,40,0.0,False
2026-08-03 13:30:47,MANAUSDT,UPTREND,SELL,25,25,62.5,0,0,0,0,0,0.12,False
2026-08-03 13:30:47,YFIUSDT,UPTREND,WAIT,80,80,63.64,0,0,0,0,0,1.37,False
2026-08-03 13:30:47,JSTUSDT,DOWNTREND,SELL,20,20,33.33,0,0,0,0,90,0.14,False
2026-08-03 13:30:47,CRVUSDT,SIDEWAYS,WAIT,30,30,53.85,0,0,0,0,50,0.85,False
2026-08-03 13:30:47,SANDUSDT,SIDEWAYS,SELL,15,15,43.75,0,0,0,0,80,0.15,False
2026-08-03 13:30:47,NMRUSDT,UPTREND,SELL,25,25,66.67,0,0,0,0,0,0.0,False
2026-08-03 13:30:47,DOTUSDT,UPTREND,BUY,75,75,57.14,0,0,0,0,100,0.45,False
2026-08-03 13:30:47,LUNAUSDT,SIDEWAYS,WAIT,35,35,50.0,0,0,0,0,0,2.71,False
2026-08-03 13:30:47,RSRUSDT,SIDEWAYS,WAIT,35,35,53.85,0,0,0,0,0,2.13,False
2026-08-03 13:30:47,PAXGUSDT,DOWNTREND,WAIT,50,50,35.92,0,0,0,0,80,0.99,False
2026-08-03 13:30:47,TRBUSDT,DOWNTREND,SELL,10,10,30.0,0,0,0,0,0,0.1,False
2026-08-03 13:30:47,SUSHIUSDT,UPTREND,WAIT,60,60,56.0,0,0,0,0,0,14.2,False
2026-08-03 13:30:47,KSMUSDT,SIDEWAYS,SELL,5,5,50.0,0,0,0,0,45,0.02,False
2026-08-03 13:30:47,EGLDUSDT,UPTREND,SELL,25,25,66.67,0,0,0,0,0,0.11,False
2026-08-03 13:30:47,DIAUSDT,DOWNTREND,SELL,25,25,25.0,0,0,0,0,90,0.12,False
2026-08-03 13:30:47,RUNEUSDT,SIDEWAYS,SELL,25,25,50.0,0,0,0,0,0,0.0,False
2026-08-03 13:30:47,UMAUSDT,UPTREND,WAIT,50,50,66.67,0,0,0,0,0,3.01,False
2026-08-03 13:30:47,BELUSDT,SIDEWAYS,SELL,20,20,46.15,0,0,0,0,20,0.12,False
2026-08-03 13:30:47,UNIUSDT,DOWNTREND,SELL,20,20,37.5,0,0,0,0,100,0.33,False
2026-08-03 13:30:47,SUNUSDT,SIDEWAYS,SELL,0,0,100,0,0,0,0,0,0.0,False
2026-08-03 13:30:47,AVAXUSDT,UPTREND,BUY,100,100,62.39,0,0,0,0,100,2.57,False
2026-08-03 13:30:47,XVSUSDT,DOWNTREND,SELL,15,15,0.0,0,0,0,0,80,1.74,False
2026-08-03 13:30:47,AAVEUSDT,SIDEWAYS,BUY,95,95,50.0,0,0,0,0,100,2.14,False
2026-08-03 13:30:47,NEARUSDT,SIDEWAYS,BUY,95,95,52.94,0,0,0,0,100,2.23,False
2026-08-03 13:30:47,FILUSDT,SIDEWAYS,BUY,85,85,54.0,0,0,0,0,100,8.64,False
2026-08-03 13:30:47,INJUSDT,SIDEWAYS,BUY,85,85,54.0,0,0,0,0,90,1.27,False
2026-08-03 13:30:47,AUDIOUSDT,SIDEWAYS,WAIT,30,30,42.86,0,0,0,0,20,2.73,False
2026-08-03 13:30:47,CTKUSDT,UPTREND,SELL,0,0,100,0,0,0,0,0,0.0,False
2026-08-03 13:30:47,AXSUSDT,SIDEWAYS,WAIT,35,35,50.0,0,0,0,0,50,1.29,False
2026-08-03 13:30:47,STRAXUSDT,UPTREND,SELL,25,25,57.14,0,0,0,0,0,0.0,False
2026-08-03 13:30:47,ROSEUSDT,DOWNTREND,SELL,0,0,33.33,0,0,0,0,0,0.0,False
2026-08-03 13:30:47,AVAUSDT,DOWNTREND,SELL,0,0,22.22,0,0,0,0,0,0.0,False
2026-08-03 13:30:47,SKLUSDT,UPTREND,WAIT,60,60,60.0,0,0,0,0,70,0.39,False
2026-08-03 13:30:47,GRTUSDT,UPTREND,WAIT,60,60,57.89,0,0,0,0,100,0.75,False
2026-08-03 13:30:47,JUVUSDT,UPTREND,SELL,10,10,100,0,0,0,0,20,0.0,False
2026-08-03 13:30:47,PSGUSDT,UPTREND,SELL,25,25,60.0,0,0,0,0,0,0.0,False
2026-08-03 13:30:47,1INCHUSDT,SIDEWAYS,SELL,0,0,57.14,0,0,0,0,0,0.0,False
2026-08-03 13:30:47,OGUSDT,SIDEWAYS,SELL,25,25,50.0,0,0,0,0,0,0.0,False
2026-08-03 13:30:47,ATMUSDT,UPTREND,SELL,25,25,69.23,0,0,0,0,20,0.0,False
2026-08-03 13:30:47,ASRUSDT,UPTREND,WAIT,55,55,60.0,0,0,0,0,0,2.58,False
2026-08-03 13:30:47,CELOUSDT,SIDEWAYS,SELL,20,20,53.62,0,0,0,0,0,0.0,False
2026-08-03 13:30:47,RIFUSDT,SIDEWAYS,BUY,80,80,54.55,0,0,0,0,100,2.18,False
2026-08-03 13:30:47,CKBUSDT,UPTREND,SELL,10,10,71.43,0,0,0,0,0,0.0,False
2026-08-03 13:30:47,TWTUSDT,UPTREND,SELL,25,25,58.82,0,0,0,0,0,0.37,False
2026-08-03 13:30:47,SFPUSDT,UPTREND,SELL,25,25,72.73,0,0,0,0,30,1.25,False
2026-08-03 13:30:47,DODOUSDT,DOWNTREND,SELL,5,5,33.33,0,0,0,0,0,0.0,False
2026-08-03 13:30:47,CAKEUSDT,DOWNTREND,SELL,25,25,41.67,0,0,0,0,70,2.5,False
2026-08-03 13:30:47,ACMUSDT,UPTREND,SELL,25,25,60.0,0,0,0,0,0,0.0,False
2026-08-03 13:30:47,ALICEUSDT,UPTREND,SELL,0,0,100,0,0,0,0,0,0.0,False
2026-08-03 13:30:47,SUPERUSDT,UPTREND,SELL,20,20,66.67,0,0,0,0,0,0.0,False
2026-08-03 13:30:47,CFXUSDT,SIDEWAYS,WAIT,50,50,47.37,0,0,0,0,90,1.87,False
2026-08-03 13:30:47,TKOUSDT,UPTREND,SELL,10,10,75.0,0,0,0,0,60,0.16,False
2026-08-03 13:30:47,PUNDIXUSDT,UPTREND,SELL,0,0,83.33,0,0,0,0,0,0.0,False
2026-08-03 13:30:47,TLMUSDT,UPTREND,WAIT,60,60,66.67,0,0,0,0,100,0.46,False
2026-08-03 13:30:47,BARUSDT,SIDEWAYS,SELL,0,0,50.0,0,0,0,0,0,0.15,False
2026-08-03 13:30:47,SLPUSDT,UPTREND,SELL,25,25,57.14,0,0,0,0,0,0.0,False
2026-08-03 13:30:47,SHIBUSDT,UPTREND,WAIT,85,85,60.0,0,0,0,0,100,4.66,False
2026-08-03 13:30:47,ICPUSDT,DOWNTREND,WAIT,60,60,30.43,0,0,0,0,90,2.1,False
2026-08-03 13:30:47,ARUSDT,SIDEWAYS,BUY,80,80,40.0,0,0,0,0,90,1.66,False
2026-08-03 13:30:47,MASKUSDT,UPTREND,WAIT,40,40,75.0,0,0,0,0,0,4.41,False
2026-08-03 13:30:47,LPTUSDT,UPTREND,SELL,25,25,66.67,0,0,0,0,80,0.13,False
2026-08-03 13:30:47,XVGUSDT,SIDEWAYS,SELL,20,20,50.0,0,0,0,0,0,0.0,False
2026-08-03 13:30:47,GTCUSDT,SIDEWAYS,SELL,25,25,54.69,0,0,0,0,65,0.08,False
2026-08-03 13:30:47,PHAUSDT,SIDEWAYS,WAIT,40,40,50.0,0,0,0,0,50,4.34,False
2026-08-03 13:30:47,DEXEUSDT,SIDEWAYS,WAIT,40,40,61.97,0,0,0,0,90,0.16,False
2026-08-03 13:30:47,C98USDT,UPTREND,SELL,25,25,66.18,0,0,0,0,50,0.43,False
2026-08-03 13:30:47,QNTUSDT,SIDEWAYS,BUY,85,85,40.82,0,0,0,0,70,8.2,False
2026-08-03 13:30:47,FLOWUSDT,SIDEWAYS,SELL,20,20,52.38,0,0,0,0,80,0.16,False
2026-08-03 13:30:47,MINAUSDT,UPTREND,SELL,25,25,66.67,0,0,0,0,0,0.0,False
2026-08-03 13:30:47,RAYUSDT,SIDEWAYS,SELL,0,0,47.95,0,0,0,0,55,0.03,False
2026-08-03 13:30:47,QUICKUSDT,SIDEWAYS,SELL,0,0,100,0,0,0,0,0,0.0,False
2026-08-03 13:30:47,REQUSDT,UPTREND,SELL,25,25,57.14,0,0,0,0,0,0.0,False
2026-08-03 13:30:47,WAXPUSDT,UPTREND,SELL,25,25,59.09,0,0,0,0,75,0.08,False
2026-08-03 13:30:47,GNOUSDT,UPTREND,SELL,25,25,100,0,0,0,0,0,0.0,False
2026-08-03 13:30:47,XECUSDT,DOWNTREND,SELL,0,0,40.0,0,0,0,0,0,0.0,False
2026-08-03 13:30:47,DYDXUSDT,UPTREND,WAIT,50,50,67.96,0,0,0,0,0,4.7,False
2026-08-03 13:30:47,USDPUSDT,SIDEWAYS,SELL,0,0,100,0,0,0,0,0,0.0,False
2026-08-03 13:30:47,GALAUSDT,UPTREND,SELL,0,0,78.57,0,0,0,0,40,0.2,False
2026-08-03 13:30:47,ILVUSDT,SIDEWAYS,WAIT,50,50,50.0,0,0,0,0,30,1.32,False
2026-08-03 13:30:47,YGGUSDT,UPTREND,SELL,25,25,62.96,0,0,0,0,30,0.55,False
2026-08-03 13:30:47,FIDAUSDT,UPTREND,SELL,25,25,57.89,0,0,0,0,25,0.04,False
2026-08-03 13:30:47,AGLDUSDT,SIDEWAYS,SELL,20,20,46.67,0,0,0,0,0,0.0,False
2026-08-03 13:30:47,RADUSDT,SIDEWAYS,SELL,0,0,50.0,0,0,0,0,60,0.17,False
2026-08-03 13:30:47,RAREUSDT,UPTREND,WAIT,60,60,65.71,0,0,0,0,50,3.67,False
2026-08-03 13:30:47,LAZIOUSDT,SIDEWAYS,SELL,25,25,50.0,0,0,0,0,30,0.0,False
2026-08-03 13:30:47,ADXUSDT,UPTREND,SELL,5,5,100,0,0,0,0,70,0.87,False
2026-08-03 13:30:47,AUCTIONUSDT,UPTREND,SELL,25,25,65.22,0,0,0,0,25,0.06,False
2026-08-03 13:30:47,MOVRUSDT,UPTREND,SELL,10,10,100,0,0,0,0,0,12.29,False
2026-08-03 13:30:47,CITYUSDT,UPTREND,SELL,25,25,66.67,0,0,0,0,0,0.0,False
2026-08-03 13:30:47,ENSUSDT,SIDEWAYS,WAIT,65,65,50.0,0,0,0,0,0,5.78,False
2026-08-03 13:30:47,QIUSDT,UPTREND,SELL,10,10,66.67,0,0,0,0,60,0.24,False
2026-08-03 13:30:47,PORTOUSDT,SIDEWAYS,WAIT,45,45,50.0,0,0,0,0,80,0.31,False
2026-08-03 13:30:47,POWRUSDT,UPTREND,SELL,0,0,100,0,0,0,0,0,0.0,False
2026-08-03 13:30:47,JASMYUSDT,UPTREND,SELL,20,20,66.67,0,0,0,0,0,0.0,False
2026-08-03 13:30:47,AMPUSDT,UPTREND,SELL,25,25,60.0,0,0,0,0,0,0.0,False
2026-08-03 13:30:47,PYRUSDT,SIDEWAYS,WAIT,70,70,20.0,0,0,0,0,100,2.22,False
2026-08-03 13:30:47,SANTOSUSDT,SIDEWAYS,WAIT,35,35,50.0,0,0,0,0,0,1.26,False
2026-08-03 13:30:47,BICOUSDT,UPTREND,BUY,80,80,73.74,0,0,0,0,100,1.38,False
2026-08-03 13:30:47,FLUXUSDT,UPTREND,SELL,10,10,75.0,0,0,0,0,0,0.0,False
2026-08-03 13:30:47,CVXUSDT,UPTREND,SELL,25,25,66.67,0,0,0,0,0,0.0,False
2026-08-03 13:30:47,PEOPLEUSDT,DOWNTREND,SELL,15,15,26.32,0,0,0,0,90,0.78,False
2026-08-03 13:30:47,SPELLUSDT,UPTREND,SELL,25,25,75.0,0,0,0,0,0,0.0,False
2026-08-03 13:30:47,JOEUSDT,UPTREND,SELL,25,25,66.67,0,0,0,0,70,0.13,False
2026-08-03 13:30:47,ACHUSDT,SIDEWAYS,SELL,15,15,42.86,0,0,0,0,0,0.0,False
2026-08-03 13:30:47,IMXUSDT,UPTREND,SELL,25,25,71.43,0,0,0,0,0,1.44,False
2026-08-03 13:30:47,GLMRUSDT,UPTREND,SELL,25,25,72.41,0,0,0,0,20,0.0,False
2026-08-03 13:30:47,SCRTUSDT,UPTREND,SELL,25,25,66.67,0,0,0,0,40,0.0,False
2026-08-03 13:30:47,API3USDT,UPTREND,SELL,0,0,81.82,0,0,0,0,50,0.96,False
2026-08-03 13:30:47,BTTCUSDT,UPTREND,WAIT,90,90,66.67,0,0,0,0,80,8.0,False
2026-08-03 13:30:47,XNOUSDT,SIDEWAYS,SELL,0,0,50.0,0,0,0,0,0,0.0,False
2026-08-03 13:30:47,WOOUSDT,UPTREND,SELL,0,0,60.0,0,0,0,0,0,0.21,False
2026-08-03 13:30:47,ALPINEUSDT,UPTREND,SELL,0,0,100,0,0,0,0,0,0.0,False
2026-08-03 13:30:47,TUSDT,SIDEWAYS,SELL,0,0,50.0,0,0,0,0,20,0.0,False
2026-08-03 13:30:47,ASTRUSDT,UPTREND,SELL,20,20,66.67,0,0,0,0,0,1.12,False
2026-08-03 13:30:47,GMTUSDT,SIDEWAYS,SELL,25,25,37.5,0,0,0,0,80,0.1,False
2026-08-03 13:30:47,APEUSDT,UPTREND,SELL,25,25,57.14,0,0,0,0,0,0.0,False
2026-08-03 13:30:47,STEEMUSDT,UPTREND,WAIT,50,50,63.83,0,0,0,0,30,3.64,False
2026-08-03 13:30:47,NEXOUSDT,DOWNTREND,SELL,0,0,37.5,0,0,0,0,40,0.0,False
2026-08-03 13:30:47,LDOUSDT,DOWNTREND,WAIT,35,35,38.71,0,0,0,0,90,2.2,False
2026-08-03 13:30:47,OPUSDT,DOWNTREND,WAIT,50,50,33.33,0,0,0,0,90,7.76,False
2026-08-03 13:30:47,STGUSDT,UPTREND,SELL,25,25,58.33,0,0,0,0,0,0.0,False
2026-08-03 13:30:47,LUNCUSDT,UPTREND,WAIT,70,70,55.56,0,0,0,0,100,1.47,False
2026-08-03 13:30:47,GMXUSDT,DOWNTREND,SELL,5,5,40.0,0,0,0,0,90,0.24,False
2026-08-03 13:30:47,POLYXUSDT,UPTREND,SELL,0,0,100,0,0,0,0,0,0.0,False
2026-08-03 13:30:47,APTUSDT,UPTREND,BUY,85,85,62.5,0,0,0,0,70,4.85,False
2026-08-03 13:30:47,OSMOUSDT,UPTREND,WAIT,45,45,60.0,0,0,0,0,20,0.64,False
2026-08-03 13:30:47,HFTUSDT,UPTREND,BUY,90,90,65.0,0,0,0,0,100,2.12,False
2026-08-03 13:30:47,MAGICUSDT,UPTREND,SELL,25,25,66.67,0,0,0,0,0,0.0,False
2026-08-03 13:30:47,RPLUSDT,SIDEWAYS,SELL,25,25,50.0,0,0,0,0,0,0.0,False
2026-08-03 13:30:47,GNSUSDT,UPTREND,WAIT,55,55,66.67,0,0,0,0,0,1.7,False
2026-08-03 13:30:47,SYNUSDT,DOWNTREND,WAIT,35,35,27.06,0,0,0,0,100,1.4,False
2026-08-03 13:30:47,SSVUSDT,SIDEWAYS,SELL,25,25,44.44,0,0,0,0,0,0.0,False
2026-08-03 13:30:47,LQTYUSDT,UPTREND,WAIT,45,45,68.18,0,0,0,0,50,2.79,False
2026-08-03 13:30:47,USTCUSDT,UPTREND,SELL,10,10,75.0,0,0,0,0,0,0.0,False
2026-08-03 13:30:47,GASUSDT,UPTREND,SELL,25,25,65.0,0,0,0,0,20,0.13,False
2026-08-03 13:30:47,GLMUSDT,UPTREND,SELL,10,10,90.0,0,0,0,0,0,0.0,False
2026-08-03 13:30:47,PROMUSDT,DOWNTREND,WAIT,60,60,29.55,0,0,0,0,90,2.6,False
2026-08-03 13:30:47,QKCUSDT,UPTREND,SELL,25,25,64.71,0,0,0,0,0,0.0,False
2026-08-03 13:30:47,IDUSDT,SIDEWAYS,SELL,20,20,50.0,0,0,0,0,0,0.0,False
2026-08-03 13:30:47,ARBUSDT,DOWNTREND,WAIT,50,50,28.57,0,0,0,0,90,3.07,False
2026-08-03 13:30:47,WBTCUSDT,DOWNTREND,SELL,5,5,44.03,0,0,0,0,0,3.03,False
2026-08-03 13:30:47,EDUUSDT,DOWNTREND,SELL,0,0,27.27,0,0,0,0,90,0.17,False
2026-08-03 13:30:47,SUIUSDT,SIDEWAYS,BUY,85,85,50.0,0,0,0,0,100,3.61,False
2026-08-03 13:30:47,PEPEUSDT,UPTREND,SELL,25,25,60.0,0,0,0,0,75,0.02,False
2026-08-03 13:30:47,FLOKIUSDT,UPTREND,SELL,25,25,58.82,0,0,0,0,80,0.14,False
2026-08-03 13:30:47,MAVUSDT,UPTREND,WAIT,30,30,75.0,0,0,0,0,0,9.9,False
2026-08-03 13:30:47,PENDLEUSDT,DOWNTREND,WAIT,40,40,40.0,0,0,0,0,90,1.87,False
2026-08-03 13:30:47,ARKMUSDT,UPTREND,WAIT,35,35,66.67,0,0,0,0,50,2.36,False
2026-08-03 13:30:47,WBETHUSDT,SIDEWAYS,WAIT,55,55,48.65,0,0,0,0,10,14.74,False
2026-08-03 13:30:47,WLDUSDT,UPTREND,BUY,85,85,65.31,0,0,0,0,100,5.45,False
2026-08-03 13:30:47,FDUSDUSDT,SIDEWAYS,WAIT,35,35,50.0,0,0,0,0,90,3.89,False
2026-08-03 13:30:47,SEIUSDT,UPTREND,WAIT,70,70,55.88,0,0,0,0,90,1.24,False
2026-08-03 13:30:47,CYBERUSDT,UPTREND,SELL,0,0,100,0,0,0,0,0,0.0,False
2026-08-03 13:30:47,ARKUSDT,UPTREND,SELL,0,0,100,0,0,0,0,0,20.73,False
2026-08-03 13:30:47,IQUSDT,UPTREND,SELL,0,0,100,0,0,0,0,0,0.0,False
2026-08-03 13:30:47,TIAUSDT,UPTREND,BUY,100,100,64.0,0,0,0,0,100,4.05,False
2026-08-03 13:30:47,MEMEUSDT,UPTREND,WAIT,30,30,60.0,0,0,0,0,50,1.04,False
2026-08-03 13:30:47,ORDIUSDT,UPTREND,BUY,95,95,57.69,0,0,0,0,100,1.96,False
2026-08-03 13:30:47,BEAMXUSDT,UPTREND,WAIT,50,50,60.0,0,0,0,0,50,4.01,False
2026-08-03 13:30:47,PIVXUSDT,DOWNTREND,SELL,10,10,42.11,0,0,0,0,75,0.01,False
2026-08-03 13:30:47,VICUSDT,UPTREND,BUY,100,100,68.29,0,0,0,0,100,3.16,False
2026-08-03 13:30:47,BLURUSDT,UPTREND,SELL,25,25,69.23,0,0,0,0,0,1.28,False
2026-08-03 13:30:47,VANRYUSDT,SIDEWAYS,WAIT,35,35,42.41,0,0,0,0,100,0.46,False
2026-08-03 13:30:47,JTOUSDT,UPTREND,BUY,75,75,61.54,0,0,0,0,90,1.05,False
2026-08-03 13:30:47,1000SATSUSDT,SIDEWAYS,SELL,15,15,46.67,0,0,0,0,90,0.29,False
2026-08-03 13:30:47,BONKUSDT,UPTREND,SELL,0,0,57.14,0,0,0,0,50,0.26,False
2026-08-03 13:30:47,ACEUSDT,SIDEWAYS,WAIT,55,55,52.63,0,0,0,0,100,0.28,False
2026-08-03 13:30:47,AIUSDT,SIDEWAYS,WAIT,70,70,50.0,0,0,0,0,80,4.02,False
2026-08-03 13:30:47,XAIUSDT,UPTREND,SELL,15,15,66.67,0,0,0,0,50,0.68,False
2026-08-03 13:30:47,MANTAUSDT,DOWNTREND,WAIT,40,40,34.15,0,0,0,0,70,4.42,False
2026-08-03 13:30:47,ALTUSDT,SIDEWAYS,WAIT,35,35,42.86,0,0,0,0,20,38.79,False
2026-08-03 13:30:47,JUPUSDT,SIDEWAYS,WAIT,45,45,50.0,0,0,0,0,50,2.24,False
2026-08-03 13:30:47,PYTHUSDT,SIDEWAYS,SELL,15,15,47.73,0,0,0,0,70,6.15,False
2026-08-03 13:30:47,RONINUSDT,SIDEWAYS,SELL,20,20,50.0,0,0,0,0,0,0.0,False
2026-08-03 13:30:47,DYMUSDT,UPTREND,WAIT,30,30,73.91,0,0,0,0,30,5.66,False
2026-08-03 13:30:47,PIXELUSDT,SIDEWAYS,SELL,0,0,50.0,0,0,0,0,20,0.15,False
2026-08-03 13:30:47,STRKUSDT,UPTREND,WAIT,50,50,63.33,0,0,0,0,100,0.49,False
2026-08-03 13:30:47,PORTALUSDT,UPTREND,WAIT,35,35,70.59,0,0,0,0,90,0.24,False
2026-08-03 13:30:47,AXLUSDT,UPTREND,WAIT,40,40,66.67,0,0,0,0,0,33.08,False
2026-08-03 13:30:47,WIFUSDT,UPTREND,BUY,85,85,65.0,0,0,0,0,70,16.61,False
2026-08-03 13:30:47,METISUSDT,SIDEWAYS,SELL,5,5,50.0,0,0,0,0,50,1.06,False
2026-08-03 13:30:47,AEVOUSDT,UPTREND,WAIT,60,60,56.76,0,0,0,0,90,0.69,False
2026-08-03 13:30:47,BOMEUSDT,DOWNTREND,SELL,15,15,42.73,0,0,0,0,100,1.25,False
2026-08-03 13:30:47,ETHFIUSDT,UPTREND,BUY,80,80,56.0,0,0,0,0,100,1.52,False
2026-08-03 13:30:47,ENAUSDT,SIDEWAYS,BUY,75,75,46.15,0,0,0,0,100,3.27,False
2026-08-03 13:30:47,WUSDT,UPTREND,SELL,25,25,57.14,0,0,0,0,0,0.0,False
2026-08-03 13:30:47,TNSRUSDT,UPTREND,SELL,20,20,66.67,0,0,0,0,0,0.0,False
2026-08-03 13:30:47,SAGAUSDT,SIDEWAYS,SELL,25,25,55.0,0,0,0,0,65,0.09,False
2026-08-03 13:30:47,TAOUSDT,DOWNTREND,WAIT,55,55,42.86,0,0,0,0,100,11.99,False
2026-08-03 13:30:47,REZUSDT,SIDEWAYS,SELL,0,0,50.0,0,0,0,0,20,0.0,False
2026-08-03 13:30:47,BBUSDT,UPTREND,WAIT,80,80,60.53,0,0,0,0,80,14.98,False
2026-08-03 13:30:47,NOTUSDT,UPTREND,SELL,10,10,75.0,0,0,0,0,0,0.8,False
2026-08-03 13:30:47,IOUSDT,UPTREND,SELL,25,25,66.67,0,0,0,0,30,0.58,False
2026-08-03 13:30:47,ZKUSDT,UPTREND,WAIT,30,30,63.64,0,0,0,0,50,1.13,False
2026-08-03 13:30:48,LISTAUSDT,UPTREND,SELL,0,0,100,0,0,0,0,0,0.0,False
2026-08-03 13:30:48,ZROUSDT,SIDEWAYS,SELL,0,0,54.55,0,0,0,0,50,0.78,False
2026-08-03 13:30:48,GUSDT,UPTREND,SELL,15,15,100,0,0,0,0,30,2.6,False
2026-08-03 13:30:48,BANANAUSDT,SIDEWAYS,SELL,25,25,47.06,0,0,0,0,45,0.08,False
2026-08-03 13:30:48,RENDERUSDT,SIDEWAYS,SELL,0,0,46.15,0,0,0,0,70,0.56,False
2026-08-03 13:30:48,DOGSUSDT,UPTREND,SELL,20,20,70.0,0,0,0,0,40,0.0,False
2026-08-03 13:30:48,EURIUSDT,UPTREND,SELL,25,25,58.33,0,0,0,0,45,0.05,False
2026-08-03 13:30:48,POLUSDT,DOWNTREND,SELL,10,10,29.17,0,0,0,0,75,0.05,False
2026-08-03 13:30:48,NEIROUSDT,UPTREND,SELL,25,25,68.18,0,0,0,0,90,0.13,False
2026-08-03 13:30:48,TURBOUSDT,UPTREND,SELL,0,0,57.14,0,0,0,0,0,0.23,False
2026-08-03 13:30:48,1MBABYDOGEUSDT,DOWNTREND,SELL,0,0,44.83,0,0,0,0,0,0.18,False
2026-08-03 13:30:48,CATIUSDT,SIDEWAYS,SELL,10,10,47.06,0,0,0,0,45,0.04,False
2026-08-03 13:30:48,HMSTRUSDT,SIDEWAYS,WAIT,80,80,30.0,0,0,0,0,90,3.26,False
2026-08-03 13:30:48,EIGENUSDT,UPTREND,WAIT,65,65,63.64,0,0,0,0,70,1.04,False
2026-08-03 13:30:48,SCRUSDT,UPTREND,WAIT,40,40,60.87,0,0,0,0,70,0.32,False
2026-08-03 13:30:48,BNSOLUSDT,UPTREND,SELL,25,25,66.67,0,0,0,0,0,0.0,False
2026-08-03 13:30:48,LUMIAUSDT,UPTREND,SELL,20,20,66.67,0,0,0,0,25,0.02,False
2026-08-03 13:30:48,KAIAUSDT,UPTREND,SELL,0,0,66.67,0,0,0,0,0,0.21,False
2026-08-03 13:30:48,COWUSDT,SIDEWAYS,SELL,25,25,30.0,0,0,0,0,0,0.0,False
2026-08-03 13:30:48,CETUSUSDT,SIDEWAYS,SELL,5,5,53.33,0,0,0,0,0,0.46,False
2026-08-03 13:30:48,PNUTUSDT,UPTREND,SELL,10,10,75.0,0,0,0,0,25,0.05,False
2026-08-03 13:30:48,ACTUSDT,UPTREND,SELL,0,0,77.78,0,0,0,0,20,0.24,False
2026-08-03 13:30:48,USUALUSDT,UPTREND,SELL,0,0,70.59,0,0,0,0,60,0.25,False
2026-08-03 13:30:48,THEUSDT,UPTREND,SELL,0,0,100,0,0,0,0,0,0.0,False
2026-08-03 13:30:48,ACXUSDT,UPTREND,WAIT,45,45,62.55,0,0,0,0,90,0.19,False
2026-08-03 13:30:48,ORCAUSDT,UPTREND,WAIT,50,50,66.67,0,0,0,0,0,3.24,False
2026-08-03 13:30:48,MOVEUSDT,SIDEWAYS,SELL,0,0,100,0,0,0,0,75,0.08,False
2026-08-03 13:30:48,MEUSDT,SIDEWAYS,SELL,20,20,54.84,0,0,0,0,20,0.0,False
2026-08-03 13:30:48,VELODROMEUSDT,UPTREND,WAIT,50,50,58.97,0,0,0,0,50,3.08,False
2026-08-03 13:30:48,VANAUSDT,DOWNTREND,SELL,0,0,42.86,0,0,0,0,0,0.0,False
2026-08-03 13:30:48,1000CATUSDT,DOWNTREND,SELL,0,0,0.0,0,0,0,0,0,0.0,False
2026-08-03 13:30:48,PENGUUSDT,SIDEWAYS,SELL,5,5,47.5,0,0,0,0,100,1.12,False
2026-08-03 13:30:48,BIOUSDT,UPTREND,WAIT,50,50,55.56,0,0,0,0,70,0.53,False
2026-08-03 13:30:48,AIXBTUSDT,UPTREND,SELL,20,20,66.67,0,0,0,0,0,0.0,False
2026-08-03 13:30:48,CGPTUSDT,UPTREND,SELL,20,20,70.0,0,0,0,0,50,1.05,False
2026-08-03 13:30:48,COOKIEUSDT,UPTREND,SELL,0,0,100,0,0,0,0,0,0.0,False
2026-08-03 13:30:48,SUSDT,DOWNTREND,SELL,10,10,39.39,0,0,0,0,90,0.13,False
2026-08-03 13:30:48,SOLVUSDT,UPTREND,SELL,0,0,100,0,0,0,0,0,0.0,False
2026-08-03 13:30:48,TRUMPUSDT,UPTREND,BUY,90,90,61.9,0,0,0,0,100,0.94,False
2026-08-03 13:30:48,ANIMEUSDT,UPTREND,SELL,0,0,100,0,0,0,0,0,0.0,False
2026-08-03 13:30:48,BERAUSDT,SIDEWAYS,WAIT,50,50,51.85,0,0,0,0,70,0.63,False
2026-08-03 13:30:48,1000CHEEMSUSDT,SIDEWAYS,WAIT,40,40,50.0,0,0,0,0,100,1.73,False
2026-08-03 13:30:48,TSTUSDT,SIDEWAYS,SELL,25,25,51.85,0,0,0,0,45,0.06,False
2026-08-03 13:30:48,LAYERUSDT,UPTREND,SELL,20,20,66.67,0,0,0,0,0,0.0,False
2026-08-03 13:30:48,HEIUSDT,DOWNTREND,SELL,5,5,37.5,0,0,0,0,65,0.05,False
2026-08-03 13:30:48,KAITOUSDT,DOWNTREND,WAIT,30,30,24.7,0,0,0,0,100,0.91,False
2026-08-03 13:30:48,SHELLUSDT,UPTREND,SELL,0,0,100,0,0,0,0,0,0.0,False
2026-08-03 13:30:48,REDUSDT,UPTREND,WAIT,40,40,66.67,0,0,0,0,0,6.14,False
2026-08-03 13:30:48,GPSUSDT,SIDEWAYS,WAIT,30,30,62.5,0,0,0,0,70,0.53,False
2026-08-03 13:30:48,EPICUSDT,UPTREND,WAIT,65,65,78.7,0,0,0,0,100,0.53,False
2026-08-03 13:30:48,BMTUSDT,UPTREND,SELL,5,5,66.67,0,0,0,0,50,0.48,False
2026-08-03 13:30:48,FORMUSDT,UPTREND,WAIT,30,30,55.17,0,0,0,0,60,0.23,False
2026-08-03 13:30:48,XUSDUSDT,SIDEWAYS,SELL,0,0,100,0,0,0,0,0,0.0,False
2026-08-03 13:30:48,NILUSDT,SIDEWAYS,WAIT,60,60,54.55,0,0,0,0,100,0.37,False
2026-08-03 13:30:48,PARTIUSDT,UPTREND,SELL,20,20,100,0,0,0,0,0,13.62,False
2026-08-03 13:30:48,MUBARAKUSDT,SIDEWAYS,WAIT,50,50,47.06,0,0,0,0,100,0.39,False
2026-08-03 13:30:48,TUTUSDT,UPTREND,WAIT,70,70,59.68,0,0,0,0,100,0.44,False
2026-08-03 13:30:48,BROCCOLI714USDT,DOWNTREND,SELL,0,0,40.74,0,0,0,0,90,0.43,False
2026-08-03 13:30:48,BANANAS31USDT,DOWNTREND,SELL,0,0,38.1,0,0,0,0,45,0.03,False
2026-08-03 13:30:48,GUNUSDT,SIDEWAYS,WAIT,60,60,50.0,0,0,0,0,100,1.66,False
2026-08-03 13:30:48,BABYUSDT,SIDEWAYS,WAIT,50,50,50.0,0,0,0,0,100,0.73,False
2026-08-03 13:30:48,ONDOUSDT,DOWNTREND,SELL,15,15,40.0,0,0,0,0,100,0.72,False
2026-08-03 13:30:48,BIGTIMEUSDT,UPTREND,SELL,20,20,70.0,0,0,0,0,30,0.91,False
2026-08-03 13:30:48,VIRTUALUSDT,SIDEWAYS,WAIT,30,30,48.44,0,0,0,0,90,2.04,False
2026-08-03 13:30:48,KERNELUSDT,UPTREND,WAIT,35,35,75.0,0,0,0,0,0,1.79,False
2026-08-03 13:30:48,WCTUSDT,UPTREND,WAIT,60,60,72.55,0,0,0,0,70,1.95,False
2026-08-03 13:30:48,HYPERUSDT,SIDEWAYS,WAIT,30,30,50.0,0,0,0,0,80,0.17,False
2026-08-03 13:30:48,INITUSDT,UPTREND,SELL,0,0,100,0,0,0,0,0,0.0,False
2026-08-03 13:30:48,SIGNUSDT,SIDEWAYS,WAIT,30,30,50.0,0,0,0,0,70,0.31,False
2026-08-03 13:30:48,STOUSDT,UPTREND,SELL,25,25,60.0,0,0,0,0,0,0.0,False
2026-08-03 13:30:48,SYRUPUSDT,UPTREND,SELL,25,25,61.54,0,0,0,0,45,0.02,False
2026-08-03 13:30:48,KMNOUSDT,DOWNTREND,SELL,0,0,25.0,0,0,0,0,0,0.0,False
2026-08-03 13:30:48,SXTUSDT,UPTREND,WAIT,35,35,75.0,0,0,0,0,30,1.46,False
2026-08-03 13:30:48,NXPCUSDT,DOWNTREND,SELL,0,0,40.0,0,0,0,0,25,0.09,False
2026-08-03 13:30:48,AWEUSDT,DOWNTREND,SELL,0,0,23.08,0,0,0,0,0,0.0,False
2026-08-03 13:30:48,HAEDALUSDT,UPTREND,SELL,20,20,70.0,0,0,0,0,0,0.0,False
2026-08-03 13:30:48,USD1USDT,SIDEWAYS,SELL,10,10,50.0,0,0,0,0,100,0.56,False
2026-08-03 13:30:48,HUMAUSDT,UPTREND,WAIT,50,50,71.43,0,0,0,0,50,12.11,False
2026-08-03 13:30:48,AUSDT,UPTREND,SELL,25,25,57.89,0,0,0,0,0,0.0,False
2026-08-03 13:30:48,SOPHUSDT,UPTREND,SELL,0,0,100,0,0,0,0,0,0.97,False
2026-08-03 13:30:48,RESOLVUSDT,UPTREND,SELL,25,25,64.0,0,0,0,0,0,0.0,False
2026-08-03 13:30:48,HOMEUSDT,UPTREND,WAIT,85,85,56.67,0,0,0,0,100,1.07,False
2026-08-03 13:30:48,SPKUSDT,SIDEWAYS,SELL,10,10,49.25,0,0,0,0,80,0.17,False
2026-08-03 13:30:48,NEWTUSDT,UPTREND,SELL,25,25,66.67,0,0,0,0,0,0.0,False
2026-08-03 13:30:48,SAHARAUSDT,UPTREND,SELL,20,20,66.67,0,0,0,0,80,0.25,False
2026-08-03 13:30:48,LAUSDT,SIDEWAYS,SELL,25,25,33.33,0,0,0,0,25,0.04,False
2026-08-03 13:30:48,ERAUSDT,UPTREND,SELL,25,25,66.67,0,0,0,0,75,0.01,False
2026-08-03 13:30:48,CUSDT,DOWNTREND,WAIT,35,35,44.44,0,0,0,0,100,0.79,False
2026-08-03 13:30:48,TREEUSDT,UPTREND,WAIT,50,50,60.0,0,0,0,0,30,5.68,False
2026-08-03 13:30:48,TOWNSUSDT,UPTREND,SELL,20,20,66.67,0,0,0,0,0,0.0,False
2026-08-03 13:30:48,PROVEUSDT,UPTREND,SELL,5,5,77.27,0,0,0,0,30,0.38,False
2026-08-03 13:30:48,BFUSDUSDT,DOWNTREND,SELL,0,0,0.0,0,0,0,0,0,0.0,False
2026-08-03 13:30:48,PLUMEUSDT,DOWNTREND,SELL,0,0,36.0,0,0,0,0,50,0.65,False
2026-08-03 13:30:48,DOLOUSDT,UPTREND,SELL,0,0,92.31,0,0,0,0,0,12.06,False
2026-08-03 13:30:48,MITOUSDT,SIDEWAYS,WAIT,55,55,37.5,0,0,0,0,70,2.84,False
2026-08-03 13:30:48,WLFIUSDT,DOWNTREND,SELL,15,15,33.33,0,0,0,0,70,1.55,False
2026-08-03 13:30:48,SOMIUSDT,UPTREND,SELL,0,0,76.92,0,0,0,0,70,0.15,False
2026-08-03 13:30:48,OPENUSDT,UPTREND,BUY,95,95,62.26,0,0,0,0,90,9.14,False
2026-08-03 13:30:48,USDEUSDT,SIDEWAYS,SELL,0,0,50.0,0,0,0,0,0,0.0,False
2026-08-03 13:30:48,LINEAUSDT,SIDEWAYS,SELL,10,10,45.0,0,0,0,0,0,0.04,False
2026-08-03 13:30:48,HOLOUSDT,DOWNTREND,SELL,0,0,30.0,0,0,0,0,40,0.0,False
2026-08-03 13:30:48,PUMPUSDT,UPTREND,WAIT,60,60,58.82,0,0,0,0,100,0.64,False
2026-08-03 13:30:48,AVNTUSDT,UPTREND,SELL,25,25,66.67,0,0,0,0,0,0.0,False
2026-08-03 13:30:48,ZKCUSDT,UPTREND,SELL,25,25,60.0,0,0,0,0,0,0.0,False
2026-08-03 13:30:48,SKYUSDT,DOWNTREND,SELL,0,0,32.69,0,0,0,0,50,1.4,False
2026-08-03 13:30:48,BARDUSDT,UPTREND,WAIT,35,35,56.25,0,0,0,0,30,0.65,False
2026-08-03 13:30:48,0GUSDT,SIDEWAYS,SELL,25,25,33.33,0,0,0,0,0,0.0,False
2026-08-03 13:30:48,HEMIUSDT,UPTREND,SELL,0,0,100,0,0,0,0,20,0.0,False
2026-08-03 13:30:48,XPLUSDT,SIDEWAYS,WAIT,60,60,49.57,0,0,0,0,100,1.39,False
2026-08-03 13:30:48,MIRAUSDT,UPTREND,WAIT,65,65,55.56,0,0,0,0,90,0.24,False
2026-08-03 13:30:48,FFUSDT,DOWNTREND,SELL,15,15,25.45,0,0,0,0,100,0.66,False
2026-08-03 13:30:48,EDENUSDT,UPTREND,SELL,25,25,56.86,0,0,0,0,75,0.05,False
2026-08-03 13:30:48,NOMUSDT,UPTREND,SELL,25,25,75.0,0,0,0,0,0,0.0,False
2026-08-03 13:30:48,2ZUSDT,UPTREND,SELL,5,5,91.67,0,0,0,0,0,0.58,False
2026-08-03 13:30:48,MORPHOUSDT,DOWNTREND,SELL,20,20,40.0,0,0,0,0,100,0.43,False
2026-08-03 13:30:48,ASTERUSDT,DOWNTREND,SELL,0,0,40.0,0,0,0,0,20,0.0,False
2026-08-03 13:30:48,WALUSDT,UPTREND,SELL,10,10,75.0,0,0,0,0,0,0.0,False
2026-08-03 13:30:48,EULUSDT,DOWNTREND,WAIT,40,40,29.17,0,0,0,0,100,0.67,False
2026-08-03 13:30:48,ENSOUSDT,UPTREND,BUY,80,80,62.5,0,0,0,0,100,0.44,False
2026-08-03 13:30:48,YBUSDT,UPTREND,WAIT,50,50,66.67,0,0,0,0,0,3.14,False
2026-08-03 13:30:48,ZBTUSDT,UPTREND,WAIT,60,60,75.0,0,0,0,0,90,0.58,False
2026-08-03 13:30:48,TURTLEUSDT,UPTREND,SELL,0,0,100,0,0,0,0,0,0.0,False
2026-08-03 13:30:48,GIGGLEUSDT,DOWNTREND,WAIT,60,60,41.56,0,0,0,0,100,1.45,False
2026-08-03 13:30:48,FUSDT,UPTREND,SELL,20,20,66.67,0,0,0,0,0,0.0,False
2026-08-03 13:30:48,KITEUSDT,UPTREND,WAIT,40,40,80.0,0,0,0,0,100,0.62,False
2026-08-03 13:30:48,MMTUSDT,DOWNTREND,SELL,10,10,40.0,0,0,0,0,75,0.08,False
2026-08-03 13:30:48,SAPIENUSDT,DOWNTREND,SELL,0,0,44.44,0,0,0,0,30,0.38,False
2026-08-03 13:30:48,ALLOUSDT,DOWNTREND,SELL,5,5,15.07,0,0,0,0,100,0.27,False
2026-08-03 13:30:48,BANKUSDT,SIDEWAYS,SELL,20,20,50.0,0,0,0,0,100,0.57,False
2026-08-03 13:30:48,METUSDT,SIDEWAYS,SELL,0,0,56.25,0,0,0,0,0,0.0,False
2026-08-03 13:30:48,ATUSDT,UPTREND,SELL,0,0,100,0,0,0,0,0,0.0,False
2026-08-03 13:30:48,KGSTUSDT,UPTREND,SELL,0,0,100,0,0,0,0,0,0.0,False
2026-08-03 13:30:48,BREVUSDT,UPTREND,SELL,25,25,55.56,0,0,0,0,20,0.0,False
2026-08-03 13:30:48,币安人生USDT,DOWNTREND,SELL,0,0,38.27,0,0,0,0,100,0.27,False
2026-08-03 13:30:48,ZKPUSDT,UPTREND,SELL,20,20,66.67,0,0,0,0,0,0.0,False
2026-08-03 13:30:48,UUSDT,DOWNTREND,SELL,20,20,40.0,0,0,0,0,75,0.05,False
2026-08-03 13:30:48,FRAXUSDT,UPTREND,SELL,0,0,88.89,0,0,0,0,60,0.16,False
2026-08-03 13:30:48,FOGOUSDT,DOWNTREND,SELL,0,0,43.75,0,0,0,0,50,0.49,False
2026-08-03 13:30:48,RLUSDUSDT,SIDEWAYS,SELL,25,25,50.0,0,0,0,0,5,0.0,False
2026-08-03 13:30:48,SENTUSDT,DOWNTREND,SELL,5,5,33.33,0,0,0,0,100,0.36,False
2026-08-03 13:30:48,ZAMAUSDT,UPTREND,BUY,85,85,65.52,0,0,0,0,100,0.91,False
2026-08-03 13:30:48,ESPUSDT,SIDEWAYS,SELL,25,25,53.76,0,0,0,0,75,0.09,False
2026-08-03 13:30:48,MANTRAUSDT,SIDEWAYS,WAIT,50,50,42.86,0,0,0,0,100,0.8,False
2026-08-03 13:30:48,ROBOUSDT,UPTREND,SELL,25,25,76.92,0,0,0,0,50,2.03,False
2026-08-03 13:30:48,OPNUSDT,UPTREND,WAIT,50,50,66.67,0,0,0,0,70,1.36,False
2026-08-03 13:30:48,NIGHTUSDT,UPTREND,WAIT,70,70,61.9,0,0,0,0,100,1.46,False
2026-08-03 13:30:48,CFGUSDT,SIDEWAYS,SELL,25,25,50.0,0,0,0,0,30,0.51,False
2026-08-03 13:30:48,KATUSDT,UPTREND,SELL,0,0,100,0,0,0,0,0,0.0,False
2026-08-03 13:30:48,XAUTUSDT,DOWNTREND,WAIT,65,65,26.02,0,0,0,0,100,0.85,False
2026-08-03 13:30:48,USDSUSDT,SIDEWAYS,SELL,0,0,50.0,0,0,0,0,0,0.0,False
2026-08-03 13:30:48,CHIPUSDT,SIDEWAYS,SELL,0,0,43.48,0,0,0,0,50,0.4,False
2026-08-03 13:30:48,MEGAUSDT,UPTREND,WAIT,65,65,57.14,0,0,0,0,90,0.85,False
2026-08-03 13:30:48,AIGENSYNUSDT,UPTREND,WAIT,60,60,62.5,0,0,0,0,70,1.64,False
2026-08-03 13:30:48,GENIUSUSDT,UPTREND,BUY,95,95,66.43,0,0,0,0,90,2.11,False
2026-08-03 13:30:48,OPGUSDT,SIDEWAYS,SELL,25,25,54.55,0,0,0,0,20,0.59,False
2026-08-03 13:30:48,MUBUSDT,DOWNTREND,WAIT,55,55,29.28,0,0,0,0,100,18.91,False
2026-08-03 13:30:48,CRCLBUSDT,DOWNTREND,WAIT,55,55,40.0,0,0,0,0,100,34.82,False
2026-08-03 13:30:48,NVDABUSDT,SIDEWAYS,WAIT,50,50,45.57,0,0,0,0,90,6.97,False
2026-08-03 13:30:48,SNDKBUSDT,DOWNTREND,WAIT,35,35,22.8,0,0,0,0,100,18.66,False
2026-08-03 13:30:48,TSLABUSDT,SIDEWAYS,WAIT,50,50,47.78,0,0,0,0,100,3.8,False
2026-08-03 13:30:48,SPCXBUSDT,DOWNTREND,WAIT,65,65,26.75,0,0,0,0,100,42.49,False
2026-08-03 13:30:48,REUSDT,DOWNTREND,SELL,5,5,42.5,0,0,0,0,100,0.3,False
2026-08-03 13:30:48,AMDBUSDT,DOWNTREND,WAIT,40,40,24.3,0,0,0,0,70,55.81,False
2026-08-03 13:30:48,EWYBUSDT,DOWNTREND,WAIT,45,45,39.76,0,0,0,0,70,18.93,False
2026-08-03 13:30:48,INTCBUSDT,DOWNTREND,WAIT,50,50,17.38,0,0,0,0,90,51.49,False
2026-08-03 13:30:48,MSTRBUSDT,DOWNTREND,WAIT,40,40,17.83,0,0,0,0,70,28.93,False
2026-08-03 13:30:48,LITEBUSDT,DOWNTREND,SELL,5,5,14.4,0,0,0,0,55,20.61,False
2026-08-03 13:30:48,METABUSDT,SIDEWAYS,SELL,15,15,47.93,0,0,0,0,0,23.63,False
2026-08-03 13:30:48,MSFTBUSDT,UPTREND,WAIT,55,55,76.09,0,0,0,0,15,90.6,False
2026-08-03 13:30:48,PLTRBUSDT,DOWNTREND,WAIT,30,30,28.85,0,0,0,0,50,212.13,False
2026-08-03 13:30:48,QQQBUSDT,DOWNTREND,WAIT,40,40,20.81,0,0,0,0,70,7.41,False
2026-08-03 13:30:48,GRAMUSDT,DOWNTREND,WAIT,40,40,40.0,0,0,0,0,100,3.87,False
2026-08-03 13:30:48,CBRSBUSDT,DOWNTREND,SELL,15,15,3.66,0,0,0,0,0,304.17,False
2026-08-03 13:30:48,COINBUSDT,DOWNTREND,WAIT,30,30,31.39,0,0,0,0,50,125.1,False
2026-08-03 13:30:48,DRAMBUSDT,DOWNTREND,WAIT,65,65,32.67,0,0,0,0,90,37.37,False
2026-08-03 13:30:48,GLWBUSDT,DOWNTREND,SELL,15,15,22.3,0,0,0,0,0,12.49,False
2026-08-03 13:30:48,GOOGLBUSDT,UPTREND,BUY,100,100,61.07,0,0,0,0,90,12.43,False
2026-08-03 13:30:48,NBISBUSDT,DOWNTREND,WAIT,50,50,20.88,0,0,0,0,100,29.72,False
2026-08-03 13:30:48,QCOMBUSDT,UPTREND,WAIT,55,55,76.17,0,0,0,0,0,111.74,False
2026-08-03 13:30:48,SOXLBUSDT,DOWNTREND,WAIT,65,65,33.27,0,0,0,0,100,7.63,False
2026-08-03 13:30:48,SPYBUSDT,DOWNTREND,SELL,20,20,40.43,0,0,0,0,15,15.49,False
2026-08-03 13:30:48,WDCBUSDT,DOWNTREND,SELL,20,20,38.07,0,0,0,0,35,10.89,False
2026-08-03 13:30:48,SKHYBUSDT,SIDEWAYS,BUY,95,95,40.94,0,0,0,0,100,13.22,False
2026-08-03 13:30:48,AAOIBUSDT,DOWNTREND,SELL,15,15,23.79,0,0,0,0,0,15.83,False
2026-08-03 13:30:48,ARMBUSDT,DOWNTREND,WAIT,50,50,11.07,0,0,0,0,90,123.36,False
2026-08-03 13:30:48,AVGOBUSDT,DOWNTREND,WAIT,30,30,34.5,0,0,0,0,0,22.62,False
2026-08-03 13:30:48,BABABUSDT,SIDEWAYS,SELL,15,15,46.46,0,0,0,0,0,8.88,False
2026-08-03 13:30:48,HOODBUSDT,DOWNTREND,SELL,20,20,40.63,0,0,0,0,30,86.27,False
2026-08-03 13:30:48,IBMBUSDT,DOWNTREND,SELL,15,15,0.0,0,0,0,0,0,134.61,False
2026-08-03 13:30:48,MRVLBUSDT,DOWNTREND,WAIT,55,55,32.06,0,0,0,0,70,5.72,False
2026-08-03 13:30:48,NOKBUSDT,DOWNTREND,WAIT,30,30,25.93,0,0,0,0,0,44.84,False
2026-08-03 13:30:48,TSMBUSDT,SIDEWAYS,WAIT,60,60,43.32,0,0,0,0,0,8.58,False
2026-08-03 13:30:48,RKLBBUSDT,DOWNTREND,SELL,15,15,12.73,0,0,0,0,0,36.04,False
2026-08-03 13:30:48,AEROUSDT,UPTREND,BUY,85,85,65.0,0,0,0,0,70,6.35,False
2026-08-03 13:30:48,AXTIBUSDT,DOWNTREND,WAIT,50,50,17.05,0,0,0,0,90,58.39,False
2026-08-03 13:30:48,CRWVBUSDT,DOWNTREND,SELL,20,20,41.44,0,0,0,0,0,18.64,False
2026-08-03 13:30:48,INTWBUSDT,DOWNTREND,SELL,15,15,8.05,0,0,0,0,20,122.94,False
2026-08-03 13:30:48,KORUBUSDT,DOWNTREND,WAIT,65,65,33.7,0,0,0,0,90,26.09,False
2026-08-03 13:30:48,MUUBUSDT,DOWNTREND,WAIT,65,65,29.95,0,0,0,0,90,17.75,False
2026-08-03 13:30:48,MVLLBUSDT,DOWNTREND,WAIT,55,55,27.27,0,0,0,0,70,5.22,False
2026-08-03 13:30:48,ORCLBUSDT,DOWNTREND,SELL,20,20,36.22,0,0,0,0,70,0.77,False
2026-08-03 13:30:48,QNTBUSDT,DOWNTREND,SELL,15,15,20.36,0,0,0,0,0,27.27,False
2026-08-03 13:30:48,SNXXBUSDT,DOWNTREND,WAIT,50,50,21.95,0,0,0,0,100,32.53,False
2026-08-03 13:30:48,TQQQBUSDT,DOWNTREND,SELL,15,15,17.28,0,0,0,0,0,34.17,False
2026-08-03 13:30:48,AAPLBUSDT,DOWNTREND,SELL,20,20,40.41,0,0,0,0,0,19.52,False
2026-08-03 13:30:48,AMATBUSDT,UPTREND,WAIT,45,45,80.26,0,0,0,0,0,125.54,False
2026-08-03 13:30:48,AMZNBUSDT,UPTREND,WAIT,75,75,70.45,0,0,0,0,0,50.3,False
2026-08-03 13:30:48,BEBUSDT,DOWNTREND,WAIT,30,30,34.95,0,0,0,0,0,141.69,False
2026-08-03 13:30:48,DELLBUSDT,UPTREND,SELL,25,25,85.71,0,0,0,0,0,0.0,False
2026-08-03 13:30:48,FLNCBUSDT,DOWNTREND,SELL,15,15,12.2,0,0,0,0,0,82.58,False
2026-08-03 13:30:48,GSBUSDT,SIDEWAYS,SELL,0,0,100,0,0,0,0,0,0.0,False
2026-08-03 13:30:48,PYPLBUSDT,UPTREND,WAIT,95,95,57.8,0,0,0,0,0,119.28,False
2026-08-03 13:30:48,SMHBUSDT,UPTREND,SELL,0,0,100,0,0,0,0,0,0.0,False
2026-08-03 13:30:48,SOXSBUSDT,UPTREND,BUY,100,100,55.68,0,0,0,0,90,56.93,False
2026-08-03 13:31:46,BTCUSDT,DOWNTREND,WAIT,45,28.01
2026-08-03 13:31:46,ETHUSDT,DOWNTREND,WAIT,35,30.82
2026-08-03 13:31:46,BNBUSDT,DOWNTREND,WAIT,60,30.26
2026-08-03 13:32:09,BTCUSDT,DOWNTREND,WAIT,50,50,27.79,0,0,0,0,100,4.98,False
2026-08-03 13:32:09,ETHUSDT,DOWNTREND,WAIT,55,55,30.44,0,0,0,0,100,3.64,False
2026-08-03 13:32:09,BNBUSDT,DOWNTREND,WAIT,65,65,29.98,0,0,0,0,100,3.08,False
2026-08-03 13:32:09,NEOUSDT,SIDEWAYS,SELL,20,20,46.67,0,0,0,0,0,0.49,False
2026-08-03 13:32:09,LTCUSDT,DOWNTREND,WAIT,40,40,43.9,0,0,0,0,100,1.24,False
2026-08-03 13:32:09,QTUMUSDT,SIDEWAYS,WAIT,45,45,42.86,0,0,0,0,30,11.32,False
2026-08-03 13:32:09,ADAUSDT,SIDEWAYS,WAIT,60,60,40.63,0,0,0,0,100,1.17,False
2026-08-03 13:32:09,XRPUSDT,SIDEWAYS,WAIT,50,50,47.57,0,0,0,0,100,0.65,False
2026-08-03 13:32:09,TUSDUSDT,DOWNTREND,SELL,0,0,0.0,0,0,0,0,0,0.0,False
2026-08-03 13:32:09,IOTAUSDT,DOWNTREND,SELL,0,0,20.0,0,0,0,0,40,0.13,False
2026-08-03 13:32:09,XLMUSDT,DOWNTREND,SELL,25,25,31.25,0,0,0,0,100,0.71,False
2026-08-03 13:32:09,ONTUSDT,UPTREND,WAIT,40,40,69.39,0,0,0,0,0,4.17,False
2026-08-03 13:32:09,TRXUSDT,DOWNTREND,SELL,5,5,33.33,0,0,0,0,100,0.46,False
2026-08-03 13:32:09,ETCUSDT,SIDEWAYS,BUY,90,90,40.0,0,0,0,0,90,2.19,False
2026-08-03 13:32:09,ICXUSDT,SIDEWAYS,SELL,20,20,50.0,0,0,0,0,0,0.0,False
2026-08-03 13:32:09,VETUSDT,UPTREND,SELL,25,25,60.47,0,0,0,0,0,0.0,False
2026-08-03 13:32:09,USDCUSDT,DOWNTREND,SELL,5,5,38.46,0,0,0,0,100,0.77,False
2026-08-03 13:32:09,LINKUSDT,SIDEWAYS,BUY,85,85,47.01,0,0,0,0,100,2.04,False
2026-08-03 13:32:09,ONGUSDT,UPTREND,SELL,0,0,93.55,0,0,0,0,0,0.0,False
2026-08-03 13:32:09,HOTUSDT,DOWNTREND,SELL,0,0,33.33,0,0,0,0,0,0.0,False
2026-08-03 13:32:09,ZILUSDT,SIDEWAYS,SELL,25,25,50.0,0,0,0,0,50,1.84,False
2026-08-03 13:32:09,ZRXUSDT,SIDEWAYS,SELL,25,25,33.33,0,0,0,0,0,0.0,False
2026-08-03 13:32:09,FETUSDT,SIDEWAYS,WAIT,60,60,41.67,0,0,0,0,100,0.97,False
2026-08-03 13:32:09,BATUSDT,UPTREND,SELL,0,0,57.14,0,0,0,0,0,0.2,False
2026-08-03 13:32:09,ZECUSDT,DOWNTREND,WAIT,30,30,41.88,0,0,0,0,100,0.53,False
2026-08-03 13:32:09,IOSTUSDT,DOWNTREND,SELL,0,0,40.0,0,0,0,0,0,0.12,False
2026-08-03 13:32:09,CELRUSDT,SIDEWAYS,WAIT,40,40,52.94,0,0,0,0,100,0.37,False
2026-08-03 13:32:09,DASHUSDT,DOWNTREND,WAIT,50,50,29.73,0,0,0,0,90,1.74,False
2026-08-03 13:32:09,THETAUSDT,UPTREND,WAIT,40,40,75.0,0,0,0,0,0,5.75,False
2026-08-03 13:32:09,ENJUSDT,SIDEWAYS,SELL,0,0,50.0,0,0,0,0,80,0.18,False
2026-08-03 13:32:09,ATOMUSDT,UPTREND,WAIT,30,30,66.67,0,0,0,0,80,0.2,False
2026-08-03 13:32:09,TFUELUSDT,UPTREND,WAIT,60,60,66.67,0,0,0,0,0,3.86,False
2026-08-03 13:32:09,ONEUSDT,SIDEWAYS,SELL,0,0,50.0,0,0,0,0,0,0.97,False
2026-08-03 13:32:09,ALGOUSDT,DOWNTREND,SELL,15,15,27.27,0,0,0,0,100,0.45,False
2026-08-03 13:32:09,DOGEUSDT,DOWNTREND,SELL,5,5,41.67,0,0,0,0,100,0.32,False
2026-08-03 13:32:09,DUSKUSDT,DOWNTREND,SELL,0,0,43.75,0,0,0,0,0,0.0,False
2026-08-03 13:32:09,ANKRUSDT,UPTREND,SELL,0,0,100,0,0,0,0,0,0.0,False
2026-08-03 13:32:09,WINUSDT,UPTREND,WAIT,60,60,70.83,0,0,0,0,90,0.7,False
2026-08-03 13:32:09,MTLUSDT,SIDEWAYS,SELL,0,0,50.0,0,0,0,0,40,0.18,False
2026-08-03 13:32:09,CVCUSDT,UPTREND,WAIT,75,75,73.68,0,0,0,0,70,17.99,False
2026-08-03 13:32:09,CHZUSDT,SIDEWAYS,WAIT,60,60,50.0,0,0,0,0,70,2.84,False
2026-08-03 13:32:09,BANDUSDT,SIDEWAYS,WAIT,35,35,54.55,0,0,0,0,0,1.77,False
2026-08-03 13:32:09,XTZUSDT,SIDEWAYS,SELL,25,25,51.72,0,0,0,0,0,0.0,False
2026-08-03 13:32:09,RVNUSDT,SIDEWAYS,SELL,20,20,50.0,0,0,0,0,0,0.0,False
2026-08-03 13:32:09,HBARUSDT,DOWNTREND,SELL,20,20,23.08,0,0,0,0,90,2.82,False
2026-08-03 13:32:09,STXUSDT,UPTREND,WAIT,60,60,61.54,0,0,0,0,0,9.41,False
2026-08-03 13:32:09,KAVAUSDT,UPTREND,SELL,20,20,70.0,0,0,0,0,0,0.0,False
2026-08-03 13:32:09,ARPAUSDT,UPTREND,SELL,0,0,100,0,0,0,0,0,0.0,False
2026-08-03 13:32:09,IOTXUSDT,UPTREND,SELL,0,0,100,0,0,0,0,0,0.18,False
2026-08-03 13:32:09,RLCUSDT,SIDEWAYS,SELL,25,25,40.91,0,0,0,0,45,0.04,False
2026-08-03 13:32:09,BCHUSDT,DOWNTREND,WAIT,50,50,25.0,0,0,0,0,90,1.66,False
2026-08-03 13:32:09,FTTUSDT,UPTREND,SELL,25,25,66.67,0,0,0,0,20,0.0,False
2026-08-03 13:32:09,EURUSDT,UPTREND,BUY,80,80,70.0,0,0,0,0,100,0.75,False
2026-08-03 13:32:09,OGNUSDT,UPTREND,SELL,20,20,85.0,0,0,0,0,30,8.48,False
2026-08-03 13:32:09,LSKUSDT,UPTREND,SELL,25,25,60.0,0,0,0,0,0,0.0,False
2026-08-03 13:32:09,BNTUSDT,DOWNTREND,SELL,0,0,30.0,0,0,0,0,0,0.0,False
2026-08-03 13:32:09,MBLUSDT,SIDEWAYS,WAIT,70,70,52.94,0,0,0,0,100,2.21,False
2026-08-03 13:32:09,COTIUSDT,UPTREND,SELL,25,25,60.61,0,0,0,0,75,0.08,False
2026-08-03 13:32:09,SOLUSDT,DOWNTREND,WAIT,35,35,39.71,0,0,0,0,100,0.93,False
2026-08-03 13:32:09,CTSIUSDT,UPTREND,SELL,15,15,69.23,0,0,0,0,0,0.65,False
2026-08-03 13:32:09,HIVEUSDT,UPTREND,SELL,10,10,75.0,0,0,0,0,5,0.05,False
2026-08-03 13:32:09,CHRUSDT,UPTREND,WAIT,50,50,55.56,0,0,0,0,0,5.63,False
2026-08-03 13:32:09,KNCUSDT,UPTREND,SELL,0,0,83.33,0,0,0,0,0,0.0,False
2026-08-03 13:32:09,COMPUSDT,UPTREND,WAIT,30,30,80.0,0,0,0,0,30,0.71,False
2026-08-03 13:32:09,SCUSDT,SIDEWAYS,SELL,20,20,50.0,0,0,0,0,0,0.81,False
2026-08-03 13:32:09,ZENUSDT,DOWNTREND,WAIT,40,40,26.53,0,0,0,0,90,0.57,False
2026-08-03 13:32:09,SNXUSDT,UPTREND,SELL,0,0,100,0,0,0,0,0,0.0,False
2026-08-03 13:32:09,VTHOUSDT,UPTREND,SELL,0,0,100,0,0,0,0,0,0.0,False
2026-08-03 13:32:09,DGBUSDT,UPTREND,SELL,0,0,83.33,0,0,0,0,0,0.0,False
2026-08-03 13:32:09,DCRUSDT,UPTREND,WAIT,60,60,69.23,0,0,0,0,20,0.5,False
2026-08-03 13:32:09,STORJUSDT,DOWNTREND,SELL,0,0,40.0,0,0,0,0,40,0.0,False
2026-08-03 13:32:09,MANAUSDT,SIDEWAYS,SELL,0,0,50.0,0,0,0,0,0,0.29,False
2026-08-03 13:32:09,YFIUSDT,UPTREND,SELL,25,25,63.64,0,0,0,0,0,0.0,False
2026-08-03 13:32:09,JSTUSDT,DOWNTREND,SELL,25,25,18.92,0,0,0,0,100,13.17,False
2026-08-03 13:32:09,CRVUSDT,SIDEWAYS,WAIT,40,40,33.33,0,0,0,0,50,1.32,False
2026-08-03 13:32:09,SANDUSDT,DOWNTREND,SELL,0,0,34.78,0,0,0,0,80,0.16,False
2026-08-03 13:32:09,NMRUSDT,UPTREND,SELL,25,25,66.67,0,0,0,0,0,0.0,False
2026-08-03 13:32:09,DOTUSDT,SIDEWAYS,WAIT,50,50,46.15,0,0,0,0,100,0.71,False
2026-08-03 13:32:09,LUNAUSDT,SIDEWAYS,SELL,20,20,50.0,0,0,0,0,0,0.0,False
2026-08-03 13:32:09,RSRUSDT,SIDEWAYS,SELL,10,10,46.67,0,0,0,0,0,0.14,False
2026-08-03 13:32:09,PAXGUSDT,DOWNTREND,BUY,75,75,32.04,0,0,0,0,80,2.23,False
2026-08-03 13:32:09,TRBUSDT,DOWNTREND,SELL,15,15,11.11,0,0,0,0,0,3.47,False
2026-08-03 13:32:09,SUSHIUSDT,SIDEWAYS,WAIT,50,50,52.17,0,0,0,0,0,18.55,False
2026-08-03 13:32:09,KSMUSDT,DOWNTREND,SELL,10,10,33.33,0,0,0,0,45,0.05,False
2026-08-03 13:32:09,EGLDUSDT,UPTREND,WAIT,45,45,66.67,0,0,0,0,0,0.98,False
2026-08-03 13:32:09,DIAUSDT,DOWNTREND,SELL,20,20,32.0,0,0,0,0,75,0.05,False
2026-08-03 13:32:09,RUNEUSDT,SIDEWAYS,SELL,25,25,50.0,0,0,0,0,0,0.0,False
2026-08-03 13:32:09,UMAUSDT,UPTREND,SELL,25,25,66.67,0,0,0,0,0,0.0,False
2026-08-03 13:32:09,BELUSDT,SIDEWAYS,WAIT,30,30,50.0,0,0,0,0,50,0.9,False
2026-08-03 13:32:09,UNIUSDT,DOWNTREND,SELL,25,25,22.45,0,0,0,0,100,0.59,False
2026-08-03 13:32:09,SUNUSDT,SIDEWAYS,SELL,0,0,100,0,0,0,0,0,0.0,False
2026-08-03 13:32:09,AVAXUSDT,SIDEWAYS,BUY,80,80,50.0,0,0,0,0,100,1.08,False
2026-08-03 13:32:09,XVSUSDT,DOWNTREND,SELL,25,25,0.0,0,0,0,0,80,2.87,False
2026-08-03 13:32:09,AAVEUSDT,DOWNTREND,WAIT,65,65,34.23,0,0,0,0,100,3.75,False
2026-08-03 13:32:09,NEARUSDT,SIDEWAYS,BUY,90,90,44.44,0,0,0,0,100,2.54,False
2026-08-03 13:32:09,FILUSDT,SIDEWAYS,WAIT,70,70,33.77,0,0,0,0,100,1.02,False
2026-08-03 13:32:09,INJUSDT,SIDEWAYS,WAIT,70,70,38.0,0,0,0,0,90,0.66,False
2026-08-03 13:32:09,AUDIOUSDT,SIDEWAYS,SELL,10,10,42.86,0,0,0,0,20,0.65,False
2026-08-03 13:32:09,CTKUSDT,UPTREND,SELL,0,0,100,0,0,0,0,0,0.0,False
2026-08-03 13:32:09,AXSUSDT,SIDEWAYS,WAIT,40,40,40.0,0,0,0,0,50,2.68,False
2026-08-03 13:32:09,STRAXUSDT,UPTREND,SELL,15,15,57.14,0,0,0,0,50,0.31,False
2026-08-03 13:32:09,ROSEUSDT,DOWNTREND,SELL,0,0,20.0,0,0,0,0,0,0.0,False
2026-08-03 13:32:09,AVAUSDT,DOWNTREND,SELL,0,0,32.26,0,0,0,0,50,0.91,False
2026-08-03 13:32:09,SKLUSDT,UPTREND,SELL,25,25,60.0,0,0,0,0,45,0.05,False
2026-08-03 13:32:09,GRTUSDT,SIDEWAYS,SELL,25,25,38.46,0,0,0,0,90,0.14,False
2026-08-03 13:32:09,JUVUSDT,SIDEWAYS,SELL,25,25,50.0,0,0,0,0,45,0.09,False
2026-08-03 13:32:09,PSGUSDT,SIDEWAYS,SELL,0,0,50.0,0,0,0,0,10,0.19,False
2026-08-03 13:32:09,1INCHUSDT,SIDEWAYS,SELL,0,0,57.14,0,0,0,0,0,0.0,False
2026-08-03 13:32:09,OGUSDT,SIDEWAYS,SELL,20,20,46.15,0,0,0,0,40,0.48,False
2026-08-03 13:32:09,ATMUSDT,UPTREND,WAIT,60,60,61.54,0,0,0,0,70,0.66,False
2026-08-03 13:32:09,ASRUSDT,UPTREND,SELL,25,25,60.0,0,0,0,0,0,0.37,False
2026-08-03 13:32:09,CELOUSDT,SIDEWAYS,SELL,15,15,44.93,0,0,0,0,5,0.08,False
2026-08-03 13:32:09,RIFUSDT,SIDEWAYS,WAIT,70,70,50.0,0,0,0,0,100,1.35,False
2026-08-03 13:32:09,CKBUSDT,SIDEWAYS,WAIT,40,40,50.0,0,0,0,0,0,8.19,False
2026-08-03 13:32:09,TWTUSDT,UPTREND,SELL,25,25,58.82,0,0,0,0,0,0.0,False
2026-08-03 13:32:09,SFPUSDT,UPTREND,SELL,20,20,72.73,0,0,0,0,0,0.0,False
2026-08-03 13:32:09,DODOUSDT,DOWNTREND,SELL,5,5,33.33,0,0,0,0,0,0.0,False
2026-08-03 13:32:09,CAKEUSDT,DOWNTREND,SELL,20,20,30.77,0,0,0,0,70,0.99,False
2026-08-03 13:32:09,ACMUSDT,SIDEWAYS,WAIT,30,30,50.0,0,0,0,0,20,1.14,False
2026-08-03 13:32:09,ALICEUSDT,UPTREND,SELL,0,0,100,0,0,0,0,0,0.0,False
2026-08-03 13:32:09,SUPERUSDT,SIDEWAYS,WAIT,30,30,40.0,0,0,0,0,0,2.74,False
2026-08-03 13:32:09,CFXUSDT,DOWNTREND,SELL,5,5,34.88,0,0,0,0,90,0.43,False
2026-08-03 13:32:09,TKOUSDT,UPTREND,SELL,25,25,70.0,0,0,0,0,60,0.13,False
2026-08-03 13:32:09,PUNDIXUSDT,UPTREND,SELL,0,0,83.33,0,0,0,0,0,0.0,False
2026-08-03 13:32:09,TLMUSDT,UPTREND,WAIT,80,80,62.5,0,0,0,0,100,0.75,False
2026-08-03 13:32:09,BARUSDT,SIDEWAYS,SELL,25,25,50.0,0,0,0,0,0,0.14,False
2026-08-03 13:32:09,SLPUSDT,UPTREND,SELL,25,25,57.14,0,0,0,0,0,0.0,False
2026-08-03 13:32:09,SHIBUSDT,SIDEWAYS,SELL,25,25,40.0,0,0,0,0,90,0.13,False
2026-08-03 13:32:09,ICPUSDT,DOWNTREND,WAIT,45,45,23.81,0,0,0,0,90,2.48,False
2026-08-03 13:32:09,ARUSDT,DOWNTREND,SELL,25,25,30.0,0,0,0,0,80,0.1,False
2026-08-03 13:32:09,MASKUSDT,UPTREND,WAIT,50,50,66.67,0,0,0,0,0,3.77,False
2026-08-03 13:32:09,LPTUSDT,UPTREND,SELL,25,25,55.56,0,0,0,0,65,0.07,False
2026-08-03 13:32:09,XVGUSDT,SIDEWAYS,SELL,15,15,50.0,0,0,0,0,0,0.78,False
2026-08-03 13:32:09,GTCUSDT,UPTREND,SELL,25,25,65.62,0,0,0,0,65,0.08,False
2026-08-03 13:32:09,PHAUSDT,SIDEWAYS,SELL,10,10,0.0,0,0,0,0,40,0.13,False
2026-08-03 13:32:09,DEXEUSDT,DOWNTREND,WAIT,65,65,29.58,0,0,0,0,100,3.9,False
2026-08-03 13:32:09,C98USDT,UPTREND,SELL,25,25,65.67,0,0,0,0,50,0.32,False
2026-08-03 13:32:09,QNTUSDT,DOWNTREND,WAIT,40,40,31.58,0,0,0,0,70,1.36,False
2026-08-03 13:32:09,FLOWUSDT,DOWNTREND,SELL,0,0,40.74,0,0,0,0,80,0.22,False
2026-08-03 13:32:09,MINAUSDT,SIDEWAYS,WAIT,35,35,40.0,0,0,0,0,0,6.66,False
2026-08-03 13:32:09,RAYUSDT,DOWNTREND,WAIT,30,30,43.06,0,0,0,0,80,2.88,False
2026-08-03 13:32:09,QUICKUSDT,SIDEWAYS,SELL,0,0,100,0,0,0,0,0,0.4,False
2026-08-03 13:32:09,REQUSDT,UPTREND,WAIT,30,30,62.5,0,0,0,0,30,0.21,False
2026-08-03 13:32:09,WAXPUSDT,SIDEWAYS,WAIT,45,45,45.45,0,0,0,0,100,1.04,False
2026-08-03 13:32:09,GNOUSDT,UPTREND,SELL,25,25,100,0,0,0,0,0,0.07,False
2026-08-03 13:32:09,XECUSDT,SIDEWAYS,SELL,0,0,50.0,0,0,0,0,0,0.0,False
2026-08-03 13:32:09,DYDXUSDT,UPTREND,WAIT,60,60,61.95,0,0,0,0,0,18.01,False
2026-08-03 13:32:09,USDPUSDT,SIDEWAYS,SELL,0,0,100,0,0,0,0,0,0.0,False
2026-08-03 13:32:09,GALAUSDT,UPTREND,WAIT,35,35,57.14,0,0,0,0,50,1.37,False
2026-08-03 13:32:09,ILVUSDT,SIDEWAYS,WAIT,70,70,33.33,0,0,0,0,30,6.62,False
2026-08-03 13:32:09,YGGUSDT,SIDEWAYS,SELL,25,25,54.84,0,0,0,0,30,1.38,False
2026-08-03 13:32:09,FIDAUSDT,SIDEWAYS,SELL,20,20,50.0,0,0,0,0,25,0.07,False
2026-08-03 13:32:09,AGLDUSDT,SIDEWAYS,WAIT,45,45,41.18,0,0,0,0,0,6.08,False
2026-08-03 13:32:09,RADUSDT,SIDEWAYS,BUY,75,75,25.0,0,0,0,0,70,2.0,False
2026-08-03 13:32:09,RAREUSDT,UPTREND,WAIT,60,60,68.42,0,0,0,0,50,3.37,False
2026-08-03 13:32:09,LAZIOUSDT,DOWNTREND,WAIT,30,30,33.33,0,0,0,0,80,1.56,False
2026-08-03 13:32:09,ADXUSDT,DOWNTREND,SELL,0,0,0.0,0,0,0,0,45,0.03,False
2026-08-03 13:32:09,AUCTIONUSDT,SIDEWAYS,SELL,25,25,52.17,0,0,0,0,25,0.06,False
2026-08-03 13:32:09,MOVRUSDT,UPTREND,SELL,0,0,100,0,0,0,0,0,0.0,False
2026-08-03 13:32:09,CITYUSDT,SIDEWAYS,WAIT,30,30,50.0,0,0,0,0,20,0.85,False
2026-08-03 13:32:09,ENSUSDT,SIDEWAYS,SELL,25,25,50.0,0,0,0,0,0,0.0,False
2026-08-03 13:32:09,QIUSDT,UPTREND,WAIT,35,35,76.47,0,0,0,0,70,0.81,False
2026-08-03 13:32:09,PORTOUSDT,DOWNTREND,SELL,0,0,40.0,0,0,0,0,70,0.22,False
2026-08-03 13:32:09,POWRUSDT,UPTREND,SELL,0,0,100,0,0,0,0,0,0.0,False
2026-08-03 13:32:09,JASMYUSDT,UPTREND,SELL,20,20,66.67,0,0,0,0,0,0.0,False
2026-08-03 13:32:09,AMPUSDT,SIDEWAYS,SELL,20,20,50.0,0,0,0,0,0,0.0,False
2026-08-03 13:32:09,PYRUSDT,SIDEWAYS,BUY,85,85,33.33,0,0,0,0,100,2.18,False
2026-08-03 13:32:09,SANTOSUSDT,SIDEWAYS,SELL,25,25,50.0,0,0,0,0,0,0.0,False
2026-08-03 13:32:09,BICOUSDT,SIDEWAYS,BUY,75,75,43.04,0,0,0,0,100,2.27,False
2026-08-03 13:32:09,FLUXUSDT,SIDEWAYS,SELL,20,20,50.0,0,0,0,0,0,0.0,False
2026-08-03 13:32:09,CVXUSDT,SIDEWAYS,WAIT,35,35,50.0,0,0,0,0,0,1.77,False
2026-08-03 13:32:09,PEOPLEUSDT,DOWNTREND,SELL,25,25,12.5,0,0,0,0,90,4.04,False
2026-08-03 13:32:09,SPELLUSDT,UPTREND,SELL,20,20,66.67,0,0,0,0,0,0.0,False
2026-08-03 13:32:09,JOEUSDT,SIDEWAYS,WAIT,70,70,50.0,0,0,0,0,80,19.0,False
2026-08-03 13:32:09,ACHUSDT,DOWNTREND,SELL,0,0,42.86,0,0,0,0,30,0.47,False
2026-08-03 13:32:09,IMXUSDT,SIDEWAYS,WAIT,30,30,42.86,0,0,0,0,0,1.43,False
2026-08-03 13:32:09,GLMRUSDT,UPTREND,WAIT,85,85,66.44,0,0,0,0,70,3.6,False
2026-08-03 13:32:09,SCRTUSDT,SIDEWAYS,SELL,25,25,50.0,0,0,0,0,65,0.05,False
2026-08-03 13:32:09,API3USDT,UPTREND,SELL,0,0,81.82,0,0,0,0,50,1.16,False
2026-08-03 13:32:09,BTTCUSDT,SIDEWAYS,WAIT,70,70,50.0,0,0,0,0,80,0.88,False
2026-08-03 13:32:09,XNOUSDT,SIDEWAYS,SELL,0,0,50.0,0,0,0,0,0,0.0,False
2026-08-03 13:32:09,WOOUSDT,UPTREND,WAIT,30,30,60.0,0,0,0,0,0,0.85,False
2026-08-03 13:32:09,ALPINEUSDT,UPTREND,SELL,0,0,100,0,0,0,0,0,0.0,False
2026-08-03 13:32:09,TUSDT,UPTREND,WAIT,80,80,57.14,0,0,0,0,70,1.57,False
2026-08-03 13:32:09,ASTRUSDT,SIDEWAYS,SELL,0,0,50.0,0,0,0,0,0,0.24,False
2026-08-03 13:32:09,GMTUSDT,SIDEWAYS,SELL,25,25,37.5,0,0,0,0,80,0.1,False
2026-08-03 13:32:09,APEUSDT,DOWNTREND,SELL,0,0,44.44,0,0,0,0,50,2.14,False
2026-08-03 13:32:09,STEEMUSDT,UPTREND,SELL,25,25,55.26,0,0,0,0,0,0.0,False
2026-08-03 13:32:09,NEXOUSDT,DOWNTREND,SELL,15,15,25.0,0,0,0,0,90,0.31,False
2026-08-03 13:32:09,LDOUSDT,DOWNTREND,WAIT,35,35,25.81,0,0,0,0,90,1.47,False
2026-08-03 13:32:09,OPUSDT,DOWNTREND,SELL,15,15,12.5,0,0,0,0,90,0.89,False
2026-08-03 13:32:09,STGUSDT,SIDEWAYS,SELL,25,25,44.44,0,0,0,0,0,0.0,False
2026-08-03 13:32:09,LUNCUSDT,DOWNTREND,SELL,15,15,41.38,0,0,0,0,100,1.93,False
2026-08-03 13:32:09,GMXUSDT,DOWNTREND,WAIT,50,50,33.33,0,0,0,0,100,1.28,False
2026-08-03 13:32:09,POLYXUSDT,SIDEWAYS,WAIT,30,30,0.0,0,0,0,0,0,4.98,False
2026-08-03 13:32:09,APTUSDT,SIDEWAYS,WAIT,50,50,50.0,0,0,0,0,70,0.51,False
2026-08-03 13:32:09,OSMOUSDT,UPTREND,WAIT,70,70,60.0,0,0,0,0,20,7.39,False
2026-08-03 13:32:09,HFTUSDT,SIDEWAYS,BUY,75,75,46.28,0,0,0,0,100,3.7,False
2026-08-03 13:32:09,MAGICUSDT,UPTREND,SELL,25,25,57.14,0,0,0,0,0,0.0,False
2026-08-03 13:32:09,RPLUSDT,SIDEWAYS,SELL,25,25,50.0,0,0,0,0,0,0.0,False
2026-08-03 13:32:09,GNSUSDT,SIDEWAYS,WAIT,45,45,40.0,0,0,0,0,0,8.75,False
2026-08-03 13:32:09,SYNUSDT,DOWNTREND,WAIT,30,30,26.46,0,0,0,0,100,0.86,False
2026-08-03 13:32:09,SSVUSDT,SIDEWAYS,WAIT,60,60,37.5,0,0,0,0,0,8.23,False
2026-08-03 13:32:09,LQTYUSDT,UPTREND,SELL,25,25,68.18,0,0,0,0,40,0.13,False
2026-08-03 13:32:09,USTCUSDT,UPTREND,WAIT,50,50,60.0,0,0,0,0,50,3.29,False
2026-08-03 13:32:09,GASUSDT,UPTREND,SELL,25,25,65.0,0,0,0,0,0,0.0,False
2026-08-03 13:32:09,GLMUSDT,SIDEWAYS,WAIT,30,30,50.0,0,0,0,0,0,0.9,False
2026-08-03 13:32:09,PROMUSDT,DOWNTREND,SELL,10,10,26.19,0,0,0,0,80,0.24,False
2026-08-03 13:32:09,QKCUSDT,UPTREND,SELL,25,25,60.0,0,0,0,0,0,0.0,False
2026-08-03 13:32:09,IDUSDT,SIDEWAYS,SELL,20,20,50.0,0,0,0,0,0,0.0,False
2026-08-03 13:32:09,ARBUSDT,DOWNTREND,WAIT,45,45,28.57,0,0,0,0,90,2.03,False
2026-08-03 13:32:09,WBTCUSDT,DOWNTREND,SELL,10,10,28.12,0,0,0,0,0,2.29,False
2026-08-03 13:32:09,EDUUSDT,DOWNTREND,SELL,0,0,25.0,0,0,0,0,90,0.17,False
2026-08-03 13:32:09,SUIUSDT,DOWNTREND,SELL,25,25,39.39,0,0,0,0,100,1.25,False
2026-08-03 13:32:09,PEPEUSDT,SIDEWAYS,SELL,25,25,50.0,0,0,0,0,75,0.04,False
2026-08-03 13:32:09,FLOKIUSDT,SIDEWAYS,SELL,15,15,40.0,0,0,0,0,65,0.04,False
2026-08-03 13:32:09,MAVUSDT,UPTREND,WAIT,50,50,58.33,0,0,0,0,0,6.58,False
2026-08-03 13:32:09,PENDLEUSDT,DOWNTREND,WAIT,45,45,34.78,0,0,0,0,90,1.15,False
2026-08-03 13:32:09,ARKMUSDT,UPTREND,WAIT,35,35,57.14,0,0,0,0,50,0.65,False
2026-08-03 13:32:09,WBETHUSDT,DOWNTREND,SELL,0,0,40.9,0,0,0,0,0,0.22,False
2026-08-03 13:32:09,WLDUSDT,SIDEWAYS,WAIT,70,70,47.73,0,0,0,0,100,2.72,False
2026-08-03 13:32:09,FDUSDUSDT,SIDEWAYS,SELL,10,10,50.0,0,0,0,0,90,0.7,False
2026-08-03 13:32:09,SEIUSDT,DOWNTREND,SELL,25,25,33.33,0,0,0,0,90,1.77,False
2026-08-03 13:32:09,CYBERUSDT,UPTREND,SELL,0,0,100,0,0,0,0,0,0.0,False
2026-08-03 13:32:09,ARKUSDT,UPTREND,SELL,0,0,100,0,0,0,0,0,1.45,False
2026-08-03 13:32:10,IQUSDT,UPTREND,SELL,0,0,100,0,0,0,0,0,0.0,False
2026-08-03 13:32:10,TIAUSDT,SIDEWAYS,WAIT,65,65,54.17,0,0,0,0,100,0.85,False
2026-08-03 13:32:10,MEMEUSDT,SIDEWAYS,SELL,25,25,33.33,0,0,0,0,25,0.06,False
2026-08-03 13:32:10,ORDIUSDT,UPTREND,BUY,85,85,57.41,0,0,0,0,100,0.68,False
2026-08-03 13:32:10,BEAMXUSDT,SIDEWAYS,WAIT,40,40,50.0,0,0,0,0,50,7.07,False
2026-08-03 13:32:10,PIVXUSDT,SIDEWAYS,WAIT,60,60,48.21,0,0,0,0,100,1.93,False
2026-08-03 13:32:10,VICUSDT,UPTREND,BUY,95,95,73.12,0,0,0,0,100,4.68,False
2026-08-03 13:32:10,BLURUSDT,UPTREND,SELL,25,25,64.29,0,0,0,0,0,0.09,False
2026-08-03 13:32:10,VANRYUSDT,SIDEWAYS,WAIT,65,65,26.88,0,0,0,0,100,1.97,False
2026-08-03 13:32:10,JTOUSDT,UPTREND,BUY,75,75,57.14,0,0,0,0,90,1.18,False
2026-08-03 13:32:10,1000SATSUSDT,UPTREND,WAIT,70,70,56.25,0,0,0,0,90,0.37,False
2026-08-03 13:32:10,BONKUSDT,SIDEWAYS,SELL,20,20,50.0,0,0,0,0,40,0.12,False
2026-08-03 13:32:10,ACEUSDT,UPTREND,WAIT,65,65,59.09,0,0,0,0,90,0.2,False
2026-08-03 13:32:10,AIUSDT,UPTREND,SELL,0,0,100,0,0,0,0,30,0.0,False
2026-08-03 13:32:10,XAIUSDT,UPTREND,WAIT,50,50,57.14,0,0,0,0,50,7.82,False
2026-08-03 13:32:10,MANTAUSDT,DOWNTREND,SELL,0,0,36.47,0,0,0,0,70,0.29,False
2026-08-03 13:32:10,ALTUSDT,DOWNTREND,SELL,0,0,37.5,0,0,0,0,10,0.11,False
2026-08-03 13:32:10,JUPUSDT,DOWNTREND,SELL,0,0,40.91,0,0,0,0,50,0.48,False
2026-08-03 13:32:10,PYTHUSDT,DOWNTREND,SELL,15,15,36.54,0,0,0,0,70,2.92,False
2026-08-03 13:32:10,RONINUSDT,SIDEWAYS,WAIT,30,30,25.0,0,0,0,0,30,1.89,False
2026-08-03 13:32:10,DYMUSDT,SIDEWAYS,WAIT,40,40,52.38,0,0,0,0,30,9.1,False
2026-08-03 13:32:10,PIXELUSDT,SIDEWAYS,WAIT,35,35,44.44,0,0,0,0,30,3.41,False
2026-08-03 13:32:10,STRKUSDT,SIDEWAYS,SELL,25,25,52.0,0,0,0,0,90,0.18,False
2026-08-03 13:32:10,PORTALUSDT,UPTREND,WAIT,80,80,66.67,0,0,0,0,100,1.44,False
2026-08-03 13:32:10,AXLUSDT,UPTREND,SELL,20,20,66.67,0,0,0,0,0,0.0,False
2026-08-03 13:32:10,WIFUSDT,SIDEWAYS,BUY,75,75,52.63,0,0,0,0,70,12.37,False
2026-08-03 13:32:10,METISUSDT,DOWNTREND,SELL,0,0,0.0,0,0,0,0,50,1.58,False
2026-08-03 13:32:10,AEVOUSDT,SIDEWAYS,WAIT,55,55,41.03,0,0,0,0,90,1.82,False
2026-08-03 13:32:10,BOMEUSDT,DOWNTREND,WAIT,35,35,28.85,0,0,0,0,100,2.44,False
2026-08-03 13:32:10,ETHFIUSDT,SIDEWAYS,WAIT,55,55,45.28,0,0,0,0,100,0.89,False
2026-08-03 13:32:10,ENAUSDT,DOWNTREND,SELL,20,20,38.46,0,0,0,0,100,0.94,False
2026-08-03 13:32:10,WUSDT,DOWNTREND,SELL,5,5,33.33,0,0,0,0,50,3.88,False
2026-08-03 13:32:10,TNSRUSDT,SIDEWAYS,SELL,20,20,50.0,0,0,0,0,0,0.0,False
2026-08-03 13:32:10,SAGAUSDT,SIDEWAYS,WAIT,55,55,41.18,0,0,0,0,90,1.73,False
2026-08-03 13:32:10,TAOUSDT,DOWNTREND,WAIT,50,50,18.75,0,0,0,0,100,6.0,False
2026-08-03 13:32:10,REZUSDT,DOWNTREND,SELL,0,0,23.08,0,0,0,0,45,0.03,False
2026-08-03 13:32:10,BBUSDT,UPTREND,WAIT,65,65,57.14,0,0,0,0,80,1.41,False
2026-08-03 13:32:10,NOTUSDT,SIDEWAYS,WAIT,40,40,50.0,0,0,0,0,0,3.24,False
2026-08-03 13:32:10,IOUSDT,UPTREND,SELL,25,25,66.67,0,0,0,0,0,0.0,False
2026-08-03 13:32:10,ZKUSDT,SIDEWAYS,SELL,20,20,50.0,0,0,0,0,50,1.07,False
2026-08-03 13:32:10,LISTAUSDT,UPTREND,SELL,0,0,100,0,0,0,0,0,0.0,False
2026-08-03 13:32:10,ZROUSDT,SIDEWAYS,SELL,0,0,45.45,0,0,0,0,50,1.01,False
2026-08-03 13:32:10,GUSDT,UPTREND,SELL,0,0,100,0,0,0,0,0,0.0,False
2026-08-03 13:32:10,BANANAUSDT,SIDEWAYS,SELL,25,25,40.0,0,0,0,0,45,0.05,False
2026-08-03 13:32:10,RENDERUSDT,DOWNTREND,WAIT,30,30,40.0,0,0,0,0,70,1.35,False
2026-08-03 13:32:10,DOGSUSDT,UPTREND,SELL,25,25,59.09,0,0,0,0,40,0.0,False
2026-08-03 13:32:10,EURIUSDT,UPTREND,BUY,80,80,75.0,0,0,0,0,70,2.38,False
2026-08-03 13:32:10,POLUSDT,DOWNTREND,SELL,20,20,22.22,0,0,0,0,100,2.42,False
2026-08-03 13:32:10,NEIROUSDT,SIDEWAYS,WAIT,75,75,50.98,0,0,0,0,100,1.13,False
2026-08-03 13:32:10,TURBOUSDT,SIDEWAYS,SELL,15,15,50.0,0,0,0,0,0,0.63,False
2026-08-03 13:32:10,1MBABYDOGEUSDT,DOWNTREND,SELL,0,0,29.03,0,0,0,0,0,0.52,False
2026-08-03 13:32:10,CATIUSDT,DOWNTREND,SELL,0,0,34.62,0,0,0,0,45,0.01,False
2026-08-03 13:32:10,HMSTRUSDT,DOWNTREND,SELL,0,0,27.27,0,0,0,0,65,0.03,False
2026-08-03 13:32:10,EIGENUSDT,SIDEWAYS,SELL,25,25,50.0,0,0,0,0,20,0.0,False
2026-08-03 13:32:10,SCRUSDT,UPTREND,WAIT,45,45,66.0,0,0,0,0,70,0.91,False
2026-08-03 13:32:10,BNSOLUSDT,SIDEWAYS,SELL,15,15,50.0,0,0,0,0,0,0.28,False
2026-08-03 13:32:10,LUMIAUSDT,UPTREND,SELL,20,20,66.67,0,0,0,0,0,0.0,False
2026-08-03 13:32:10,KAIAUSDT,DOWNTREND,SELL,0,0,0.0,0,0,0,0,0,0.0,False
2026-08-03 13:32:10,COWUSDT,SIDEWAYS,SELL,25,25,30.0,0,0,0,0,0,0.0,False
2026-08-03 13:32:10,CETUSUSDT,SIDEWAYS,WAIT,35,35,42.86,0,0,0,0,0,9.14,False
2026-08-03 13:32:10,PNUTUSDT,UPTREND,SELL,20,20,66.67,0,0,0,0,25,0.09,False
2026-08-03 13:32:10,ACTUSDT,UPTREND,SELL,20,20,66.67,0,0,0,0,5,0.02,False
2026-08-03 13:32:10,USUALUSDT,UPTREND,SELL,20,20,66.67,0,0,0,0,45,0.02,False
2026-08-03 13:32:10,THEUSDT,UPTREND,SELL,0,0,100,0,0,0,0,0,0.0,False
2026-08-03 13:32:10,ACXUSDT,UPTREND,WAIT,45,45,57.02,0,0,0,0,90,0.22,False
2026-08-03 13:32:10,ORCAUSDT,UPTREND,SELL,25,25,66.67,0,0,0,0,0,0.0,False
2026-08-03 13:32:10,MOVEUSDT,SIDEWAYS,SELL,0,0,100,0,0,0,0,75,0.08,False
2026-08-03 13:32:10,MEUSDT,SIDEWAYS,WAIT,35,35,43.33,0,0,0,0,70,0.6,False
2026-08-03 13:32:10,VELODROMEUSDT,SIDEWAYS,SELL,0,0,33.33,0,0,0,0,40,0.18,False
2026-08-03 13:32:10,VANAUSDT,DOWNTREND,SELL,0,0,37.5,0,0,0,0,25,0.08,False
2026-08-03 13:32:10,1000CATUSDT,DOWNTREND,SELL,0,0,0.0,0,0,0,0,0,21.04,False
2026-08-03 13:32:10,PENGUUSDT,DOWNTREND,WAIT,30,30,39.24,0,0,0,0,100,5.65,False
2026-08-03 13:32:10,BIOUSDT,UPTREND,SELL,25,25,55.56,0,0,0,0,20,0.0,False
2026-08-03 13:32:10,AIXBTUSDT,UPTREND,SELL,20,20,66.67,0,0,0,0,0,0.0,False
2026-08-03 13:32:10,CGPTUSDT,UPTREND,WAIT,35,35,66.67,0,0,0,0,50,2.76,False
2026-08-03 13:32:10,COOKIEUSDT,UPTREND,SELL,0,0,100,0,0,0,0,0,0.0,False
2026-08-03 13:32:10,SUSDT,DOWNTREND,SELL,0,0,38.46,0,0,0,0,100,0.42,False
2026-08-03 13:32:10,SOLVUSDT,UPTREND,WAIT,40,40,66.67,0,0,0,0,30,5.95,False
2026-08-03 13:32:10,TRUMPUSDT,SIDEWAYS,BUY,90,90,48.0,0,0,0,0,100,6.11,False
2026-08-03 13:32:10,ANIMEUSDT,UPTREND,SELL,0,0,100,0,0,0,0,0,10.17,False
2026-08-03 13:32:10,BERAUSDT,SIDEWAYS,SELL,20,20,48.0,0,0,0,0,20,0.0,False
2026-08-03 13:32:10,1000CHEEMSUSDT,DOWNTREND,SELL,15,15,37.5,0,0,0,0,100,0.38,False
2026-08-03 13:32:10,TSTUSDT,UPTREND,WAIT,80,80,59.26,0,0,0,0,70,1.28,False
2026-08-03 13:32:10,LAYERUSDT,SIDEWAYS,WAIT,35,35,40.0,0,0,0,0,30,3.02,False
2026-08-03 13:32:10,HEIUSDT,DOWNTREND,WAIT,35,35,33.33,0,0,0,0,90,0.43,False
2026-08-03 13:32:10,KAITOUSDT,DOWNTREND,WAIT,50,50,27.07,0,0,0,0,100,1.2,False
2026-08-03 13:32:10,SHELLUSDT,UPTREND,SELL,0,0,100,0,0,0,0,0,0.0,False
2026-08-03 13:32:10,REDUSDT,UPTREND,WAIT,35,35,60.0,0,0,0,0,0,1.45,False
2026-08-03 13:32:10,GPSUSDT,SIDEWAYS,WAIT,45,45,52.0,0,0,0,0,70,4.47,False
2026-08-03 13:32:10,EPICUSDT,UPTREND,WAIT,45,45,82.95,0,0,0,0,100,0.48,False
2026-08-03 13:32:10,BMTUSDT,SIDEWAYS,WAIT,35,35,44.44,0,0,0,0,50,3.43,False
2026-08-03 13:32:10,FORMUSDT,SIDEWAYS,SELL,0,0,55.17,0,0,0,0,20,0.0,False
2026-08-03 13:32:10,XUSDUSDT,SIDEWAYS,SELL,0,0,100,0,0,0,0,0,0.0,False
2026-08-03 13:32:10,NILUSDT,UPTREND,BUY,80,80,59.15,0,0,0,0,100,0.41,False
2026-08-03 13:32:10,PARTIUSDT,UPTREND,SELL,0,0,100,0,0,0,0,0,0.0,False
2026-08-03 13:32:10,MUBARAKUSDT,SIDEWAYS,SELL,25,25,44.44,0,0,0,0,50,0.0,False
2026-08-03 13:32:10,TUTUSDT,UPTREND,SELL,25,25,68.0,0,0,0,0,50,0.0,False
2026-08-03 13:32:10,BROCCOLI714USDT,DOWNTREND,SELL,0,0,37.04,0,0,0,0,90,0.42,False
2026-08-03 13:32:10,BANANAS31USDT,DOWNTREND,SELL,0,0,24.14,0,0,0,0,65,0.03,False
2026-08-03 13:32:10,GUNUSDT,SIDEWAYS,WAIT,75,75,50.0,0,0,0,0,100,6.89,False
2026-08-03 13:32:10,BABYUSDT,DOWNTREND,SELL,0,0,41.67,0,0,0,0,50,0.0,False
2026-08-03 13:32:10,ONDOUSDT,DOWNTREND,SELL,0,0,31.15,0,0,0,0,50,0.0,False
2026-08-03 13:32:10,BIGTIMEUSDT,SIDEWAYS,SELL,15,15,42.86,0,0,0,0,0,0.0,False
2026-08-03 13:32:10,VIRTUALUSDT,DOWNTREND,SELL,0,0,25.42,0,0,0,0,40,0.0,False
2026-08-03 13:32:10,KERNELUSDT,UPTREND,SELL,20,20,66.67,0,0,0,0,0,0.0,False
2026-08-03 13:32:10,WCTUSDT,UPTREND,SELL,25,25,73.21,0,0,0,0,45,0.05,False
2026-08-03 13:32:10,HYPERUSDT,DOWNTREND,SELL,0,0,40.0,0,0,0,0,40,0.0,False
2026-08-03 13:32:10,INITUSDT,UPTREND,SELL,0,0,100,0,0,0,0,0,0.0,False
2026-08-03 13:32:10,SIGNUSDT,DOWNTREND,SELL,0,0,0.0,0,0,0,0,20,0.0,False
2026-08-03 13:32:10,STOUSDT,SIDEWAYS,SELL,25,25,33.33,0,0,0,0,0,0.0,False
2026-08-03 13:32:10,SYRUPUSDT,SIDEWAYS,SELL,25,25,25.0,0,0,0,0,0,0.0,False
2026-08-03 13:32:10,KMNOUSDT,DOWNTREND,SELL,0,0,0.0,0,0,0,0,0,0.0,False
2026-08-03 13:32:10,SXTUSDT,UPTREND,SELL,25,25,66.67,0,0,0,0,0,0.0,False
2026-08-03 13:32:10,NXPCUSDT,DOWNTREND,SELL,0,0,7.69,0,0,0,0,0,0.0,False
2026-08-03 13:32:10,AWEUSDT,DOWNTREND,SELL,0,0,23.08,0,0,0,0,0,0.0,False
2026-08-03 13:32:10,HAEDALUSDT,UPTREND,SELL,20,20,70.0,0,0,0,0,0,0.0,False
2026-08-03 13:32:10,USD1USDT,SIDEWAYS,SELL,25,25,37.5,0,0,0,0,75,0.01,False
2026-08-03 13:32:10,HUMAUSDT,UPTREND,SELL,20,20,62.22,0,0,0,0,40,0.19,False
2026-08-03 13:32:10,AUSDT,SIDEWAYS,SELL,20,20,46.67,0,0,0,0,0,0.0,False
2026-08-03 13:32:10,SOPHUSDT,UPTREND,SELL,0,0,100,0,0,0,0,0,0.0,False
2026-08-03 13:32:10,RESOLVUSDT,SIDEWAYS,SELL,25,25,25.0,0,0,0,0,0,0.0,False
2026-08-03 13:32:10,HOMEUSDT,UPTREND,SELL,25,25,67.86,0,0,0,0,50,0.0,False
2026-08-03 13:32:10,SPKUSDT,SIDEWAYS,SELL,15,15,38.52,0,0,0,0,40,0.0,False
2026-08-03 13:32:10,NEWTUSDT,UPTREND,SELL,25,25,62.5,0,0,0,0,0,0.0,False
2026-08-03 13:32:10,SAHARAUSDT,SIDEWAYS,SELL,25,25,50.0,0,0,0,0,80,0.13,False
2026-08-03 13:32:10,LAUSDT,SIDEWAYS,WAIT,40,40,50.0,0,0,0,0,50,3.05,False
2026-08-03 13:32:10,ERAUSDT,UPTREND,SELL,25,25,62.5,0,0,0,0,50,0.0,False
2026-08-03 13:32:10,CUSDT,DOWNTREND,SELL,10,10,35.29,0,0,0,0,90,0.16,False
2026-08-03 13:32:10,TREEUSDT,SIDEWAYS,SELL,20,20,50.0,0,0,0,0,0,0.0,False
2026-08-03 13:32:10,TOWNSUSDT,UPTREND,SELL,0,0,85.71,0,0,0,0,40,0.19,False
2026-08-03 13:32:10,PROVEUSDT,SIDEWAYS,WAIT,35,35,53.33,0,0,0,0,30,1.26,False
2026-08-03 13:32:10,BFUSDUSDT,DOWNTREND,SELL,0,0,0.0,0,0,0,0,0,0.0,False
2026-08-03 13:32:10,PLUMEUSDT,DOWNTREND,SELL,0,0,36.36,0,0,0,0,0,0.0,False
2026-08-03 13:32:10,DOLOUSDT,UPTREND,WAIT,40,40,69.23,0,0,0,0,0,8.3,False
2026-08-03 13:32:10,MITOUSDT,DOWNTREND,SELL,0,0,34.78,0,0,0,0,20,0.0,False
2026-08-03 13:32:10,WLFIUSDT,DOWNTREND,SELL,0,0,33.33,0,0,0,0,20,0.0,False
2026-08-03 13:32:10,SOMIUSDT,SIDEWAYS,SELL,25,25,44.44,0,0,0,0,30,0.0,False
2026-08-03 13:32:10,OPENUSDT,SIDEWAYS,WAIT,50,50,54.24,0,0,0,0,90,0.32,False
2026-08-03 13:32:10,USDEUSDT,SIDEWAYS,SELL,0,0,50.0,0,0,0,0,0,0.0,False
2026-08-03 13:32:10,LINEAUSDT,DOWNTREND,SELL,0,0,38.89,0,0,0,0,0,0.0,False
2026-08-03 13:32:10,HOLOUSDT,DOWNTREND,SELL,0,0,33.33,0,0,0,0,40,0.0,False
2026-08-03 13:32:10,PUMPUSDT,SIDEWAYS,SELL,25,25,39.29,0,0,0,0,75,0.06,False
2026-08-03 13:32:10,AVNTUSDT,SIDEWAYS,SELL,25,25,41.67,0,0,0,0,0,0.0,False
2026-08-03 13:32:10,ZKCUSDT,SIDEWAYS,SELL,0,0,60.0,0,0,0,0,0,0.0,False
2026-08-03 13:32:10,SKYUSDT,DOWNTREND,SELL,0,0,15.69,0,0,0,0,50,0.43,False
2026-08-03 13:32:10,BARDUSDT,SIDEWAYS,SELL,25,25,41.67,0,0,0,0,0,0.0,False
2026-08-03 13:32:10,0GUSDT,SIDEWAYS,SELL,25,25,50.0,0,0,0,0,0,0.0,False
2026-08-03 13:32:10,HEMIUSDT,SIDEWAYS,SELL,20,20,50.0,0,0,0,0,20,0.0,False
2026-08-03 13:32:10,XPLUSDT,DOWNTREND,SELL,0,0,30.11,0,0,0,0,90,0.19,False
2026-08-03 13:32:10,MIRAUSDT,UPTREND,SELL,25,25,55.56,0,0,0,0,75,0.0,False
2026-08-03 13:32:10,FFUSDT,DOWNTREND,SELL,0,0,4.55,0,0,0,0,50,0.0,False
2026-08-03 13:32:10,EDENUSDT,UPTREND,SELL,25,25,55.1,0,0,0,0,50,0.0,False
2026-08-03 13:32:10,NOMUSDT,UPTREND,SELL,25,25,75.0,0,0,0,0,0,0.0,False
2026-08-03 13:32:10,2ZUSDT,UPTREND,SELL,10,10,74.19,0,0,0,0,0,0.08,False
2026-08-03 13:32:10,MORPHOUSDT,DOWNTREND,SELL,25,25,12.5,0,0,0,0,90,0.12,False
2026-08-03 13:32:10,ASTERUSDT,DOWNTREND,SELL,0,0,20.0,0,0,0,0,20,0.0,False
2026-08-03 13:32:10,WALUSDT,SIDEWAYS,SELL,20,20,50.0,0,0,0,0,0,0.0,False
2026-08-03 13:32:10,EULUSDT,DOWNTREND,SELL,25,25,35.59,0,0,0,0,90,0.11,False
2026-08-03 13:32:10,ENSOUSDT,SIDEWAYS,SELL,20,20,45.45,0,0,0,0,50,0.0,False
2026-08-03 13:32:10,YBUSDT,SIDEWAYS,SELL,20,20,45.45,0,0,0,0,0,0.0,False
2026-08-03 13:32:10,ZBTUSDT,UPTREND,SELL,25,25,66.67,0,0,0,0,20,0.0,False
2026-08-03 13:32:10,TURTLEUSDT,UPTREND,SELL,0,0,100,0,0,0,0,0,0.0,False
2026-08-03 13:32:10,GIGGLEUSDT,DOWNTREND,SELL,25,25,44.74,0,0,0,0,75,0.08,False
2026-08-03 13:32:10,FUSDT,SIDEWAYS,SELL,20,20,50.0,0,0,0,0,0,0.0,False
2026-08-03 13:32:10,KITEUSDT,UPTREND,SELL,25,25,60.0,0,0,0,0,50,0.0,False
2026-08-03 13:32:10,MMTUSDT,DOWNTREND,SELL,0,0,44.83,0,0,0,0,90,0.15,False
2026-08-03 13:32:10,SAPIENUSDT,DOWNTREND,SELL,0,0,33.33,0,0,0,0,0,0.0,False
2026-08-03 13:32:10,ALLOUSDT,DOWNTREND,SELL,15,15,14.29,0,0,0,0,90,0.13,False
2026-08-03 13:32:10,BANKUSDT,DOWNTREND,SELL,0,0,42.86,0,0,0,0,75,0.0,False
2026-08-03 13:32:10,METUSDT,DOWNTREND,SELL,0,0,33.33,0,0,0,0,0,0.0,False
2026-08-03 13:32:10,ATUSDT,UPTREND,SELL,0,0,100,0,0,0,0,0,0.0,False
2026-08-03 13:32:10,KGSTUSDT,DOWNTREND,SELL,0,0,0.0,0,0,0,0,0,0.0,False
2026-08-03 13:32:10,BREVUSDT,UPTREND,SELL,25,25,55.56,0,0,0,0,20,0.0,False
2026-08-03 13:32:10,币安人生USDT,DOWNTREND,SELL,25,25,34.67,0,0,0,0,75,0.02,False
2026-08-03 13:32:10,ZKPUSDT,UPTREND,SELL,20,20,66.67,0,0,0,0,0,0.0,False
2026-08-03 13:32:10,UUSDT,SIDEWAYS,SELL,25,25,50.0,0,0,0,0,75,0.0,False
2026-08-03 13:32:10,FRAXUSDT,UPTREND,SELL,10,10,88.37,0,0,0,0,20,0.0,False
2026-08-03 13:32:10,FOGOUSDT,DOWNTREND,SELL,0,0,33.33,0,0,0,0,0,0.0,False
2026-08-03 13:32:10,RLUSDUSDT,SIDEWAYS,SELL,25,25,50.0,0,0,0,0,5,0.0,False
2026-08-03 13:32:10,SENTUSDT,DOWNTREND,SELL,0,0,28.57,0,0,0,0,40,0.0,False
2026-08-03 13:32:10,ZAMAUSDT,UPTREND,SELL,25,25,67.09,0,0,0,0,75,0.02,False
2026-08-03 13:32:10,ESPUSDT,SIDEWAYS,SELL,25,25,52.81,0,0,0,0,50,0.0,False
2026-08-03 13:32:10,MANTRAUSDT,DOWNTREND,SELL,0,0,33.33,0,0,0,0,50,0.0,False
2026-08-03 13:32:10,ROBOUSDT,SIDEWAYS,SELL,20,20,50.0,0,0,0,0,0,0.0,False
2026-08-03 13:32:10,OPNUSDT,UPTREND,SELL,25,25,60.0,0,0,0,0,20,0.0,False
2026-08-03 13:32:10,NIGHTUSDT,SIDEWAYS,SELL,20,20,52.94,0,0,0,0,50,0.0,False
2026-08-03 13:32:10,CFGUSDT,DOWNTREND,SELL,0,0,21.43,0,0,0,0,0,0.0,False
2026-08-03 13:32:10,KATUSDT,UPTREND,SELL,0,0,100,0,0,0,0,0,0.0,False
2026-08-03 13:32:10,XAUTUSDT,DOWNTREND,SELL,25,25,30.22,0,0,0,0,75,0.04,False
2026-08-03 13:32:10,USDSUSDT,DOWNTREND,SELL,0,0,0.0,0,0,0,0,0,0.0,False
2026-08-03 13:32:10,CHIPUSDT,DOWNTREND,SELL,0,0,39.13,0,0,0,0,0,0.0,False
2026-08-03 13:32:10,MEGAUSDT,DOWNTREND,SELL,0,0,26.32,0,0,0,0,65,0.02,False
2026-08-03 13:32:10,AIGENSYNUSDT,DOWNTREND,SELL,0,0,30.77,0,0,0,0,20,0.0,False
2026-08-03 13:32:10,GENIUSUSDT,UPTREND,SELL,25,25,64.96,0,0,0,0,40,0.0,False
2026-08-03 13:32:10,OPGUSDT,DOWNTREND,SELL,0,0,33.33,0,0,0,0,0,0.0,False
2026-08-03 13:32:10,MUBUSDT,DOWNTREND,SELL,10,10,12.89,0,0,0,0,100,0.71,False
2026-08-03 13:32:10,CRCLBUSDT,DOWNTREND,WAIT,30,30,33.33,0,0,0,0,100,0.38,False
2026-08-03 13:32:10,NVDABUSDT,DOWNTREND,SELL,0,0,41.75,0,0,0,0,65,0.01,False
2026-08-03 13:32:11,SNDKBUSDT,DOWNTREND,SELL,15,15,11.94,0,0,0,0,100,1.17,False
2026-08-03 13:32:11,TSLABUSDT,SIDEWAYS,WAIT,65,65,51.96,0,0,0,0,100,1.6,False
2026-08-03 13:32:11,SPCXBUSDT,DOWNTREND,WAIT,30,30,33.2,0,0,0,0,100,0.46,False
2026-08-03 13:32:11,REUSDT,DOWNTREND,SELL,0,0,27.27,0,0,0,0,90,0.17,False
2026-08-03 13:32:11,AMDBUSDT,DOWNTREND,SELL,20,20,22.37,0,0,0,0,70,0.96,False
2026-08-03 13:32:11,EWYBUSDT,DOWNTREND,SELL,15,15,14.4,0,0,0,0,70,0.64,False
2026-08-03 13:32:11,INTCBUSDT,DOWNTREND,WAIT,35,35,8.73,0,0,0,0,90,1.57,False
2026-08-03 13:32:11,MSTRBUSDT,DOWNTREND,SELL,20,20,16.86,0,0,0,0,70,1.03,False
2026-08-03 13:32:11,LITEBUSDT,DOWNTREND,SELL,5,5,14.28,0,0,0,0,55,11.92,False
2026-08-03 13:32:11,METABUSDT,DOWNTREND,SELL,5,5,39.19,0,0,0,0,0,1.92,False
2026-08-03 13:32:11,MSFTBUSDT,UPTREND,WAIT,30,30,87.1,0,0,0,0,15,1.82,False
2026-08-03 13:32:11,PLTRBUSDT,DOWNTREND,SELL,0,0,16.82,0,0,0,0,50,1.93,False
2026-08-03 13:32:11,QQQBUSDT,DOWNTREND,SELL,0,0,6.99,0,0,0,0,65,0.01,False
2026-08-03 13:32:11,GRAMUSDT,DOWNTREND,SELL,20,20,25.0,0,0,0,0,75,0.01,False
2026-08-03 13:32:11,CBRSBUSDT,DOWNTREND,SELL,0,0,7.56,0,0,0,0,0,2.5,False
2026-08-03 13:32:11,COINBUSDT,DOWNTREND,SELL,0,0,24.23,0,0,0,0,50,1.75,False
2026-08-03 13:32:11,DRAMBUSDT,DOWNTREND,WAIT,50,50,16.84,0,0,0,0,90,3.67,False
2026-08-03 13:32:11,GLWBUSDT,DOWNTREND,SELL,0,0,22.45,0,0,0,0,0,1.01,False
2026-08-03 13:32:11,GOOGLBUSDT,UPTREND,WAIT,65,65,77.95,0,0,0,0,90,0.58,False
2026-08-03 13:32:11,NBISBUSDT,DOWNTREND,SELL,15,15,24.14,0,0,0,0,100,0.58,False
2026-08-03 13:32:11,QCOMBUSDT,SIDEWAYS,WAIT,55,55,38.52,0,0,0,0,0,2.31,False
2026-08-03 13:32:11,SOXLBUSDT,DOWNTREND,SELL,15,15,16.05,0,0,0,0,100,0.43,False
2026-08-03 13:32:11,SPYBUSDT,DOWNTREND,SELL,10,10,33.85,0,0,0,0,0,0.0,False
2026-08-03 13:32:11,WDCBUSDT,DOWNTREND,SELL,5,5,20.59,0,0,0,0,35,3.62,False
2026-08-03 13:32:11,SKHYBUSDT,DOWNTREND,WAIT,50,50,23.85,0,0,0,0,100,4.53,False
2026-08-03 13:32:11,AAOIBUSDT,DOWNTREND,SELL,0,0,17.19,0,0,0,0,0,0.26,False
2026-08-03 13:32:11,ARMBUSDT,DOWNTREND,SELL,0,0,16.37,0,0,0,0,65,0.03,False
2026-08-03 13:32:11,AVGOBUSDT,DOWNTREND,SELL,0,0,20.81,0,0,0,0,0,0.0,False
2026-08-03 13:32:11,BABABUSDT,UPTREND,SELL,25,25,60.69,0,0,0,0,0,0.0,False
2026-08-03 13:32:11,HOODBUSDT,DOWNTREND,SELL,0,0,27.76,0,0,0,0,20,0.23,False
2026-08-03 13:32:11,IBMBUSDT,DOWNTREND,SELL,0,0,0.0,0,0,0,0,0,0.0,False
2026-08-03 13:32:11,MRVLBUSDT,DOWNTREND,WAIT,40,40,21.71,0,0,0,0,70,4.92,False
2026-08-03 13:32:11,NOKBUSDT,DOWNTREND,SELL,0,0,4.76,0,0,0,0,0,0.0,False
2026-08-03 13:32:11,TSMBUSDT,DOWNTREND,SELL,0,0,42.21,0,0,0,0,0,0.3,False
2026-08-03 13:32:11,RKLBBUSDT,DOWNTREND,SELL,0,0,13.67,0,0,0,0,0,0.0,False
2026-08-03 13:32:11,AEROUSDT,SIDEWAYS,SELL,20,20,45.24,0,0,0,0,45,0.02,False
2026-08-03 13:32:11,AXTIBUSDT,DOWNTREND,WAIT,50,50,23.52,0,0,0,0,90,4.05,False
2026-08-03 13:32:11,CRWVBUSDT,DOWNTREND,SELL,10,10,33.17,0,0,0,0,0,0.0,False
2026-08-03 13:32:11,INTWBUSDT,DOWNTREND,SELL,0,0,5.56,0,0,0,0,20,0.74,False
2026-08-03 13:32:11,KORUBUSDT,DOWNTREND,WAIT,50,50,14.81,0,0,0,0,90,5.87,False
2026-08-03 13:32:11,MUUBUSDT,DOWNTREND,WAIT,50,50,15.38,0,0,0,0,90,4.17,False
2026-08-03 13:32:11,MVLLBUSDT,DOWNTREND,SELL,25,25,11.82,0,0,0,0,70,1.32,False
2026-08-03 13:32:11,ORCLBUSDT,DOWNTREND,SELL,0,0,44.52,0,0,0,0,20,0.0,False
2026-08-03 13:32:11,QNTBUSDT,DOWNTREND,SELL,0,0,14.78,0,0,0,0,0,0.0,False
2026-08-03 13:32:11,SNXXBUSDT,DOWNTREND,WAIT,30,30,11.11,0,0,0,0,100,0.94,False
2026-08-03 13:32:11,TQQQBUSDT,DOWNTREND,SELL,0,0,13.33,0,0,0,0,0,0.0,False
2026-08-03 13:32:11,AAPLBUSDT,DOWNTREND,SELL,0,0,11.9,0,0,0,0,0,0.0,False
2026-08-03 13:32:11,AMATBUSDT,UPTREND,WAIT,95,95,55.02,0,0,0,0,0,12.0,False
2026-08-03 13:32:11,AMZNBUSDT,UPTREND,SELL,25,25,83.39,0,0,0,0,0,0.83,False
2026-08-03 13:32:11,BEBUSDT,DOWNTREND,SELL,0,0,37.43,0,0,0,0,0,0.0,False
2026-08-03 13:32:11,DELLBUSDT,DOWNTREND,SELL,15,15,0.0,0,0,0,0,0,15.52,False
2026-08-03 13:32:11,FLNCBUSDT,DOWNTREND,SELL,0,0,21.0,0,0,0,0,0,0.89,False
2026-08-03 13:32:11,GSBUSDT,DOWNTREND,SELL,15,15,0.0,0,0,0,0,0,67.42,False
2026-08-03 13:32:11,PYPLBUSDT,UPTREND,SELL,25,25,57.8,0,0,0,0,0,0.0,False
2026-08-03 13:32:11,SMHBUSDT,DOWNTREND,SELL,15,15,0.0,0,0,0,0,0,3.53,False
2026-08-03 13:32:11,SOXSBUSDT,UPTREND,SELL,25,25,67.77,0,0,0,0,40,0.0,False
2026-08-03 13:33:09,BTCUSDT,DOWNTREND,WAIT,30,16.13
2026-08-03 13:33:09,ETHUSDT,DOWNTREND,WAIT,35,22.94
2026-08-03 13:33:09,BNBUSDT,DOWNTREND,WAIT,30,24.38
2026-08-03 13:33:09,LTCUSDT,DOWNTREND,WAIT,35,35.29
2026-08-03 13:33:46,BTCUSDT,DOWNTREND,SELL,0,0,10.29,0,0,0,0,100,0.3,False
2026-08-03 13:33:46,ETHUSDT,DOWNTREND,SELL,0,0,22.17,0,0,0,0,100,0.29,False
2026-08-03 13:33:46,BNBUSDT,DOWNTREND,SELL,0,0,21.01,0,0,0,0,90,0.17,False
2026-08-03 13:33:46,NEOUSDT,SIDEWAYS,SELL,25,25,41.67,0,0,0,0,0,0.03,False
2026-08-03 13:33:46,LTCUSDT,DOWNTREND,SELL,25,25,29.03,0,0,0,0,75,0.09,False
2026-08-03 13:33:46,QTUMUSDT,DOWNTREND,SELL,0,0,33.33,0,0,0,0,0,0.0,False
2026-08-03 13:33:46,ADAUSDT,DOWNTREND,SELL,20,20,29.63,0,0,0,0,75,0.07,False
2026-08-03 13:33:46,XRPUSDT,DOWNTREND,WAIT,30,30,32.18,0,0,0,0,100,1.08,False
2026-08-03 13:33:46,TUSDUSDT,DOWNTREND,SELL,0,0,0.0,0,0,0,0,0,0.0,False
2026-08-03 13:33:46,IOTAUSDT,DOWNTREND,SELL,0,0,0.0,0,0,0,0,50,1.73,False
2026-08-03 13:33:46,XLMUSDT,DOWNTREND,SELL,5,5,8.33,0,0,0,0,75,0.04,False
2026-08-03 13:33:46,ONTUSDT,SIDEWAYS,SELL,10,10,48.84,0,0,0,0,0,0.0,False
2026-08-03 13:33:46,TRXUSDT,DOWNTREND,SELL,10,10,33.33,0,0,0,0,75,0.03,False
2026-08-03 13:33:46,ETCUSDT,DOWNTREND,SELL,10,10,25.0,0,0,0,0,40,0.0,False
2026-08-03 13:33:46,ICXUSDT,SIDEWAYS,SELL,10,10,0.0,0,0,0,0,0,0.0,False
2026-08-03 13:33:46,VETUSDT,SIDEWAYS,SELL,15,15,43.33,0,0,0,0,0,0.0,False
2026-08-03 13:33:46,USDCUSDT,SIDEWAYS,SELL,5,5,50.0,0,0,0,0,90,0.18,False
2026-08-03 13:33:46,LINKUSDT,DOWNTREND,SELL,15,15,33.03,0,0,0,0,90,0.18,False
2026-08-03 13:33:46,ONGUSDT,UPTREND,SELL,10,10,75.0,0,0,0,0,0,0.0,False
2026-08-03 13:33:46,HOTUSDT,DOWNTREND,SELL,0,0,33.33,0,0,0,0,0,0.0,False
2026-08-03 13:33:46,ZILUSDT,SIDEWAYS,SELL,20,20,50.0,0,0,0,0,0,0.0,False
2026-08-03 13:33:46,ZRXUSDT,SIDEWAYS,SELL,20,20,42.86,0,0,0,0,0,0.65,False
2026-08-03 13:33:46,FETUSDT,DOWNTREND,SELL,15,15,20.0,0,0,0,0,90,0.14,False
2026-08-03 13:33:46,BATUSDT,SIDEWAYS,SELL,10,10,0.0,0,0,0,0,0,0.0,False
2026-08-03 13:33:46,ZECUSDT,DOWNTREND,WAIT,40,40,26.21,0,0,0,0,100,0.59,False
2026-08-03 13:33:46,IOSTUSDT,DOWNTREND,SELL,0,0,25.0,0,0,0,0,0,0.0,False
2026-08-03 13:33:46,CELRUSDT,SIDEWAYS,SELL,25,25,47.06,0,0,0,0,90,0.14,False
2026-08-03 13:33:46,DASHUSDT,DOWNTREND,SELL,0,0,11.76,0,0,0,0,65,0.01,False
2026-08-03 13:33:46,THETAUSDT,SIDEWAYS,SELL,10,10,16.67,0,0,0,0,0,0.0,False
2026-08-03 13:33:46,ENJUSDT,SIDEWAYS,SELL,0,0,49.33,0,0,0,0,90,0.28,False
2026-08-03 13:33:46,ATOMUSDT,SIDEWAYS,SELL,25,25,50.0,0,0,0,0,65,0.05,False
2026-08-03 13:33:46,TFUELUSDT,UPTREND,SELL,25,25,69.23,0,0,0,0,0,0.0,False
2026-08-03 13:33:46,ONEUSDT,UPTREND,SELL,25,25,66.67,0,0,0,0,0,0.06,False
2026-08-03 13:33:46,ALGOUSDT,DOWNTREND,SELL,5,5,10.0,0,0,0,0,75,0.03,False
2026-08-03 13:33:46,DOGEUSDT,DOWNTREND,SELL,0,0,27.87,0,0,0,0,100,0.27,False
2026-08-03 13:33:46,DUSKUSDT,DOWNTREND,SELL,0,0,30.77,0,0,0,0,0,0.0,False
2026-08-03 13:33:46,ANKRUSDT,SIDEWAYS,SELL,10,10,0.0,0,0,0,0,0,0.0,False
2026-08-03 13:33:46,WINUSDT,UPTREND,SELL,25,25,58.0,0,0,0,0,40,0.0,False
2026-08-03 13:33:46,MTLUSDT,SIDEWAYS,SELL,0,0,50.0,0,0,0,0,40,0.16,False
2026-08-03 13:33:46,CVCUSDT,UPTREND,SELL,25,25,57.89,0,0,0,0,20,0.0,False
2026-08-03 13:33:46,CHZUSDT,DOWNTREND,SELL,0,0,35.71,0,0,0,0,20,0.0,False
2026-08-03 13:33:46,BANDUSDT,SIDEWAYS,WAIT,40,40,9.09,0,0,0,0,0,3.57,False
2026-08-03 13:33:46,XTZUSDT,SIDEWAYS,SELL,25,25,25.0,0,0,0,0,0,0.0,False
2026-08-03 13:33:46,RVNUSDT,SIDEWAYS,SELL,10,10,0.0,0,0,0,0,0,0.0,False
2026-08-03 13:33:46,HBARUSDT,DOWNTREND,SELL,0,0,5.71,0,0,0,0,40,0.0,False
2026-08-03 13:33:46,STXUSDT,SIDEWAYS,WAIT,45,45,41.67,0,0,0,0,0,8.54,False
2026-08-03 13:33:46,KAVAUSDT,SIDEWAYS,SELL,15,15,40.0,0,0,0,0,0,0.0,False
2026-08-03 13:33:46,ARPAUSDT,UPTREND,SELL,0,0,100,0,0,0,0,0,0.0,False
2026-08-03 13:33:46,IOTXUSDT,UPTREND,SELL,0,0,100,0,0,0,0,0,0.0,False
2026-08-03 13:33:46,RLCUSDT,SIDEWAYS,SELL,25,25,50.0,0,0,0,0,20,0.0,False
2026-08-03 13:33:46,BCHUSDT,DOWNTREND,SELL,0,0,11.76,0,0,0,0,40,0.0,False
2026-08-03 13:33:46,FTTUSDT,SIDEWAYS,SELL,20,20,48.72,0,0,0,0,20,0.0,False
2026-08-03 13:33:46,EURUSDT,UPTREND,WAIT,45,45,72.73,0,0,0,0,100,0.27,False
2026-08-03 13:33:46,OGNUSDT,UPTREND,SELL,10,10,77.27,0,0,0,0,0,0.0,False
2026-08-03 13:33:46,LSKUSDT,SIDEWAYS,SELL,5,5,50.0,0,0,0,0,20,0.33,False
2026-08-03 13:33:46,BNTUSDT,DOWNTREND,SELL,0,0,30.0,0,0,0,0,0,0.0,False
2026-08-03 13:33:46,MBLUSDT,SIDEWAYS,SELL,25,25,52.94,0,0,0,0,90,0.2,False
2026-08-03 13:33:46,COTIUSDT,UPTREND,SELL,25,25,56.25,0,0,0,0,50,0.0,False
2026-08-03 13:33:46,SOLUSDT,DOWNTREND,SELL,15,15,21.43,0,0,0,0,100,0.35,False
2026-08-03 13:33:46,CTSIUSDT,UPTREND,SELL,25,25,60.0,0,0,0,0,0,0.0,False
2026-08-03 13:33:46,HIVEUSDT,SIDEWAYS,SELL,20,20,50.0,0,0,0,0,0,0.0,False
2026-08-03 13:33:46,CHRUSDT,UPTREND,SELL,25,25,58.33,0,0,0,0,0,0.0,False
2026-08-03 13:33:46,KNCUSDT,UPTREND,SELL,0,0,80.0,0,0,0,0,0,0.0,False
2026-08-03 13:33:46,COMPUSDT,UPTREND,SELL,25,25,60.0,0,0,0,0,0,0.0,False
2026-08-03 13:33:46,SCUSDT,SIDEWAYS,SELL,10,10,0.0,0,0,0,0,0,0.0,False
2026-08-03 13:33:46,ZENUSDT,DOWNTREND,SELL,0,0,16.28,0,0,0,0,40,0.0,False
2026-08-03 13:33:46,SNXUSDT,UPTREND,SELL,0,0,100,0,0,0,0,0,0.0,False
2026-08-03 13:33:46,VTHOUSDT,UPTREND,SELL,0,0,100,0,0,0,0,0,0.0,False
2026-08-03 13:33:46,DGBUSDT,SIDEWAYS,WAIT,30,30,45.45,0,0,0,0,0,30.28,False
2026-08-03 13:33:46,DCRUSDT,UPTREND,SELL,25,25,66.67,0,0,0,0,0,0.0,False
2026-08-03 13:33:46,STORJUSDT,DOWNTREND,SELL,0,0,25.0,0,0,0,0,40,0.0,False
2026-08-03 13:33:46,MANAUSDT,SIDEWAYS,SELL,10,10,20.0,0,0,0,0,0,0.0,False
2026-08-03 13:33:46,YFIUSDT,SIDEWAYS,SELL,25,25,20.0,0,0,0,0,0,0.0,False
2026-08-03 13:33:46,JSTUSDT,DOWNTREND,SELL,0,0,17.14,0,0,0,0,75,0.02,False
2026-08-03 13:33:46,CRVUSDT,SIDEWAYS,SELL,20,20,17.65,0,0,0,0,40,0.11,False
2026-08-03 13:33:46,SANDUSDT,DOWNTREND,SELL,0,0,11.11,0,0,0,0,65,0.03,False
2026-08-03 13:33:46,NMRUSDT,UPTREND,SELL,25,25,66.67,0,0,0,0,0,0.0,False
2026-08-03 13:33:46,DOTUSDT,SIDEWAYS,WAIT,65,65,40.0,0,0,0,0,100,1.56,False
2026-08-03 13:33:46,LUNAUSDT,SIDEWAYS,SELL,15,15,40.0,0,0,0,0,0,0.0,False
2026-08-03 13:33:46,RSRUSDT,DOWNTREND,SELL,0,0,30.77,0,0,0,0,0,0.0,False
2026-08-03 13:33:46,PAXGUSDT,DOWNTREND,SELL,10,10,29.39,0,0,0,0,30,0.0,False
2026-08-03 13:33:46,TRBUSDT,DOWNTREND,SELL,0,0,18.75,0,0,0,0,0,0.09,False
2026-08-03 13:33:46,SUSHIUSDT,SIDEWAYS,SELL,25,25,37.5,0,0,0,0,0,0.0,False
2026-08-03 13:33:46,KSMUSDT,DOWNTREND,SELL,10,10,33.33,0,0,0,0,20,0.0,False
2026-08-03 13:33:46,EGLDUSDT,SIDEWAYS,SELL,5,5,50.0,0,0,0,0,0,0.0,False
2026-08-03 13:33:46,DIAUSDT,DOWNTREND,SELL,10,10,38.46,0,0,0,0,75,0.07,False
2026-08-03 13:33:46,RUNEUSDT,DOWNTREND,SELL,0,0,25.0,0,0,0,0,0,1.83,False
2026-08-03 13:33:46,UMAUSDT,SIDEWAYS,SELL,25,25,50.0,0,0,0,0,0,0.0,False
2026-08-03 13:33:46,BELUSDT,SIDEWAYS,SELL,25,25,33.33,0,0,0,0,0,0.0,False
2026-08-03 13:33:46,UNIUSDT,DOWNTREND,SELL,20,20,17.39,0,0,0,0,75,0.0,False
2026-08-03 13:33:46,SUNUSDT,SIDEWAYS,SELL,0,0,100,0,0,0,0,0,0.0,False
2026-08-03 13:33:46,AVAXUSDT,SIDEWAYS,SELL,25,25,37.5,0,0,0,0,75,0.05,False
2026-08-03 13:33:46,XVSUSDT,SIDEWAYS,SELL,25,25,50.0,0,0,0,0,70,0.1,False
2026-08-03 13:33:46,AAVEUSDT,DOWNTREND,SELL,15,15,18.69,0,0,0,0,100,0.3,False
2026-08-03 13:33:46,NEARUSDT,DOWNTREND,WAIT,30,30,35.71,0,0,0,0,100,0.71,False
2026-08-03 13:33:46,FILUSDT,DOWNTREND,SELL,15,15,21.69,0,0,0,0,100,1.0,False
2026-08-03 13:33:46,INJUSDT,DOWNTREND,SELL,10,10,32.61,0,0,0,0,80,0.2,False
2026-08-03 13:33:46,AUDIOUSDT,SIDEWAYS,SELL,10,10,46.15,0,0,0,0,0,0.0,False
2026-08-03 13:33:46,CTKUSDT,UPTREND,SELL,0,0,100,0,0,0,0,0,0.0,False
2026-08-03 13:33:46,AXSUSDT,DOWNTREND,SELL,0,0,16.67,0,0,0,0,50,1.2,False
2026-08-03 13:33:46,STRAXUSDT,DOWNTREND,SELL,0,0,33.33,0,0,0,0,0,0.0,False
2026-08-03 13:33:46,ROSEUSDT,DOWNTREND,SELL,0,0,14.29,0,0,0,0,0,1.26,False
2026-08-03 13:33:46,AVAUSDT,SIDEWAYS,SELL,0,0,48.65,0,0,0,0,0,0.0,False
2026-08-03 13:33:46,SKLUSDT,SIDEWAYS,SELL,20,20,50.0,0,0,0,0,20,0.0,False
2026-08-03 13:33:46,GRTUSDT,SIDEWAYS,SELL,25,25,26.67,0,0,0,0,75,0.04,False
2026-08-03 13:33:46,JUVUSDT,SIDEWAYS,SELL,25,25,50.0,0,0,0,0,45,0.05,False
2026-08-03 13:33:46,PSGUSDT,SIDEWAYS,WAIT,45,45,40.0,0,0,0,0,20,7.25,False
2026-08-03 13:33:46,1INCHUSDT,DOWNTREND,SELL,0,0,33.33,0,0,0,0,0,0.0,False
2026-08-03 13:33:46,OGUSDT,SIDEWAYS,SELL,25,25,50.0,0,0,0,0,0,0.0,False
2026-08-03 13:33:46,ATMUSDT,SIDEWAYS,SELL,25,25,44.44,0,0,0,0,20,0.0,False
2026-08-03 13:33:46,ASRUSDT,SIDEWAYS,WAIT,45,45,40.0,0,0,0,0,0,3.03,False
2026-08-03 13:33:46,CELOUSDT,SIDEWAYS,SELL,15,15,37.5,0,0,0,0,0,0.0,False
2026-08-03 13:33:46,RIFUSDT,SIDEWAYS,SELL,25,25,38.89,0,0,0,0,75,0.01,False
2026-08-03 13:33:46,CKBUSDT,SIDEWAYS,SELL,10,10,20.0,0,0,0,0,0,0.0,False
2026-08-03 13:33:46,TWTUSDT,DOWNTREND,SELL,0,0,14.29,0,0,0,0,0,0.0,False
2026-08-03 13:33:46,SFPUSDT,SIDEWAYS,SELL,5,5,46.67,0,0,0,0,30,0.37,False
2026-08-03 13:33:46,DODOUSDT,SIDEWAYS,SELL,0,0,77.78,0,0,0,0,0,0.0,False
2026-08-03 13:33:46,CAKEUSDT,DOWNTREND,SELL,0,0,16.67,0,0,0,0,20,0.0,False
2026-08-03 13:33:46,ACMUSDT,UPTREND,SELL,25,25,60.0,0,0,0,0,20,0.44,False
2026-08-03 13:33:46,ALICEUSDT,UPTREND,SELL,0,0,100,0,0,0,0,0,0.0,False
2026-08-03 13:33:46,SUPERUSDT,DOWNTREND,SELL,0,0,0.0,0,0,0,0,0,0.0,False
2026-08-03 13:33:46,CFXUSDT,DOWNTREND,SELL,0,0,26.32,0,0,0,0,40,0.0,False
2026-08-03 13:33:46,TKOUSDT,UPTREND,WAIT,60,60,80.0,0,0,0,0,70,2.02,False
2026-08-03 13:33:46,PUNDIXUSDT,UPTREND,SELL,10,10,75.0,0,0,0,0,0,0.0,False
2026-08-03 13:33:46,TLMUSDT,UPTREND,WAIT,70,70,57.14,0,0,0,0,100,0.48,False
2026-08-03 13:33:46,BARUSDT,DOWNTREND,SELL,0,0,40.0,0,0,0,0,0,0.0,False
2026-08-03 13:33:46,SLPUSDT,DOWNTREND,SELL,0,0,20.0,0,0,0,0,0,0.0,False
2026-08-03 13:33:46,SHIBUSDT,DOWNTREND,SELL,0,0,20.0,0,0,0,0,50,0.0,False
2026-08-03 13:33:46,ICPUSDT,DOWNTREND,SELL,0,0,6.25,0,0,0,0,65,0.02,False
2026-08-03 13:33:46,ARUSDT,DOWNTREND,SELL,0,0,0.0,0,0,0,0,65,0.01,False
2026-08-03 13:33:46,MASKUSDT,SIDEWAYS,SELL,20,20,0.0,0,0,0,0,0,0.0,False
2026-08-03 13:33:46,LPTUSDT,SIDEWAYS,SELL,25,25,50.0,0,0,0,0,40,0.0,False
2026-08-03 13:33:46,XVGUSDT,DOWNTREND,SELL,0,0,42.86,0,0,0,0,0,0.0,False
2026-08-03 13:33:46,GTCUSDT,UPTREND,SELL,25,25,63.09,0,0,0,0,65,0.05,False
2026-08-03 13:33:46,PHAUSDT,DOWNTREND,SELL,0,0,0.0,0,0,0,0,0,0.0,False
2026-08-03 13:33:46,DEXEUSDT,DOWNTREND,WAIT,50,50,23.61,0,0,0,0,100,4.6,False
2026-08-03 13:33:46,C98USDT,UPTREND,SELL,25,25,58.73,0,0,0,0,0,0.0,False
2026-08-03 13:33:46,QNTUSDT,DOWNTREND,SELL,0,0,23.08,0,0,0,0,20,0.0,False
2026-08-03 13:33:46,FLOWUSDT,DOWNTREND,SELL,0,0,20.83,0,0,0,0,40,0.0,False
2026-08-03 13:33:46,MINAUSDT,SIDEWAYS,SELL,15,15,40.0,0,0,0,0,0,0.0,False
2026-08-03 13:33:46,RAYUSDT,DOWNTREND,SELL,0,0,28.57,0,0,0,0,55,0.09,False
2026-08-03 13:33:46,QUICKUSDT,UPTREND,SELL,0,0,100,0,0,0,0,0,0.0,False
2026-08-03 13:33:46,REQUSDT,UPTREND,SELL,25,25,62.5,0,0,0,0,0,0.0,False
2026-08-03 13:33:46,WAXPUSDT,DOWNTREND,SELL,0,0,33.33,0,0,0,0,50,0.0,False
2026-08-03 13:33:46,GNOUSDT,UPTREND,SELL,25,25,100,0,0,0,0,0,0.0,False
2026-08-03 13:33:46,XECUSDT,DOWNTREND,SELL,0,0,0.0,0,0,0,0,50,1.16,False
2026-08-03 13:33:46,DYDXUSDT,SIDEWAYS,SELL,20,20,46.59,0,0,0,0,0,0.0,False
2026-08-03 13:33:46,USDPUSDT,SIDEWAYS,SELL,0,0,100,0,0,0,0,0,0.0,False
2026-08-03 13:33:46,GALAUSDT,SIDEWAYS,SELL,20,20,54.55,0,0,0,0,0,0.0,False
2026-08-03 13:33:46,ILVUSDT,SIDEWAYS,SELL,25,25,33.33,0,0,0,0,5,0.04,False
2026-08-03 13:33:46,YGGUSDT,SIDEWAYS,SELL,25,25,30.0,0,0,0,0,0,0.0,False
2026-08-03 13:33:46,FIDAUSDT,SIDEWAYS,SELL,25,25,33.33,0,0,0,0,0,0.0,False
2026-08-03 13:33:46,AGLDUSDT,DOWNTREND,SELL,0,0,31.82,0,0,0,0,0,0.0,False
2026-08-03 13:33:46,RADUSDT,SIDEWAYS,SELL,5,5,33.33,0,0,0,0,60,0.16,False
2026-08-03 13:33:46,RAREUSDT,UPTREND,WAIT,50,50,58.54,0,0,0,0,50,6.2,False
2026-08-03 13:33:46,LAZIOUSDT,SIDEWAYS,SELL,25,25,50.0,0,0,0,0,80,1.28,False
2026-08-03 13:33:46,ADXUSDT,SIDEWAYS,SELL,0,0,50.0,0,0,0,0,60,0.21,False
2026-08-03 13:33:46,AUCTIONUSDT,SIDEWAYS,SELL,25,25,38.46,0,0,0,0,0,0.0,False
2026-08-03 13:33:46,MOVRUSDT,UPTREND,SELL,0,0,100,0,0,0,0,0,0.0,False
2026-08-03 13:33:46,CITYUSDT,UPTREND,SELL,25,25,60.0,0,0,0,0,0,0.0,False
2026-08-03 13:33:46,ENSUSDT,DOWNTREND,SELL,15,15,0.0,0,0,0,0,0,7.17,False
2026-08-03 13:33:46,QIUSDT,UPTREND,WAIT,75,75,75.0,0,0,0,0,70,11.49,False
2026-08-03 13:33:46,PORTOUSDT,SIDEWAYS,SELL,20,20,50.0,0,0,0,0,80,0.92,False
2026-08-03 13:33:46,POWRUSDT,UPTREND,SELL,0,0,100,0,0,0,0,0,0.0,False
2026-08-03 13:33:46,JASMYUSDT,DOWNTREND,SELL,0,0,33.33,0,0,0,0,30,0.67,False
2026-08-03 13:33:46,AMPUSDT,DOWNTREND,SELL,0,0,40.0,0,0,0,0,0,0.0,False
2026-08-03 13:33:46,PYRUSDT,UPTREND,WAIT,45,45,60.0,0,0,0,0,90,0.16,False
2026-08-03 13:33:46,SANTOSUSDT,DOWNTREND,SELL,0,0,25.0,0,0,0,0,0,0.0,False
2026-08-03 13:33:46,BICOUSDT,SIDEWAYS,WAIT,65,65,29.37,0,0,0,0,100,0.54,False
2026-08-03 13:33:46,FLUXUSDT,SIDEWAYS,SELL,20,20,50.0,0,0,0,0,0,0.0,False
2026-08-03 13:33:46,CVXUSDT,SIDEWAYS,SELL,25,25,38.46,0,0,0,0,0,0.0,False
2026-08-03 13:33:46,PEOPLEUSDT,DOWNTREND,SELL,0,0,21.43,0,0,0,0,90,0.31,False
2026-08-03 13:33:46,SPELLUSDT,SIDEWAYS,SELL,15,15,40.0,0,0,0,0,0,0.0,False
2026-08-03 13:33:46,JOEUSDT,DOWNTREND,SELL,10,10,33.33,0,0,0,0,70,0.13,False
2026-08-03 13:33:46,ACHUSDT,DOWNTREND,SELL,0,0,16.67,0,0,0,0,30,0.38,False
2026-08-03 13:33:46,IMXUSDT,SIDEWAYS,SELL,25,25,42.86,0,0,0,0,0,0.0,False
2026-08-03 13:33:46,GLMRUSDT,SIDEWAYS,WAIT,55,55,45.16,0,0,0,0,70,6.41,False
2026-08-03 13:33:46,SCRTUSDT,UPTREND,SELL,25,25,60.0,0,0,0,0,40,0.0,False
2026-08-03 13:33:46,API3USDT,UPTREND,SELL,25,25,60.0,0,0,0,0,25,0.07,False
2026-08-03 13:33:46,BTTCUSDT,SIDEWAYS,WAIT,35,35,50.0,0,0,0,0,70,0.2,False
2026-08-03 13:33:46,XNOUSDT,UPTREND,SELL,25,25,66.67,0,0,0,0,0,0.0,False
2026-08-03 13:33:46,WOOUSDT,SIDEWAYS,SELL,25,25,30.0,0,0,0,0,0,0.0,False
2026-08-03 13:33:46,ALPINEUSDT,UPTREND,SELL,0,0,100,0,0,0,0,0,0.0,False
2026-08-03 13:33:46,TUSDT,UPTREND,WAIT,45,45,57.14,0,0,0,0,70,0.27,False
2026-08-03 13:33:46,ASTRUSDT,SIDEWAYS,SELL,25,25,32.35,0,0,0,0,0,0.0,False
2026-08-03 13:33:46,GMTUSDT,DOWNTREND,SELL,0,0,14.29,0,0,0,0,80,0.12,False
2026-08-03 13:33:46,APEUSDT,DOWNTREND,SELL,0,0,16.67,0,0,0,0,40,0.23,False
2026-08-03 13:33:46,STEEMUSDT,SIDEWAYS,SELL,10,10,45.71,0,0,0,0,0,0.0,False
2026-08-03 13:33:46,NEXOUSDT,DOWNTREND,SELL,0,0,16.67,0,0,0,0,65,0.01,False
2026-08-03 13:33:46,LDOUSDT,DOWNTREND,WAIT,45,45,25.0,0,0,0,0,90,2.64,False
2026-08-03 13:33:46,OPUSDT,DOWNTREND,SELL,0,0,0.0,0,0,0,0,65,0.02,False
2026-08-03 13:33:46,STGUSDT,SIDEWAYS,SELL,25,25,37.5,0,0,0,0,0,0.0,False
2026-08-03 13:33:46,LUNCUSDT,DOWNTREND,SELL,10,10,21.43,0,0,0,0,100,1.37,False
2026-08-03 13:33:46,GMXUSDT,DOWNTREND,SELL,0,0,20.0,0,0,0,0,90,0.23,False
2026-08-03 13:33:46,POLYXUSDT,SIDEWAYS,SELL,10,10,0.0,0,0,0,0,0,0.0,False
2026-08-03 13:33:46,APTUSDT,DOWNTREND,SELL,0,0,16.67,0,0,0,0,20,0.0,False
2026-08-03 13:33:46,OSMOUSDT,UPTREND,SELL,25,25,60.0,0,0,0,0,0,0.0,False
2026-08-03 13:33:46,HFTUSDT,UPTREND,WAIT,60,60,57.07,0,0,0,0,100,0.38,False
2026-08-03 13:33:46,MAGICUSDT,SIDEWAYS,SELL,15,15,40.0,0,0,0,0,0,0.0,False
2026-08-03 13:33:46,RPLUSDT,DOWNTREND,SELL,0,0,0.0,0,0,0,0,0,0.0,False
2026-08-03 13:33:46,GNSUSDT,SIDEWAYS,SELL,25,25,50.0,0,0,0,0,0,0.0,False
2026-08-03 13:33:46,SYNUSDT,DOWNTREND,WAIT,35,35,27.32,0,0,0,0,100,1.3,False
2026-08-03 13:33:46,SSVUSDT,DOWNTREND,SELL,10,10,33.33,0,0,0,0,0,0.0,False
2026-08-03 13:33:46,LQTYUSDT,UPTREND,WAIT,45,45,61.11,0,0,0,0,50,1.94,False
2026-08-03 13:33:46,USTCUSDT,SIDEWAYS,SELL,25,25,25.0,0,0,0,0,0,0.0,False
2026-08-03 13:33:46,GASUSDT,SIDEWAYS,SELL,20,20,45.45,0,0,0,0,0,0.0,False
2026-08-03 13:33:46,GLMUSDT,SIDEWAYS,SELL,25,25,42.86,0,0,0,0,0,0.0,False
2026-08-03 13:33:46,PROMUSDT,DOWNTREND,SELL,10,10,27.91,0,0,0,0,40,0.0,False
2026-08-03 13:33:46,QKCUSDT,UPTREND,SELL,25,25,69.23,0,0,0,0,0,0.0,False
2026-08-03 13:33:46,IDUSDT,SIDEWAYS,SELL,10,10,0.0,0,0,0,0,0,0.0,False
2026-08-03 13:33:46,ARBUSDT,DOWNTREND,SELL,5,5,0.0,0,0,0,0,90,1.07,False
2026-08-03 13:33:46,WBTCUSDT,DOWNTREND,SELL,0,0,8.0,0,0,0,0,0,0.67,False
2026-08-03 13:33:46,EDUUSDT,DOWNTREND,SELL,0,0,15.38,0,0,0,0,50,0.0,False
2026-08-03 13:33:46,SUIUSDT,DOWNTREND,WAIT,50,50,30.51,0,0,0,0,100,3.1,False
2026-08-03 13:33:46,PEPEUSDT,SIDEWAYS,WAIT,55,55,40.0,0,0,0,0,100,1.57,False
2026-08-03 13:33:46,FLOKIUSDT,DOWNTREND,SELL,0,0,0.0,0,0,0,0,90,0.43,False
2026-08-03 13:33:46,MAVUSDT,UPTREND,SELL,25,25,58.33,0,0,0,0,0,0.0,False
2026-08-03 13:33:46,PENDLEUSDT,DOWNTREND,SELL,0,0,6.67,0,0,0,0,40,0.0,False
2026-08-03 13:33:46,ARKMUSDT,SIDEWAYS,SELL,10,10,0.0,0,0,0,0,0,0.0,False
2026-08-03 13:33:46,WBETHUSDT,DOWNTREND,SELL,0,0,41.88,0,0,0,0,0,0.0,False
2026-08-03 13:33:46,WLDUSDT,SIDEWAYS,WAIT,60,60,35.14,0,0,0,0,100,1.17,False
2026-08-03 13:33:46,FDUSDUSDT,SIDEWAYS,SELL,10,10,50.0,0,0,0,0,80,0.1,False
2026-08-03 13:33:46,SEIUSDT,DOWNTREND,SELL,5,5,12.5,0,0,0,0,90,0.97,False
2026-08-03 13:33:46,CYBERUSDT,UPTREND,SELL,0,0,100,0,0,0,0,0,0.0,False
2026-08-03 13:33:46,ARKUSDT,UPTREND,SELL,25,25,60.0,0,0,0,0,0,0.0,False
2026-08-03 13:33:46,IQUSDT,UPTREND,SELL,0,0,100,0,0,0,0,0,0.0,False
2026-08-03 13:33:46,TIAUSDT,DOWNTREND,WAIT,35,35,35.29,0,0,0,0,100,2.51,False
2026-08-03 13:33:46,MEMEUSDT,SIDEWAYS,SELL,25,25,33.33,0,0,0,0,20,0.0,False
2026-08-03 13:33:46,ORDIUSDT,SIDEWAYS,WAIT,65,65,53.06,0,0,0,0,100,0.47,False
2026-08-03 13:33:47,BEAMXUSDT,SIDEWAYS,WAIT,35,35,44.0,0,0,0,0,50,8.09,False
2026-08-03 13:33:47,PIVXUSDT,SIDEWAYS,SELL,25,25,53.85,0,0,0,0,50,0.0,False
2026-08-03 13:33:47,VICUSDT,UPTREND,BUY,80,80,71.43,0,0,0,0,100,1.46,False
2026-08-03 13:33:47,BLURUSDT,SIDEWAYS,SELL,25,25,28.57,0,0,0,0,0,0.0,False
2026-08-03 13:33:47,VANRYUSDT,SIDEWAYS,SELL,25,25,44.88,0,0,0,0,75,0.04,False
2026-08-03 13:33:47,JTOUSDT,SIDEWAYS,BUY,75,75,48.94,0,0,0,0,90,3.34,False
2026-08-03 13:33:47,1000SATSUSDT,SIDEWAYS,WAIT,65,65,44.44,0,0,0,0,90,2.22,False
2026-08-03 13:33:47,BONKUSDT,SIDEWAYS,SELL,15,15,50.0,0,0,0,0,50,0.62,False
2026-08-03 13:33:47,ACEUSDT,SIDEWAYS,SELL,25,25,55.0,0,0,0,0,90,0.13,False
2026-08-03 13:33:47,AIUSDT,UPTREND,SELL,0,0,100,0,0,0,0,30,0.0,False
2026-08-03 13:33:47,XAIUSDT,SIDEWAYS,SELL,0,0,40.0,0,0,0,0,40,0.19,False
2026-08-03 13:33:47,MANTAUSDT,DOWNTREND,SELL,0,0,22.99,0,0,0,0,45,0.08,False
2026-08-03 13:33:47,ALTUSDT,DOWNTREND,SELL,0,0,16.67,0,0,0,0,0,0.0,False
2026-08-03 13:33:47,JUPUSDT,DOWNTREND,SELL,0,0,20.0,0,0,0,0,50,0.39,False
2026-08-03 13:33:47,PYTHUSDT,DOWNTREND,SELL,0,0,19.51,0,0,0,0,70,0.52,False
2026-08-03 13:33:47,RONINUSDT,DOWNTREND,SELL,0,0,0.0,0,0,0,0,0,0.0,False
2026-08-03 13:33:47,DYMUSDT,SIDEWAYS,SELL,15,15,37.5,0,0,0,0,0,0.0,False
2026-08-03 13:33:47,PIXELUSDT,DOWNTREND,SELL,0,0,33.33,0,0,0,0,0,0.0,False
2026-08-03 13:33:47,STRKUSDT,SIDEWAYS,WAIT,40,40,9.09,0,0,0,0,100,0.63,False
2026-08-03 13:33:47,PORTALUSDT,UPTREND,SELL,25,25,66.67,0,0,0,0,75,0.05,False
2026-08-03 13:33:47,AXLUSDT,SIDEWAYS,SELL,20,20,50.0,0,0,0,0,0,0.0,False
2026-08-03 13:33:47,WIFUSDT,SIDEWAYS,SELL,25,25,28.57,0,0,0,0,45,0.01,False
2026-08-03 13:33:47,METISUSDT,DOWNTREND,SELL,0,0,0.0,0,0,0,0,50,0.78,False
2026-08-03 13:33:47,AEVOUSDT,DOWNTREND,SELL,0,0,37.84,0,0,0,0,40,0.0,False
2026-08-03 13:33:47,BOMEUSDT,DOWNTREND,SELL,10,10,14.44,0,0,0,0,100,1.54,False
2026-08-03 13:33:47,ETHFIUSDT,DOWNTREND,SELL,0,0,27.91,0,0,0,0,90,0.17,False
2026-08-03 13:33:47,ENAUSDT,DOWNTREND,SELL,15,15,36.84,0,0,0,0,100,0.7,False
2026-08-03 13:33:47,WUSDT,DOWNTREND,SELL,0,0,40.0,0,0,0,0,0,0.0,False
2026-08-03 13:33:47,TNSRUSDT,SIDEWAYS,SELL,20,20,50.0,0,0,0,0,0,0.0,False
2026-08-03 13:33:47,SAGAUSDT,SIDEWAYS,SELL,15,15,38.89,0,0,0,0,80,0.24,False
2026-08-03 13:33:47,TAOUSDT,DOWNTREND,WAIT,30,30,6.67,0,0,0,0,100,1.13,False
2026-08-03 13:33:47,REZUSDT,DOWNTREND,SELL,0,0,37.5,0,0,0,0,45,0.09,False
2026-08-03 13:33:47,BBUSDT,SIDEWAYS,SELL,25,25,37.84,0,0,0,0,70,0.14,False
2026-08-03 13:33:47,NOTUSDT,SIDEWAYS,SELL,20,20,50.0,0,0,0,0,0,0.0,False
2026-08-03 13:33:47,IOUSDT,SIDEWAYS,WAIT,30,30,30.0,0,0,0,0,30,0.65,False
2026-08-03 13:33:47,ZKUSDT,SIDEWAYS,SELL,25,25,30.0,0,0,0,0,25,0.04,False
2026-08-03 13:33:47,LISTAUSDT,SIDEWAYS,SELL,10,10,0.0,0,0,0,0,0,0.0,False
2026-08-03 13:33:47,ZROUSDT,DOWNTREND,SELL,0,0,41.67,0,0,0,0,40,0.18,False
2026-08-03 13:33:47,GUSDT,UPTREND,SELL,0,0,100,0,0,0,0,30,0.43,False
2026-08-03 13:33:47,BANANAUSDT,SIDEWAYS,SELL,25,25,43.59,0,0,0,0,45,0.03,False
2026-08-03 13:33:47,RENDERUSDT,DOWNTREND,SELL,0,0,21.43,0,0,0,0,20,0.0,False
2026-08-03 13:33:47,DOGSUSDT,SIDEWAYS,SELL,15,15,40.62,0,0,0,0,65,0.06,False
2026-08-03 13:33:47,EURIUSDT,UPTREND,SELL,25,25,66.67,0,0,0,0,20,0.0,False
2026-08-03 13:33:47,POLUSDT,DOWNTREND,SELL,0,0,17.14,0,0,0,0,50,0.0,False
2026-08-03 13:33:47,NEIROUSDT,SIDEWAYS,SELL,15,15,45.1,0,0,0,0,100,0.25,False
2026-08-03 13:33:47,TURBOUSDT,SIDEWAYS,SELL,0,0,25.0,0,0,0,0,0,0.15,False
2026-08-03 13:33:47,1MBABYDOGEUSDT,DOWNTREND,SELL,0,0,25.93,0,0,0,0,0,0.0,False
2026-08-03 13:33:47,CATIUSDT,DOWNTREND,SELL,0,0,26.09,0,0,0,0,45,0.05,False
2026-08-03 13:33:47,HMSTRUSDT,DOWNTREND,SELL,15,15,33.33,0,0,0,0,80,0.13,False
2026-08-03 13:33:47,EIGENUSDT,DOWNTREND,SELL,10,10,23.81,0,0,0,0,70,1.28,False
2026-08-03 13:33:47,SCRUSDT,UPTREND,SELL,25,25,56.82,0,0,0,0,20,0.0,False
2026-08-03 13:33:47,BNSOLUSDT,DOWNTREND,SELL,0,0,0.0,0,0,0,0,0,0.0,False
2026-08-03 13:33:47,LUMIAUSDT,UPTREND,SELL,20,20,66.67,0,0,0,0,0,0.0,False
2026-08-03 13:33:47,KAIAUSDT,DOWNTREND,SELL,0,0,0.0,0,0,0,0,0,0.18,False
2026-08-03 13:33:47,COWUSDT,DOWNTREND,SELL,0,0,30.0,0,0,0,0,0,0.0,False
2026-08-03 13:33:47,CETUSUSDT,SIDEWAYS,SELL,10,10,20.0,0,0,0,0,0,0.0,False
2026-08-03 13:33:47,PNUTUSDT,SIDEWAYS,WAIT,30,30,33.33,0,0,0,0,50,1.31,False
2026-08-03 13:33:47,ACTUSDT,UPTREND,SELL,25,25,57.14,0,0,0,0,0,0.0,False
2026-08-03 13:33:47,USUALUSDT,UPTREND,SELL,0,0,60.0,0,0,0,0,60,0.17,False
2026-08-03 13:33:47,THEUSDT,UPTREND,SELL,0,0,100,0,0,0,0,0,0.0,False
2026-08-03 13:33:47,ACXUSDT,UPTREND,SELL,25,25,64.94,0,0,0,0,75,0.02,False
2026-08-03 13:33:47,ORCAUSDT,SIDEWAYS,SELL,25,25,25.0,0,0,0,0,0,0.0,False
2026-08-03 13:33:47,MOVEUSDT,SIDEWAYS,SELL,0,0,100,0,0,0,0,90,0.23,False
2026-08-03 13:33:47,MEUSDT,SIDEWAYS,SELL,10,10,17.39,0,0,0,0,20,0.0,False
2026-08-03 13:33:47,VELODROMEUSDT,SIDEWAYS,SELL,15,15,42.86,0,0,0,0,0,0.0,False
2026-08-03 13:33:47,VANAUSDT,DOWNTREND,SELL,0,0,42.86,0,0,0,0,0,0.0,False
2026-08-03 13:33:47,1000CATUSDT,DOWNTREND,SELL,0,0,0.0,0,0,0,0,0,0.0,False
2026-08-03 13:33:47,PENGUUSDT,DOWNTREND,SELL,20,20,32.5,0,0,0,0,100,0.81,False
2026-08-03 13:33:47,BIOUSDT,SIDEWAYS,SELL,25,25,30.43,0,0,0,0,20,0.0,False
2026-08-03 13:33:47,AIXBTUSDT,DOWNTREND,SELL,0,0,7.69,0,0,0,0,0,0.0,False
2026-08-03 13:33:47,CGPTUSDT,UPTREND,SELL,0,0,60.34,0,0,0,0,40,0.21,False
2026-08-03 13:33:47,COOKIEUSDT,UPTREND,SELL,0,0,100,0,0,0,0,0,0.0,False
2026-08-03 13:33:47,SUSDT,DOWNTREND,SELL,0,0,24.32,0,0,0,0,75,0.03,False
2026-08-03 13:33:47,SOLVUSDT,SIDEWAYS,SELL,20,20,50.0,0,0,0,0,0,0.0,False
2026-08-03 13:33:47,TRUMPUSDT,DOWNTREND,WAIT,30,30,31.58,0,0,0,0,100,0.39,False
2026-08-03 13:33:47,ANIMEUSDT,UPTREND,SELL,0,0,100,0,0,0,0,0,0.0,False
2026-08-03 13:33:47,BERAUSDT,DOWNTREND,SELL,10,10,36.0,0,0,0,0,70,0.82,False
2026-08-03 13:33:47,1000CHEEMSUSDT,DOWNTREND,SELL,10,10,42.86,0,0,0,0,90,0.13,False
2026-08-03 13:33:47,TSTUSDT,UPTREND,SELL,25,25,55.56,0,0,0,0,45,0.06,False
2026-08-03 13:33:47,LAYERUSDT,DOWNTREND,SELL,0,0,25.0,0,0,0,0,5,0.04,False
2026-08-03 13:33:47,HEIUSDT,SIDEWAYS,SELL,25,25,50.0,0,0,0,0,80,0.13,False
2026-08-03 13:33:47,KAITOUSDT,DOWNTREND,BUY,75,75,35.89,0,0,0,0,100,3.14,False
2026-08-03 13:33:47,SHELLUSDT,UPTREND,SELL,0,0,100,0,0,0,0,0,0.0,False
2026-08-03 13:33:47,REDUSDT,SIDEWAYS,SELL,20,20,50.0,0,0,0,0,0,0.0,False
2026-08-03 13:33:47,GPSUSDT,SIDEWAYS,SELL,0,0,48.15,0,0,0,0,70,0.39,False
2026-08-03 13:33:47,EPICUSDT,UPTREND,WAIT,40,40,77.78,0,0,0,0,100,0.27,False
2026-08-03 13:33:47,BMTUSDT,DOWNTREND,WAIT,30,30,33.33,0,0,0,0,70,4.72,False
2026-08-03 13:33:47,FORMUSDT,DOWNTREND,SELL,0,0,11.76,0,0,0,0,20,0.0,False
2026-08-03 13:33:47,XUSDUSDT,SIDEWAYS,SELL,0,0,100,0,0,0,0,0,0.0,False
2026-08-03 13:33:47,NILUSDT,SIDEWAYS,BUY,90,90,53.33,0,0,0,0,100,1.52,False
2026-08-03 13:33:47,PARTIUSDT,UPTREND,WAIT,60,60,66.67,0,0,0,0,30,39.94,False
2026-08-03 13:33:47,MUBARAKUSDT,DOWNTREND,SELL,0,0,36.84,0,0,0,0,50,0.0,False
2026-08-03 13:33:47,TUTUSDT,UPTREND,WAIT,80,80,55.56,0,0,0,0,100,0.7,False
2026-08-03 13:33:47,BROCCOLI714USDT,DOWNTREND,SELL,0,0,36.36,0,0,0,0,40,0.0,False
2026-08-03 13:33:47,BANANAS31USDT,DOWNTREND,SELL,0,0,15.52,0,0,0,0,65,0.01,False
2026-08-03 13:33:47,GUNUSDT,SIDEWAYS,SELL,25,25,33.33,0,0,0,0,75,0.03,False
2026-08-03 13:33:47,BABYUSDT,DOWNTREND,SELL,0,0,30.0,0,0,0,0,50,0.0,False
2026-08-03 13:33:47,ONDOUSDT,DOWNTREND,SELL,0,0,27.12,0,0,0,0,100,0.28,False
2026-08-03 13:33:47,BIGTIMEUSDT,SIDEWAYS,SELL,10,10,20.0,0,0,0,0,0,0.0,False
2026-08-03 13:33:47,VIRTUALUSDT,DOWNTREND,SELL,0,0,22.73,0,0,0,0,65,0.07,False
2026-08-03 13:33:47,KERNELUSDT,UPTREND,SELL,20,20,66.67,0,0,0,0,0,0.0,False
2026-08-03 13:33:47,WCTUSDT,SIDEWAYS,SELL,20,20,54.55,0,0,0,0,45,0.04,False
2026-08-03 13:33:47,HYPERUSDT,DOWNTREND,SELL,0,0,22.22,0,0,0,0,65,0.03,False
2026-08-03 13:33:47,INITUSDT,SIDEWAYS,SELL,20,20,50.0,0,0,0,0,0,0.0,False
2026-08-03 13:33:47,SIGNUSDT,DOWNTREND,SELL,0,0,0.0,0,0,0,0,45,0.02,False
2026-08-03 13:33:47,STOUSDT,SIDEWAYS,WAIT,40,40,33.33,0,0,0,0,30,2.29,False
2026-08-03 13:33:47,SYRUPUSDT,DOWNTREND,SELL,0,0,22.22,0,0,0,0,50,1.73,False
2026-08-03 13:33:47,KMNOUSDT,DOWNTREND,SELL,0,0,14.29,0,0,0,0,0,0.0,False
2026-08-03 13:33:47,SXTUSDT,UPTREND,WAIT,55,55,57.14,0,0,0,0,30,1.32,False
2026-08-03 13:33:47,NXPCUSDT,DOWNTREND,SELL,0,0,0.0,0,0,0,0,0,0.0,False
2026-08-03 13:33:47,AWEUSDT,DOWNTREND,SELL,0,0,9.68,0,0,0,0,0,0.38,False
2026-08-03 13:33:47,HAEDALUSDT,SIDEWAYS,SELL,20,20,50.0,0,0,0,0,0,0.0,False
2026-08-03 13:33:47,USD1USDT,SIDEWAYS,SELL,25,25,50.0,0,0,0,0,75,0.1,False
2026-08-03 13:33:47,HUMAUSDT,UPTREND,WAIT,65,65,58.54,0,0,0,0,50,2.19,False
2026-08-03 13:33:47,AUSDT,SIDEWAYS,WAIT,40,40,46.67,0,0,0,0,50,4.41,False
2026-08-03 13:33:47,SOPHUSDT,UPTREND,SELL,0,0,100,0,0,0,0,0,0.0,False
2026-08-03 13:33:47,RESOLVUSDT,SIDEWAYS,SELL,10,10,0.0,0,0,0,0,0,0.0,False
2026-08-03 13:33:47,HOMEUSDT,UPTREND,WAIT,75,75,67.74,0,0,0,0,100,1.05,False
2026-08-03 13:33:47,SPKUSDT,SIDEWAYS,WAIT,65,65,38.52,0,0,0,0,90,2.09,False
2026-08-03 13:33:47,NEWTUSDT,UPTREND,SELL,25,25,62.5,0,0,0,0,0,0.0,False
2026-08-03 13:33:47,SAHARAUSDT,DOWNTREND,SELL,0,0,25.0,0,0,0,0,40,0.0,False
2026-08-03 13:33:47,LAUSDT,DOWNTREND,SELL,0,0,0.0,0,0,0,0,40,0.2,False
2026-08-03 13:33:47,ERAUSDT,UPTREND,SELL,25,25,57.14,0,0,0,0,90,0.12,False
2026-08-03 13:33:47,CUSDT,DOWNTREND,WAIT,35,35,33.33,0,0,0,0,100,0.35,False
2026-08-03 13:33:47,TREEUSDT,SIDEWAYS,SELL,20,20,50.0,0,0,0,0,0,0.0,False
2026-08-03 13:33:47,TOWNSUSDT,UPTREND,SELL,10,10,71.43,0,0,0,0,50,1.0,False
2026-08-03 13:33:47,PROVEUSDT,UPTREND,SELL,25,25,56.25,0,0,0,0,30,0.33,False
2026-08-03 13:33:47,BFUSDUSDT,DOWNTREND,SELL,0,0,0.0,0,0,0,0,0,0.0,False
2026-08-03 13:33:47,PLUMEUSDT,DOWNTREND,SELL,0,0,36.36,0,0,0,0,25,0.1,False
2026-08-03 13:33:47,DOLOUSDT,SIDEWAYS,WAIT,35,35,50.0,0,0,0,0,0,2.6,False
2026-08-03 13:33:47,MITOUSDT,DOWNTREND,SELL,0,0,33.33,0,0,0,0,20,0.0,False
2026-08-03 13:33:47,WLFIUSDT,DOWNTREND,SELL,0,0,33.33,0,0,0,0,45,0.03,False
2026-08-03 13:33:47,SOMIUSDT,SIDEWAYS,SELL,25,25,50.0,0,0,0,0,70,0.14,False
2026-08-03 13:33:47,OPENUSDT,UPTREND,WAIT,60,60,56.45,0,0,0,0,90,0.39,False
2026-08-03 13:33:47,USDEUSDT,SIDEWAYS,SELL,0,0,50.0,0,0,0,0,0,0.0,False
2026-08-03 13:33:47,LINEAUSDT,DOWNTREND,SELL,0,0,26.67,0,0,0,0,30,1.71,False
2026-08-03 13:33:47,HOLOUSDT,DOWNTREND,SELL,15,15,40.0,0,0,0,0,80,0.1,False
2026-08-03 13:33:47,PUMPUSDT,SIDEWAYS,WAIT,50,50,40.0,0,0,0,0,100,0.89,False
2026-08-03 13:33:47,AVNTUSDT,SIDEWAYS,SELL,20,20,45.45,0,0,0,0,0,0.0,False
2026-08-03 13:33:47,ZKCUSDT,DOWNTREND,SELL,0,0,0.0,0,0,0,0,0,0.0,False
2026-08-03 13:33:47,SKYUSDT,DOWNTREND,SELL,5,5,26.32,0,0,0,0,50,5.47,False
2026-08-03 13:33:47,BARDUSDT,SIDEWAYS,SELL,20,20,46.15,0,0,0,0,0,0.0,False
2026-08-03 13:33:47,0GUSDT,UPTREND,WAIT,35,35,66.67,0,0,0,0,30,1.68,False
2026-08-03 13:33:47,HEMIUSDT,UPTREND,WAIT,30,30,66.67,0,0,0,0,70,0.38,False
2026-08-03 13:33:47,XPLUSDT,DOWNTREND,SELL,15,15,27.55,0,0,0,0,100,0.31,False
2026-08-03 13:33:47,MIRAUSDT,SIDEWAYS,BUY,80,80,54.55,0,0,0,0,100,0.57,False
2026-08-03 13:33:47,FFUSDT,DOWNTREND,SELL,0,0,0.0,0,0,0,0,50,0.0,False
2026-08-03 13:33:47,EDENUSDT,SIDEWAYS,SELL,10,10,48.84,0,0,0,0,50,0.0,False
2026-08-03 13:33:47,NOMUSDT,UPTREND,SELL,25,25,75.0,0,0,0,0,0,0.0,False
2026-08-03 13:33:47,2ZUSDT,UPTREND,SELL,5,5,67.27,0,0,0,0,0,0.33,False
2026-08-03 13:33:47,MORPHOUSDT,DOWNTREND,WAIT,30,30,6.25,0,0,0,0,100,0.82,False
2026-08-03 13:33:47,ASTERUSDT,DOWNTREND,WAIT,40,40,28.57,0,0,0,0,70,5.15,False
2026-08-03 13:33:47,WALUSDT,SIDEWAYS,WAIT,45,45,33.33,0,0,0,0,0,3.15,False
2026-08-03 13:33:47,EULUSDT,SIDEWAYS,WAIT,55,55,59.68,0,0,0,0,100,0.35,False
2026-08-03 13:33:47,ENSOUSDT,SIDEWAYS,SELL,10,10,50.0,0,0,0,0,100,0.35,False
2026-08-03 13:33:47,YBUSDT,SIDEWAYS,SELL,20,20,45.45,0,0,0,0,0,0.0,False
2026-08-03 13:33:47,ZBTUSDT,SIDEWAYS,SELL,25,25,33.33,0,0,0,0,65,0.02,False
2026-08-03 13:33:47,TURTLEUSDT,UPTREND,SELL,0,0,100,0,0,0,0,0,0.0,False
2026-08-03 13:33:47,GIGGLEUSDT,DOWNTREND,WAIT,35,35,34.21,0,0,0,0,90,0.23,False
2026-08-03 13:33:47,FUSDT,SIDEWAYS,SELL,20,20,50.0,0,0,0,0,0,0.0,False
2026-08-03 13:33:47,KITEUSDT,UPTREND,WAIT,70,70,66.67,0,0,0,0,100,0.61,False
2026-08-03 13:33:47,MMTUSDT,DOWNTREND,SELL,10,10,40.74,0,0,0,0,75,0.05,False
2026-08-03 13:33:47,SAPIENUSDT,DOWNTREND,SELL,0,0,33.33,0,0,0,0,20,0.23,False
2026-08-03 13:33:47,ALLOUSDT,DOWNTREND,SELL,0,0,11.01,0,0,0,0,90,0.15,False
2026-08-03 13:33:47,BANKUSDT,DOWNTREND,SELL,5,5,28.57,0,0,0,0,100,0.48,False
2026-08-03 13:33:47,METUSDT,DOWNTREND,SELL,15,15,27.78,0,0,0,0,0,4.14,False
2026-08-03 13:33:47,ATUSDT,DOWNTREND,SELL,0,0,0.0,0,0,0,0,0,0.0,False
2026-08-03 13:33:47,KGSTUSDT,SIDEWAYS,SELL,20,20,50.0,0,0,0,0,0,0.0,False
2026-08-03 13:33:47,BREVUSDT,UPTREND,SELL,25,25,55.56,0,0,0,0,20,0.0,False
2026-08-03 13:33:47,币安人生USDT,DOWNTREND,WAIT,35,35,12.5,0,0,0,0,100,3.95,False
2026-08-03 13:33:47,ZKPUSDT,SIDEWAYS,SELL,20,20,50.0,0,0,0,0,0,1.11,False
2026-08-03 13:33:47,UUSDT,SIDEWAYS,SELL,25,25,50.0,0,0,0,0,75,0.04,False
2026-08-03 13:33:47,FRAXUSDT,UPTREND,SELL,25,25,69.7,0,0,0,0,60,0.14,False
2026-08-03 13:33:47,FOGOUSDT,DOWNTREND,SELL,0,0,33.33,0,0,0,0,0,0.0,False
2026-08-03 13:33:47,RLUSDUSDT,SIDEWAYS,SELL,25,25,50.0,0,0,0,0,5,0.01,False
2026-08-03 13:33:47,SENTUSDT,DOWNTREND,SELL,0,0,30.0,0,0,0,0,40,0.0,False
2026-08-03 13:33:47,ZAMAUSDT,SIDEWAYS,SELL,5,5,61.04,0,0,0,0,90,0.16,False
2026-08-03 13:33:47,ESPUSDT,SIDEWAYS,BUY,90,90,53.33,0,0,0,0,100,1.88,False
2026-08-03 13:33:47,MANTRAUSDT,DOWNTREND,SELL,25,25,33.33,0,0,0,0,100,1.43,False
2026-08-03 13:33:47,ROBOUSDT,SIDEWAYS,SELL,5,5,50.0,0,0,0,0,50,0.3,False
2026-08-03 13:33:47,OPNUSDT,SIDEWAYS,SELL,15,15,40.0,0,0,0,0,20,0.0,False
2026-08-03 13:33:47,NIGHTUSDT,SIDEWAYS,WAIT,45,45,47.06,0,0,0,0,100,0.86,False
2026-08-03 13:33:47,CFGUSDT,DOWNTREND,SELL,0,0,20.0,0,0,0,0,50,0.57,False
2026-08-03 13:33:47,KATUSDT,UPTREND,SELL,0,0,100,0,0,0,0,0,0.0,False
2026-08-03 13:33:47,XAUTUSDT,DOWNTREND,SELL,15,15,28.13,0,0,0,0,90,0.19,False
2026-08-03 13:33:47,USDSUSDT,SIDEWAYS,SELL,0,0,100,0,0,0,0,0,0.24,False
2026-08-03 13:33:47,CHIPUSDT,DOWNTREND,SELL,0,0,12.5,0,0,0,0,0,0.0,False
2026-08-03 13:33:47,MEGAUSDT,DOWNTREND,SELL,0,0,18.52,0,0,0,0,90,0.37,False
2026-08-03 13:33:47,AIGENSYNUSDT,DOWNTREND,SELL,0,0,0.0,0,0,0,0,20,0.0,False
2026-08-03 13:33:47,GENIUSUSDT,UPTREND,BUY,90,90,61.38,0,0,0,0,90,1.17,False
2026-08-03 13:33:47,OPGUSDT,DOWNTREND,SELL,0,0,30.77,0,0,0,0,0,0.0,False
2026-08-03 13:33:47,MUBUSDT,DOWNTREND,WAIT,35,35,4.94,0,0,0,0,100,11.03,False
2026-08-03 13:33:47,CRCLBUSDT,DOWNTREND,WAIT,55,55,43.84,0,0,0,0,100,3.15,False
2026-08-03 13:33:47,NVDABUSDT,DOWNTREND,WAIT,60,60,43.08,0,0,0,0,90,1.54,False
2026-08-03 13:33:47,SNDKBUSDT,DOWNTREND,WAIT,35,35,19.07,0,0,0,0,100,16.88,False
2026-08-03 13:33:47,TSLABUSDT,SIDEWAYS,BUY,100,100,54.19,0,0,0,0,100,1.52,False
2026-08-03 13:33:47,SPCXBUSDT,SIDEWAYS,WAIT,60,60,50.5,0,0,0,0,100,3.58,False
2026-08-03 13:33:47,REUSDT,DOWNTREND,SELL,15,15,17.39,0,0,0,0,100,1.07,False
2026-08-03 13:33:47,AMDBUSDT,DOWNTREND,WAIT,40,40,20.23,0,0,0,0,70,3.81,False
2026-08-03 13:33:47,EWYBUSDT,DOWNTREND,WAIT,40,40,14.05,0,0,0,0,70,7.79,False
2026-08-03 13:33:47,INTCBUSDT,DOWNTREND,WAIT,50,50,7.19,0,0,0,0,90,5.4,False
2026-08-03 13:33:48,MSTRBUSDT,DOWNTREND,WAIT,40,40,3.74,0,0,0,0,70,41.25,False
2026-08-03 13:33:48,LITEBUSDT,DOWNTREND,SELL,5,5,15.8,0,0,0,0,55,5.32,False
2026-08-03 13:33:48,METABUSDT,SIDEWAYS,WAIT,45,45,53.75,0,0,0,0,15,256.04,False
2026-08-03 13:33:48,MSFTBUSDT,UPTREND,WAIT,55,55,83.58,0,0,0,0,15,13.31,False
2026-08-03 13:33:48,PLTRBUSDT,DOWNTREND,SELL,15,15,26.82,0,0,0,0,50,1.71,False
2026-08-03 13:33:48,QQQBUSDT,DOWNTREND,WAIT,50,50,7.26,0,0,0,0,90,3.7,False
2026-08-03 13:33:48,GRAMUSDT,DOWNTREND,SELL,15,15,25.0,0,0,0,0,100,0.3,False
2026-08-03 13:33:48,CBRSBUSDT,DOWNTREND,SELL,10,10,21.13,0,0,0,0,0,2.91,False
2026-08-03 13:33:48,COINBUSDT,DOWNTREND,SELL,15,15,24.39,0,0,0,0,50,4.25,False
2026-08-03 13:33:48,DRAMBUSDT,DOWNTREND,WAIT,45,45,10.3,0,0,0,0,90,2.49,False
2026-08-03 13:33:48,GLWBUSDT,DOWNTREND,WAIT,30,30,32.07,0,0,0,0,0,3.77,False
2026-08-03 13:33:48,GOOGLBUSDT,UPTREND,BUY,80,80,81.59,0,0,0,0,90,10.43,False
2026-08-03 13:33:48,NBISBUSDT,DOWNTREND,WAIT,65,65,25.45,0,0,0,0,100,3.19,False
2026-08-03 13:33:48,QCOMBUSDT,SIDEWAYS,WAIT,60,60,41.76,0,0,0,0,0,3.07,False
2026-08-03 13:33:48,SOXLBUSDT,DOWNTREND,WAIT,50,50,16.82,0,0,0,0,100,5.01,False
2026-08-03 13:33:48,SPYBUSDT,DOWNTREND,SELL,10,10,33.85,0,0,0,0,0,0.0,False
2026-08-03 13:33:48,WDCBUSDT,DOWNTREND,SELL,5,5,22.3,0,0,0,0,35,3.56,False
2026-08-03 13:33:48,SKHYBUSDT,DOWNTREND,WAIT,50,50,21.12,0,0,0,0,100,5.34,False
2026-08-03 13:33:48,AAOIBUSDT,DOWNTREND,SELL,10,10,26.09,0,0,0,0,0,0.1,False
2026-08-03 13:33:48,ARMBUSDT,DOWNTREND,SELL,20,20,12.58,0,0,0,0,90,0.81,False
2026-08-03 13:33:48,AVGOBUSDT,DOWNTREND,SELL,0,0,17.6,0,0,0,0,0,1.06,False
2026-08-03 13:33:48,BABABUSDT,UPTREND,WAIT,60,60,70.59,0,0,0,0,0,1.39,False
2026-08-03 13:33:48,HOODBUSDT,DOWNTREND,SELL,25,25,30.55,0,0,0,0,30,2.84,False
2026-08-03 13:33:48,IBMBUSDT,DOWNTREND,SELL,0,0,8.75,0,0,0,0,0,0.0,False
2026-08-03 13:33:48,MRVLBUSDT,DOWNTREND,SELL,15,15,22.33,0,0,0,0,70,0.62,False
2026-08-03 13:33:48,NOKBUSDT,DOWNTREND,SELL,0,0,13.04,0,0,0,0,0,0.0,False
2026-08-03 13:33:48,TSMBUSDT,SIDEWAYS,WAIT,45,45,50.0,0,0,0,0,0,0.92,False
2026-08-03 13:33:48,RKLBBUSDT,DOWNTREND,SELL,0,0,27.79,0,0,0,0,0,0.27,False
2026-08-03 13:33:48,AEROUSDT,SIDEWAYS,SELL,25,25,37.84,0,0,0,0,20,0.0,False
2026-08-03 13:33:48,AXTIBUSDT,DOWNTREND,WAIT,30,30,24.14,0,0,0,0,90,1.08,False
2026-08-03 13:33:48,CRWVBUSDT,DOWNTREND,SELL,0,0,43.28,0,0,0,0,0,0.67,False
2026-08-03 13:33:48,INTWBUSDT,DOWNTREND,SELL,15,15,4.07,0,0,0,0,20,7.26,False
2026-08-03 13:33:48,KORUBUSDT,DOWNTREND,WAIT,50,50,13.87,0,0,0,0,90,11.21,False
2026-08-03 13:33:48,MUUBUSDT,DOWNTREND,SELL,15,15,7.39,0,0,0,0,90,0.45,False
2026-08-03 13:33:48,MVLLBUSDT,DOWNTREND,WAIT,35,35,21.76,0,0,0,0,70,2.88,False
2026-08-03 13:33:48,ORCLBUSDT,SIDEWAYS,WAIT,70,70,54.1,0,0,0,0,70,8.81,False
2026-08-03 13:33:48,QNTBUSDT,DOWNTREND,SELL,0,0,14.78,0,0,0,0,0,0.0,False
2026-08-03 13:33:48,SNXXBUSDT,DOWNTREND,WAIT,35,35,17.82,0,0,0,0,100,1.73,False
2026-08-03 13:33:48,TQQQBUSDT,DOWNTREND,SELL,0,0,14.91,0,0,0,0,0,0.4,False
2026-08-03 13:33:48,AAPLBUSDT,DOWNTREND,SELL,0,0,13.81,0,0,0,0,0,0.75,False
2026-08-03 13:33:48,AMATBUSDT,UPTREND,SELL,25,25,55.02,0,0,0,0,0,0.0,False
2026-08-03 13:33:48,AMZNBUSDT,UPTREND,SELL,25,25,82.77,0,0,0,0,0,0.0,False
2026-08-03 13:33:48,BEBUSDT,DOWNTREND,SELL,5,5,32.06,0,0,0,0,0,0.57,False
2026-08-03 13:33:48,DELLBUSDT,DOWNTREND,SELL,0,0,0.0,0,0,0,0,0,0.0,False
2026-08-03 13:33:48,FLNCBUSDT,DOWNTREND,SELL,20,20,39.69,0,0,0,0,0,19.43,False
2026-08-03 13:33:48,GSBUSDT,DOWNTREND,SELL,0,0,0.0,0,0,0,0,0,0.0,False
2026-08-03 13:33:48,PYPLBUSDT,UPTREND,SELL,25,25,57.8,0,0,0,0,0,0.0,False
2026-08-03 13:33:48,SMHBUSDT,DOWNTREND,SELL,0,0,0.0,0,0,0,0,0,0.19,False
2026-08-03 13:33:48,SOXSBUSDT,UPTREND,WAIT,40,40,79.19,0,0,0,0,90,0.28,False
2026-08-03 13:34:38,BTCUSDT,DOWNTREND,SELL,25,30.51
2026-08-03 13:34:38,ETHUSDT,DOWNTREND,WAIT,65,32.31
2026-08-03 13:34:38,BNBUSDT,DOWNTREND,SELL,15,20.68
2026-08-03 13:34:38,LTCUSDT,DOWNTREND,SELL,15,29.03
2026-08-03 13:34:38,ADAUSDT,DOWNTREND,SELL,20,32.14
2026-08-03 13:34:38,XRPUSDT,DOWNTREND,SELL,20,26.92
2026-08-03 13:34:38,TRXUSDT,DOWNTREND,SELL,10,42.86
2026-08-03 13:34:38,ETCUSDT,DOWNTREND,SELL,10,25.0
2026-08-03 13:34:38,USDCUSDT,SIDEWAYS,WAIT,30,58.33
2026-08-03 13:35:15,BTCUSDT,DOWNTREND,WAIT,45,45,29.21,0,0,0,0,100,2.48,False
2026-08-03 13:35:15,ETHUSDT,DOWNTREND,WAIT,65,65,31.08,0,0,0,0,100,7.31,False
2026-08-03 13:35:15,BNBUSDT,DOWNTREND,WAIT,30,30,20.84,0,0,0,0,100,0.84,False
2026-08-03 13:35:15,NEOUSDT,SIDEWAYS,SELL,25,25,41.67,0,0,0,0,0,0.0,False
2026-08-03 13:35:15,LTCUSDT,DOWNTREND,WAIT,45,45,26.67,0,0,0,0,100,1.03,False
2026-08-03 13:35:15,QTUMUSDT,DOWNTREND,SELL,0,0,0.0,0,0,0,0,0,0.0,False
2026-08-03 13:35:15,ADAUSDT,DOWNTREND,SELL,25,25,32.14,0,0,0,0,100,0.65,False
2026-08-03 13:35:15,XRPUSDT,DOWNTREND,SELL,0,0,25.0,0,0,0,0,100,0.28,False
2026-08-03 13:35:15,TUSDUSDT,SIDEWAYS,WAIT,45,45,50.0,0,0,0,0,0,1.54,False
2026-08-03 13:35:15,IOTAUSDT,DOWNTREND,SELL,0,0,0.0,0,0,0,0,0,0.0,False
2026-08-03 13:35:15,XLMUSDT,DOWNTREND,SELL,15,15,21.43,0,0,0,0,100,0.8,False
2026-08-03 13:35:15,ONTUSDT,SIDEWAYS,SELL,10,10,34.0,0,0,0,0,0,0.46,False
2026-08-03 13:35:15,TRXUSDT,DOWNTREND,WAIT,40,40,42.86,0,0,0,0,100,0.94,False
2026-08-03 13:35:15,ETCUSDT,DOWNTREND,WAIT,65,65,25.0,0,0,0,0,90,3.06,False
2026-08-03 13:35:15,ICXUSDT,SIDEWAYS,SELL,10,10,0.0,0,0,0,0,0,0.0,False
2026-08-03 13:35:15,VETUSDT,SIDEWAYS,SELL,15,15,36.67,0,0,0,0,0,0.0,False
2026-08-03 13:35:15,USDCUSDT,SIDEWAYS,SELL,25,25,46.15,0,0,0,0,100,4.17,False
2026-08-03 13:35:15,LINKUSDT,DOWNTREND,WAIT,55,55,38.14,0,0,0,0,100,3.31,False
2026-08-03 13:35:15,ONGUSDT,SIDEWAYS,SELL,10,10,19.23,0,0,0,0,0,0.0,False
2026-08-03 13:35:15,HOTUSDT,DOWNTREND,SELL,0,0,33.33,0,0,0,0,0,0.0,False
2026-08-03 13:35:15,ZILUSDT,SIDEWAYS,SELL,10,10,47.62,0,0,0,0,0,0.0,False
2026-08-03 13:35:15,ZRXUSDT,SIDEWAYS,SELL,25,25,33.33,0,0,0,0,0,0.0,False
2026-08-03 13:35:15,FETUSDT,DOWNTREND,SELL,20,20,27.27,0,0,0,0,75,0.01,False
2026-08-03 13:35:15,BATUSDT,SIDEWAYS,SELL,10,10,0.0,0,0,0,0,0,0.0,False
2026-08-03 13:35:15,ZECUSDT,DOWNTREND,SELL,15,15,30.75,0,0,0,0,100,0.26,False
2026-08-03 13:35:15,IOSTUSDT,DOWNTREND,SELL,0,0,25.0,0,0,0,0,0,1.06,False
2026-08-03 13:35:15,CELRUSDT,UPTREND,WAIT,80,80,57.14,0,0,0,0,100,2.26,False
2026-08-03 13:35:15,DASHUSDT,DOWNTREND,WAIT,50,50,25.64,0,0,0,0,90,1.99,False
2026-08-03 13:35:15,THETAUSDT,SIDEWAYS,SELL,20,20,44.44,0,0,0,0,0,0.78,False
2026-08-03 13:35:15,ENJUSDT,SIDEWAYS,WAIT,30,30,45.83,0,0,0,0,90,2.16,False
2026-08-03 13:35:15,ATOMUSDT,SIDEWAYS,WAIT,55,55,46.15,0,0,0,0,90,0.83,False
2026-08-03 13:35:15,TFUELUSDT,UPTREND,WAIT,55,55,69.23,0,0,0,0,0,2.34,False
2026-08-03 13:35:15,ONEUSDT,SIDEWAYS,WAIT,45,45,33.33,0,0,0,0,0,34.84,False
2026-08-03 13:35:15,ALGOUSDT,DOWNTREND,SELL,0,0,25.0,0,0,0,0,90,0.15,False
2026-08-03 13:35:15,DOGEUSDT,DOWNTREND,SELL,10,10,36.23,0,0,0,0,100,0.86,False
2026-08-03 13:35:15,DUSKUSDT,DOWNTREND,SELL,0,0,25.0,0,0,0,0,50,1.86,False
2026-08-03 13:35:15,ANKRUSDT,SIDEWAYS,WAIT,35,35,50.0,0,0,0,0,0,2.85,False
2026-08-03 13:35:15,WINUSDT,SIDEWAYS,SELL,25,25,30.0,0,0,0,0,40,0.0,False
2026-08-03 13:35:15,MTLUSDT,DOWNTREND,SELL,0,0,40.0,0,0,0,0,40,0.18,False
2026-08-03 13:35:15,CVCUSDT,UPTREND,SELL,25,25,61.9,0,0,0,0,70,0.25,False
2026-08-03 13:35:15,CHZUSDT,DOWNTREND,SELL,0,0,35.71,0,0,0,0,70,0.72,False
2026-08-03 13:35:15,BANDUSDT,SIDEWAYS,WAIT,35,35,33.33,0,0,0,0,0,1.02,False
2026-08-03 13:35:15,XTZUSDT,SIDEWAYS,SELL,10,10,38.46,0,0,0,0,30,0.47,False
2026-08-03 13:35:15,RVNUSDT,SIDEWAYS,WAIT,30,30,33.33,0,0,0,0,0,1.5,False
2026-08-03 13:35:15,HBARUSDT,DOWNTREND,SELL,20,20,24.39,0,0,0,0,90,2.25,False
2026-08-03 13:35:15,STXUSDT,SIDEWAYS,WAIT,55,55,30.0,0,0,0,0,0,4.94,False
2026-08-03 13:35:15,KAVAUSDT,SIDEWAYS,SELL,15,15,40.0,0,0,0,0,0,0.0,False
2026-08-03 13:35:15,ARPAUSDT,UPTREND,SELL,0,0,60.0,0,0,0,0,0,0.16,False
2026-08-03 13:35:15,IOTXUSDT,UPTREND,SELL,0,0,100,0,0,0,0,0,0.11,False
2026-08-03 13:35:15,RLCUSDT,UPTREND,WAIT,65,65,62.5,0,0,0,0,70,1.17,False
2026-08-03 13:35:15,BCHUSDT,DOWNTREND,WAIT,45,45,16.67,0,0,0,0,90,2.33,False
2026-08-03 13:35:15,FTTUSDT,UPTREND,WAIT,35,35,57.45,0,0,0,0,70,0.25,False
2026-08-03 13:35:15,EURUSDT,SIDEWAYS,BUY,85,85,53.85,0,0,0,0,100,0.97,False
2026-08-03 13:35:15,OGNUSDT,UPTREND,WAIT,50,50,73.68,0,0,0,0,30,8.76,False
2026-08-03 13:35:15,LSKUSDT,UPTREND,WAIT,60,60,72.73,0,0,0,0,50,32.75,False
2026-08-03 13:35:15,BNTUSDT,DOWNTREND,SELL,0,0,0.0,0,0,0,0,0,0.0,False
2026-08-03 13:35:15,MBLUSDT,SIDEWAYS,WAIT,70,70,35.29,0,0,0,0,100,15.56,False
2026-08-03 13:35:15,COTIUSDT,SIDEWAYS,WAIT,60,60,54.84,0,0,0,0,100,0.34,False
2026-08-03 13:35:15,SOLUSDT,DOWNTREND,WAIT,50,50,30.16,0,0,0,0,100,1.49,False
2026-08-03 13:35:15,CTSIUSDT,UPTREND,SELL,25,25,60.0,0,0,0,0,0,0.0,False
2026-08-03 13:35:15,HIVEUSDT,SIDEWAYS,SELL,10,10,0.0,0,0,0,0,0,0.0,False
2026-08-03 13:35:15,CHRUSDT,SIDEWAYS,SELL,15,15,44.44,0,0,0,0,0,0.0,False
2026-08-03 13:35:15,KNCUSDT,SIDEWAYS,WAIT,45,45,33.33,0,0,0,0,0,7.18,False
2026-08-03 13:35:15,COMPUSDT,UPTREND,WAIT,95,95,60.0,0,0,0,0,30,22.66,False
2026-08-03 13:35:15,SCUSDT,SIDEWAYS,SELL,20,20,50.0,0,0,0,0,0,1.17,False
2026-08-03 13:35:15,ZENUSDT,DOWNTREND,SELL,15,15,23.4,0,0,0,0,90,0.36,False
2026-08-03 13:35:15,SNXUSDT,UPTREND,SELL,0,0,100,0,0,0,0,0,0.0,False
2026-08-03 13:35:15,VTHOUSDT,UPTREND,SELL,0,0,100,0,0,0,0,0,0.0,False
2026-08-03 13:35:15,DGBUSDT,UPTREND,WAIT,45,45,75.0,0,0,0,0,0,2.82,False
2026-08-03 13:35:15,DCRUSDT,UPTREND,SELL,25,25,66.67,0,0,0,0,0,0.0,False
2026-08-03 13:35:15,STORJUSDT,DOWNTREND,SELL,25,25,20.0,0,0,0,0,90,17.5,False
2026-08-03 13:35:15,MANAUSDT,SIDEWAYS,SELL,10,10,20.0,0,0,0,0,0,0.08,False
2026-08-03 13:35:15,YFIUSDT,SIDEWAYS,SELL,25,25,20.0,0,0,0,0,0,0.0,False
2026-08-03 13:35:15,JSTUSDT,DOWNTREND,SELL,0,0,16.28,0,0,0,0,100,0.73,False
2026-08-03 13:35:15,CRVUSDT,SIDEWAYS,SELL,20,20,18.75,0,0,0,0,0,0.0,False
2026-08-03 13:35:15,SANDUSDT,DOWNTREND,SELL,15,15,28.57,0,0,0,0,80,0.14,False
2026-08-03 13:35:15,NMRUSDT,UPTREND,WAIT,75,75,75.0,0,0,0,0,0,169.09,False
2026-08-03 13:35:15,DOTUSDT,SIDEWAYS,WAIT,70,70,53.85,0,0,0,0,100,1.24,False
2026-08-03 13:35:15,LUNAUSDT,SIDEWAYS,SELL,25,25,25.0,0,0,0,0,0,0.0,False
2026-08-03 13:35:15,RSRUSDT,DOWNTREND,SELL,5,5,30.77,0,0,0,0,0,18.48,False
2026-08-03 13:35:15,PAXGUSDT,DOWNTREND,SELL,10,10,33.46,0,0,0,0,80,0.26,False
2026-08-03 13:35:15,TRBUSDT,DOWNTREND,SELL,0,0,13.33,0,0,0,0,0,0.0,False
2026-08-03 13:35:15,SUSHIUSDT,DOWNTREND,SELL,0,0,21.05,0,0,0,0,0,0.0,False
2026-08-03 13:35:15,KSMUSDT,DOWNTREND,SELL,25,25,0.0,0,0,0,0,70,1.36,False
2026-08-03 13:35:15,EGLDUSDT,DOWNTREND,SELL,0,0,0.0,0,0,0,0,20,0.15,False
2026-08-03 13:35:15,DIAUSDT,DOWNTREND,SELL,5,5,40.0,0,0,0,0,100,0.36,False
2026-08-03 13:35:15,RUNEUSDT,DOWNTREND,SELL,0,0,25.0,0,0,0,0,0,0.0,False
2026-08-03 13:35:15,UMAUSDT,SIDEWAYS,SELL,20,20,0.0,0,0,0,0,0,0.0,False
2026-08-03 13:35:15,BELUSDT,SIDEWAYS,SELL,25,25,44.44,0,0,0,0,0,0.0,False
2026-08-03 13:35:15,UNIUSDT,DOWNTREND,WAIT,50,50,26.92,0,0,0,0,100,1.44,False
2026-08-03 13:35:15,SUNUSDT,SIDEWAYS,SELL,0,0,100,0,0,0,0,0,0.0,False
2026-08-03 13:35:15,AVAXUSDT,SIDEWAYS,WAIT,70,70,31.4,0,0,0,0,100,0.3,False
2026-08-03 13:35:15,XVSUSDT,SIDEWAYS,SELL,5,5,50.0,0,0,0,0,55,0.1,False
2026-08-03 13:35:15,AAVEUSDT,DOWNTREND,WAIT,50,50,30.65,0,0,0,0,100,1.32,False
2026-08-03 13:35:15,NEARUSDT,SIDEWAYS,BUY,80,80,43.75,0,0,0,0,100,1.41,False
2026-08-03 13:35:15,FILUSDT,DOWNTREND,WAIT,50,50,29.27,0,0,0,0,100,10.35,False
2026-08-03 13:35:15,INJUSDT,SIDEWAYS,WAIT,70,70,40.38,0,0,0,0,90,0.61,False
2026-08-03 13:35:15,AUDIOUSDT,SIDEWAYS,SELL,20,20,36.36,0,0,0,0,20,1.83,False
2026-08-03 13:35:15,CTKUSDT,UPTREND,SELL,0,0,100,0,0,0,0,0,0.0,False
2026-08-03 13:35:15,AXSUSDT,DOWNTREND,SELL,0,0,16.67,0,0,0,0,0,0.0,False
2026-08-03 13:35:15,STRAXUSDT,SIDEWAYS,SELL,0,0,50.0,0,0,0,0,50,0.51,False
2026-08-03 13:35:15,ROSEUSDT,DOWNTREND,SELL,0,0,25.0,0,0,0,0,0,0.15,False
2026-08-03 13:35:15,AVAUSDT,SIDEWAYS,SELL,0,0,45.71,0,0,0,0,0,0.0,False
2026-08-03 13:35:15,SKLUSDT,SIDEWAYS,SELL,20,20,50.0,0,0,0,0,20,0.0,False
2026-08-03 13:35:15,GRTUSDT,SIDEWAYS,WAIT,60,60,17.65,0,0,0,0,100,2.6,False
2026-08-03 13:35:15,JUVUSDT,UPTREND,WAIT,65,65,60.0,0,0,0,0,70,1.17,False
2026-08-03 13:35:15,PSGUSDT,SIDEWAYS,SELL,15,15,50.0,0,0,0,0,20,0.42,False
2026-08-03 13:35:15,1INCHUSDT,DOWNTREND,SELL,0,0,20.0,0,0,0,0,30,0.86,False
2026-08-03 13:35:15,OGUSDT,SIDEWAYS,SELL,25,25,50.0,0,0,0,0,0,0.0,False
2026-08-03 13:35:15,ATMUSDT,SIDEWAYS,SELL,25,25,54.55,0,0,0,0,60,0.13,False
2026-08-03 13:35:15,ASRUSDT,DOWNTREND,SELL,0,0,40.0,0,0,0,0,0,1.8,False
2026-08-03 13:35:15,CELOUSDT,SIDEWAYS,SELL,15,15,39.39,0,0,0,0,5,0.09,False
2026-08-03 13:35:15,RIFUSDT,DOWNTREND,WAIT,30,30,33.33,0,0,0,0,100,1.04,False
2026-08-03 13:35:15,CKBUSDT,SIDEWAYS,SELL,10,10,0.0,0,0,0,0,0,0.0,False
2026-08-03 13:35:15,TWTUSDT,DOWNTREND,SELL,0,0,29.41,0,0,0,0,0,0.34,False
2026-08-03 13:35:15,SFPUSDT,SIDEWAYS,SELL,25,25,38.46,0,0,0,0,0,0.0,False
2026-08-03 13:35:15,DODOUSDT,UPTREND,SELL,25,25,75.0,0,0,0,0,0,0.0,False
2026-08-03 13:35:15,CAKEUSDT,DOWNTREND,SELL,0,0,23.08,0,0,0,0,70,0.38,False
2026-08-03 13:35:15,ACMUSDT,SIDEWAYS,SELL,20,20,33.33,0,0,0,0,20,0.31,False
2026-08-03 13:35:15,ALICEUSDT,SIDEWAYS,SELL,10,10,0.0,0,0,0,0,0,0.0,False
2026-08-03 13:35:15,SUPERUSDT,DOWNTREND,SELL,0,0,33.33,0,0,0,0,0,1.1,False
2026-08-03 13:35:15,CFXUSDT,DOWNTREND,SELL,0,0,37.78,0,0,0,0,80,0.19,False
2026-08-03 13:35:15,TKOUSDT,UPTREND,WAIT,60,60,66.67,0,0,0,0,70,0.37,False
2026-08-03 13:35:15,PUNDIXUSDT,UPTREND,SELL,0,0,75.0,0,0,0,0,0,0.21,False
2026-08-03 13:35:15,TLMUSDT,UPTREND,WAIT,80,80,57.14,0,0,0,0,100,0.77,False
2026-08-03 13:35:15,BARUSDT,DOWNTREND,SELL,0,0,40.0,0,0,0,0,0,1.17,False
2026-08-03 13:35:15,SLPUSDT,DOWNTREND,SELL,0,0,20.0,0,0,0,0,0,0.0,False
2026-08-03 13:35:15,SHIBUSDT,DOWNTREND,SELL,25,25,33.33,0,0,0,0,100,1.95,False
2026-08-03 13:35:15,ICPUSDT,DOWNTREND,WAIT,30,30,6.25,0,0,0,0,90,0.83,False
2026-08-03 13:35:15,ARUSDT,DOWNTREND,WAIT,30,30,0.0,0,0,0,0,90,1.18,False
2026-08-03 13:35:15,MASKUSDT,SIDEWAYS,WAIT,50,50,50.0,0,0,0,0,0,16.26,False
2026-08-03 13:35:15,LPTUSDT,SIDEWAYS,WAIT,70,70,28.57,0,0,0,0,90,1.07,False
2026-08-03 13:35:15,XVGUSDT,DOWNTREND,SELL,0,0,20.0,0,0,0,0,0,0.0,False
2026-08-03 13:35:15,GTCUSDT,UPTREND,WAIT,70,70,57.45,0,0,0,0,90,0.7,False
2026-08-03 13:35:15,PHAUSDT,DOWNTREND,SELL,0,0,0.0,0,0,0,0,40,0.11,False
2026-08-03 13:35:15,DEXEUSDT,DOWNTREND,WAIT,50,50,26.25,0,0,0,0,100,1.72,False
2026-08-03 13:35:15,C98USDT,UPTREND,SELL,15,15,56.67,0,0,0,0,50,0.46,False
2026-08-03 13:35:15,QNTUSDT,DOWNTREND,SELL,20,20,28.57,0,0,0,0,70,0.45,False
2026-08-03 13:35:15,FLOWUSDT,DOWNTREND,SELL,0,0,29.63,0,0,0,0,65,0.05,False
2026-08-03 13:35:15,MINAUSDT,DOWNTREND,SELL,0,0,40.0,0,0,0,0,0,0.0,False
2026-08-03 13:35:15,RAYUSDT,DOWNTREND,SELL,5,5,16.67,0,0,0,0,70,0.14,False
2026-08-03 13:35:15,QUICKUSDT,UPTREND,SELL,0,0,100,0,0,0,0,0,0.71,False
2026-08-03 13:35:15,REQUSDT,UPTREND,WAIT,65,65,62.5,0,0,0,0,40,1.3,False
2026-08-03 13:35:15,WAXPUSDT,DOWNTREND,SELL,0,0,40.0,0,0,0,0,90,0.16,False
2026-08-03 13:35:15,GNOUSDT,UPTREND,WAIT,30,30,65.67,0,0,0,0,0,0.36,False
2026-08-03 13:35:15,XECUSDT,DOWNTREND,SELL,0,0,0.0,0,0,0,0,50,4.99,False
2026-08-03 13:35:15,DYDXUSDT,SIDEWAYS,SELL,25,25,27.69,0,0,0,0,0,0.0,False
2026-08-03 13:35:15,USDPUSDT,UPTREND,SELL,20,20,100,0,0,0,0,0,3.72,False
2026-08-03 13:35:15,GALAUSDT,SIDEWAYS,SELL,15,15,47.62,0,0,0,0,50,1.63,False
2026-08-03 13:35:15,ILVUSDT,DOWNTREND,SELL,5,5,33.33,0,0,0,0,30,0.76,False
2026-08-03 13:35:15,YGGUSDT,SIDEWAYS,SELL,0,0,39.13,0,0,0,0,20,0.2,False
2026-08-03 13:35:15,FIDAUSDT,SIDEWAYS,SELL,15,15,35.71,0,0,0,0,25,0.08,False
2026-08-03 13:35:15,AGLDUSDT,DOWNTREND,SELL,0,0,34.78,0,0,0,0,0,0.18,False
2026-08-03 13:35:15,RADUSDT,DOWNTREND,SELL,5,5,33.33,0,0,0,0,70,0.41,False
2026-08-03 13:35:15,RAREUSDT,UPTREND,WAIT,50,50,58.7,0,0,0,0,50,3.96,False
2026-08-03 13:35:15,LAZIOUSDT,DOWNTREND,SELL,0,0,40.0,0,0,0,0,70,0.23,False
2026-08-03 13:35:15,ADXUSDT,SIDEWAYS,SELL,0,0,50.0,0,0,0,0,70,0.65,False
2026-08-03 13:35:15,AUCTIONUSDT,SIDEWAYS,SELL,25,25,44.83,0,0,0,0,25,0.02,False
2026-08-03 13:35:15,MOVRUSDT,UPTREND,SELL,0,0,100,0,0,0,0,0,0.0,False
2026-08-03 13:35:15,CITYUSDT,SIDEWAYS,SELL,25,25,50.0,0,0,0,0,20,0.6,False
2026-08-03 13:35:15,ENSUSDT,DOWNTREND,SELL,0,0,0.0,0,0,0,0,0,0.0,False
2026-08-03 13:35:15,QIUSDT,UPTREND,WAIT,50,50,72.0,0,0,0,0,70,0.77,False
2026-08-03 13:35:15,PORTOUSDT,SIDEWAYS,SELL,5,5,45.45,0,0,0,0,80,0.73,False
2026-08-03 13:35:15,POWRUSDT,UPTREND,SELL,0,0,100,0,0,0,0,0,6.7,False
2026-08-03 13:35:15,JASMYUSDT,DOWNTREND,SELL,0,0,0.0,0,0,0,0,30,7.98,False
2026-08-03 13:35:15,AMPUSDT,DOWNTREND,SELL,0,0,25.0,0,0,0,0,40,0.24,False
2026-08-03 13:35:15,PYRUSDT,UPTREND,BUY,85,85,66.67,0,0,0,0,100,0.8,False
2026-08-03 13:35:15,SANTOSUSDT,SIDEWAYS,SELL,25,25,40.0,0,0,0,0,0,0.8,False
2026-08-03 13:35:15,BICOUSDT,SIDEWAYS,WAIT,65,65,43.23,0,0,0,0,100,1.56,False
2026-08-03 13:35:15,FLUXUSDT,SIDEWAYS,SELL,20,20,50.0,0,0,0,0,0,0.0,False
2026-08-03 13:35:15,CVXUSDT,DOWNTREND,SELL,0,0,38.46,0,0,0,0,0,0.0,False
2026-08-03 13:35:15,PEOPLEUSDT,DOWNTREND,SELL,0,0,20.0,0,0,0,0,90,0.36,False
2026-08-03 13:35:15,SPELLUSDT,SIDEWAYS,SELL,15,15,40.0,0,0,0,0,0,0.0,False
2026-08-03 13:35:15,JOEUSDT,SIDEWAYS,WAIT,70,70,33.33,0,0,0,0,80,2.11,False
2026-08-03 13:35:15,ACHUSDT,DOWNTREND,SELL,0,0,20.0,0,0,0,0,0,0.0,False
2026-08-03 13:35:15,IMXUSDT,SIDEWAYS,SELL,25,25,33.33,0,0,0,0,0,0.08,False
2026-08-03 13:35:15,GLMRUSDT,SIDEWAYS,WAIT,65,65,53.94,0,0,0,0,70,4.97,False
2026-08-03 13:35:15,SCRTUSDT,UPTREND,SELL,25,25,71.43,0,0,0,0,65,0.09,False
2026-08-03 13:35:15,API3USDT,UPTREND,SELL,25,25,55.56,0,0,0,0,50,0.48,False
2026-08-03 13:35:15,BTTCUSDT,SIDEWAYS,WAIT,65,65,50.0,0,0,0,0,80,0.73,False
2026-08-03 13:35:15,XNOUSDT,UPTREND,SELL,25,25,60.0,0,0,0,0,0,0.0,False
2026-08-03 13:35:15,WOOUSDT,SIDEWAYS,SELL,25,25,30.0,0,0,0,0,0,0.0,False
2026-08-03 13:35:15,ALPINEUSDT,UPTREND,SELL,0,0,100,0,0,0,0,0,0.99,False
2026-08-03 13:35:15,TUSDT,UPTREND,SELL,25,25,66.67,0,0,0,0,20,0.0,False
2026-08-03 13:35:15,ASTRUSDT,SIDEWAYS,WAIT,40,40,54.0,0,0,0,0,0,3.12,False
2026-08-03 13:35:15,GMTUSDT,DOWNTREND,SELL,0,0,0.0,0,0,0,0,65,0.09,False
2026-08-03 13:35:15,APEUSDT,DOWNTREND,SELL,0,0,37.5,0,0,0,0,50,0.53,False
2026-08-03 13:35:15,STEEMUSDT,SIDEWAYS,SELL,10,10,45.71,0,0,0,0,0,0.0,False
2026-08-03 13:35:15,NEXOUSDT,DOWNTREND,WAIT,50,50,28.57,0,0,0,0,90,3.8,False
2026-08-03 13:35:15,LDOUSDT,DOWNTREND,WAIT,50,50,25.0,0,0,0,0,90,3.47,False
2026-08-03 13:35:15,OPUSDT,DOWNTREND,SELL,0,0,12.5,0,0,0,0,80,0.16,False
2026-08-03 13:35:15,STGUSDT,DOWNTREND,SELL,0,0,30.0,0,0,0,0,0,0.0,False
2026-08-03 13:35:15,LUNCUSDT,DOWNTREND,SELL,0,0,21.05,0,0,0,0,100,0.71,False
2026-08-03 13:35:15,GMXUSDT,DOWNTREND,WAIT,50,50,20.0,0,0,0,0,100,9.19,False
2026-08-03 13:35:15,POLYXUSDT,SIDEWAYS,SELL,10,10,0.0,0,0,0,0,0,0.0,False
2026-08-03 13:35:15,APTUSDT,SIDEWAYS,SELL,0,0,37.5,0,0,0,0,60,0.15,False
2026-08-03 13:35:15,OSMOUSDT,UPTREND,SELL,15,15,66.67,0,0,0,0,20,0.54,False
2026-08-03 13:35:15,HFTUSDT,UPTREND,BUY,90,90,59.0,0,0,0,0,100,2.01,False
2026-08-03 13:35:15,MAGICUSDT,SIDEWAYS,WAIT,40,40,50.0,0,0,0,0,0,4.85,False
2026-08-03 13:35:15,RPLUSDT,DOWNTREND,SELL,0,0,0.0,0,0,0,0,0,0.0,False
2026-08-03 13:35:15,GNSUSDT,SIDEWAYS,WAIT,50,50,50.0,0,0,0,0,0,5.29,False
2026-08-03 13:35:15,SYNUSDT,DOWNTREND,WAIT,50,50,26.63,0,0,0,0,100,7.33,False
2026-08-03 13:35:15,SSVUSDT,DOWNTREND,SELL,10,10,33.33,0,0,0,0,0,0.0,False
2026-08-03 13:35:15,LQTYUSDT,UPTREND,WAIT,60,60,58.82,0,0,0,0,50,21.15,False
2026-08-03 13:35:15,USTCUSDT,DOWNTREND,SELL,0,0,25.0,0,0,0,0,0,0.0,False
2026-08-03 13:35:15,GASUSDT,SIDEWAYS,WAIT,55,55,33.33,0,0,0,0,30,4.05,False
2026-08-03 13:35:15,GLMUSDT,UPTREND,SELL,10,10,55.56,0,0,0,0,0,0.17,False
2026-08-03 13:35:15,PROMUSDT,DOWNTREND,SELL,10,10,25.53,0,0,0,0,65,0.09,False
2026-08-03 13:35:15,QKCUSDT,UPTREND,WAIT,30,30,71.43,0,0,0,0,20,0.97,False
2026-08-03 13:35:15,IDUSDT,SIDEWAYS,SELL,10,10,0.0,0,0,0,0,0,0.0,False
2026-08-03 13:35:15,ARBUSDT,DOWNTREND,SELL,10,10,0.0,0,0,0,0,90,1.28,False
2026-08-03 13:35:15,WBTCUSDT,DOWNTREND,SELL,0,0,16.76,0,0,0,0,0,0.0,False
2026-08-03 13:35:15,EDUUSDT,DOWNTREND,WAIT,35,35,21.43,0,0,0,0,100,3.55,False
2026-08-03 13:35:15,SUIUSDT,DOWNTREND,WAIT,40,40,36.92,0,0,0,0,100,3.29,False
2026-08-03 13:35:15,PEPEUSDT,UPTREND,SELL,25,25,55.56,0,0,0,0,75,0.0,False
2026-08-03 13:35:15,FLOKIUSDT,DOWNTREND,SELL,0,0,16.67,0,0,0,0,90,0.3,False
2026-08-03 13:35:15,MAVUSDT,SIDEWAYS,SELL,15,15,37.5,0,0,0,0,0,0.0,False
2026-08-03 13:35:15,PENDLEUSDT,DOWNTREND,WAIT,50,50,22.22,0,0,0,0,90,6.08,False
2026-08-03 13:35:15,ARKMUSDT,SIDEWAYS,WAIT,45,45,33.33,0,0,0,0,50,7.42,False
2026-08-03 13:35:15,WBETHUSDT,DOWNTREND,SELL,5,5,34.0,0,0,0,0,10,0.7,False
2026-08-03 13:35:15,WLDUSDT,SIDEWAYS,BUY,75,75,45.45,0,0,0,0,100,35.0,False
2026-08-03 13:35:15,FDUSDUSDT,SIDEWAYS,WAIT,30,30,50.0,0,0,0,0,90,2.32,False
2026-08-03 13:35:15,SEIUSDT,DOWNTREND,WAIT,40,40,27.03,0,0,0,0,90,4.28,False
2026-08-03 13:35:15,CYBERUSDT,SIDEWAYS,WAIT,40,40,0.0,0,0,0,0,0,53.07,False
2026-08-03 13:35:15,ARKUSDT,UPTREND,SELL,25,25,60.0,0,0,0,0,0,0.0,False
2026-08-03 13:35:15,IQUSDT,UPTREND,SELL,0,0,100,0,0,0,0,0,0.0,False
2026-08-03 13:35:15,TIAUSDT,DOWNTREND,SELL,15,15,41.67,0,0,0,0,100,0.69,False
2026-08-03 13:35:15,MEMEUSDT,SIDEWAYS,SELL,25,25,33.33,0,0,0,0,20,0.0,False
2026-08-03 13:35:15,ORDIUSDT,UPTREND,SELL,25,25,57.69,0,0,0,0,50,0.0,False
2026-08-03 13:35:15,BEAMXUSDT,SIDEWAYS,SELL,20,20,52.17,0,0,0,0,0,0.0,False
2026-08-03 13:35:15,PIVXUSDT,UPTREND,SELL,25,25,69.23,0,0,0,0,50,0.0,False
2026-08-03 13:35:15,VICUSDT,UPTREND,SELL,25,25,75.25,0,0,0,0,90,0.19,False
2026-08-03 13:36:06,BTCUSDT,DOWNTREND,WAIT,35,39.67
2026-08-03 13:36:06,ETHUSDT,DOWNTREND,WAIT,40,41.95
2026-08-03 13:36:06,BNBUSDT,DOWNTREND,WAIT,45,30.44
2026-08-03 13:36:06,LTCUSDT,DOWNTREND,WAIT,30,36.36
2026-08-03 13:36:06,ADAUSDT,SIDEWAYS,WAIT,65,52.0
2026-08-03 13:36:06,XRPUSDT,DOWNTREND,SELL,25,33.33
2026-08-03 13:36:06,XLMUSDT,DOWNTREND,WAIT,45,26.67
2026-08-03 13:36:06,TRXUSDT,SIDEWAYS,SELL,20,50.0
2026-08-03 13:36:06,ETCUSDT,DOWNTREND,WAIT,65,25.0
2026-08-03 13:36:06,USDCUSDT,SIDEWAYS,WAIT,40,50.0
2026-08-03 13:36:06,LINKUSDT,SIDEWAYS,WAIT,70,44.26
2026-08-03 13:36:06,FETUSDT,DOWNTREND,WAIT,35,41.67
2026-08-03 13:36:06,ZECUSDT,DOWNTREND,SELL,20,38.02
2026-08-03 13:36:06,CELRUSDT,UPTREND,WAIT,50,57.89
2026-08-03 13:36:06,ENJUSDT,DOWNTREND,SELL,15,42.86
2026-08-03 13:36:06,ALGOUSDT,DOWNTREND,SELL,0,38.46
2026-08-03 13:42:44,BTCUSDT,UPTREND,BUY,100,100,61.46,0,0,0,0,100,1.27,False
2026-08-03 13:42:44,ETHUSDT,UPTREND,BUY,85,85,65.33,0,0,0,0,100,0.49,False
2026-08-03 13:42:44,BNBUSDT,SIDEWAYS,WAIT,65,65,62.14,0,0,0,0,100,0.77,False
2026-08-03 13:42:44,NEOUSDT,UPTREND,WAIT,95,95,61.9,0,0,0,0,0,3.51,False
2026-08-03 13:42:44,LTCUSDT,UPTREND,BUY,95,95,67.65,0,0,0,0,100,0.51,False
2026-08-03 13:42:44,QTUMUSDT,SIDEWAYS,WAIT,55,55,50.0,0,0,0,0,30,1.31,False
2026-08-03 13:42:44,ADAUSDT,UPTREND,WAIT,55,55,65.52,0,0,0,0,90,0.18,False
2026-08-03 13:42:44,XRPUSDT,UPTREND,BUY,100,100,62.35,0,0,0,0,100,1.39,False
2026-08-03 13:42:44,TUSDUSDT,UPTREND,SELL,0,0,100,0,0,0,0,0,0.0,False
2026-08-03 13:42:44,IOTAUSDT,DOWNTREND,SELL,20,20,33.33,0,0,0,0,50,2.64,False
2026-08-03 13:42:44,XLMUSDT,UPTREND,BUY,80,80,75.0,0,0,0,0,100,1.44,False
2026-08-03 13:42:44,ONTUSDT,SIDEWAYS,SELL,15,15,38.89,0,0,0,0,0,0.0,False
2026-08-03 13:42:44,TRXUSDT,SIDEWAYS,WAIT,30,30,50.0,0,0,0,0,100,0.44,False
2026-08-03 13:42:44,ETCUSDT,UPTREND,BUY,75,75,57.14,0,0,0,0,80,0.17,False
2026-08-03 13:42:44,ICXUSDT,SIDEWAYS,SELL,20,20,50.0,0,0,0,0,0,0.88,False
2026-08-03 13:42:44,VETUSDT,UPTREND,SELL,20,20,65.63,0,0,0,0,0,0.0,False
2026-08-03 13:42:44,USDCUSDT,SIDEWAYS,SELL,0,0,46.15,0,0,0,0,100,0.36,False
2026-08-03 13:42:44,LINKUSDT,UPTREND,BUY,85,85,65.09,0,0,0,0,100,0.34,False
2026-08-03 13:42:44,ONGUSDT,UPTREND,WAIT,70,70,61.22,0,0,0,0,0,48.19,False
2026-08-03 13:42:44,HOTUSDT,SIDEWAYS,SELL,0,0,100,0,0,0,0,0,0.0,False
2026-08-03 13:42:44,ZILUSDT,UPTREND,SELL,0,0,83.33,0,0,0,0,0,0.0,False
2026-08-03 13:42:44,ZRXUSDT,UPTREND,SELL,0,0,100,0,0,0,0,0,0.0,False
2026-08-03 13:42:44,FETUSDT,UPTREND,BUY,100,100,64.29,0,0,0,0,100,2.39,False
2026-08-03 13:42:44,BATUSDT,UPTREND,WAIT,40,40,78.57,0,0,0,0,30,123.66,False
2026-08-03 13:42:44,ZECUSDT,UPTREND,BUY,85,85,66.51,0,0,0,0,100,0.35,False
2026-08-03 13:42:44,IOSTUSDT,DOWNTREND,SELL,0,0,37.5,0,0,0,0,0,0.0,False
2026-08-03 13:42:44,CELRUSDT,UPTREND,WAIT,100,100,61.9,0,0,0,0,100,2.58,False
2026-08-03 13:42:44,DASHUSDT,UPTREND,WAIT,70,70,66.67,0,0,0,0,90,0.27,False
2026-08-03 13:42:44,THETAUSDT,UPTREND,SELL,25,25,60.0,0,0,0,0,0,0.0,False
2026-08-03 13:42:44,ENJUSDT,SIDEWAYS,SELL,15,15,45.98,0,0,0,0,90,0.85,False
2026-08-03 13:42:44,ATOMUSDT,UPTREND,SELL,25,25,61.11,0,0,0,0,40,0.0,False
2026-08-03 13:42:44,TFUELUSDT,SIDEWAYS,WAIT,40,40,50.0,0,0,0,0,0,12.74,False
2026-08-03 13:42:44,ONEUSDT,UPTREND,SELL,25,25,66.67,0,0,0,0,0,0.0,False
2026-08-03 13:42:44,ALGOUSDT,SIDEWAYS,SELL,25,25,46.67,0,0,0,0,75,0.05,False
2026-08-03 13:42:44,DOGEUSDT,UPTREND,WAIT,60,60,77.27,0,0,0,0,100,2.26,False
2026-08-03 13:42:44,DUSKUSDT,SIDEWAYS,SELL,0,0,80.0,0,0,0,0,25,0.03,False
2026-08-03 13:42:44,ANKRUSDT,SIDEWAYS,SELL,20,20,50.0,0,0,0,0,0,0.0,False
2026-08-03 13:42:44,WINUSDT,SIDEWAYS,WAIT,70,70,43.0,0,0,0,0,90,4.29,False
2026-08-03 13:42:44,MTLUSDT,UPTREND,WAIT,60,60,75.0,0,0,0,0,50,22.97,False
2026-08-03 13:42:44,CVCUSDT,UPTREND,SELL,25,25,71.43,0,0,0,0,70,0.26,False
2026-08-03 13:42:44,CHZUSDT,UPTREND,SELL,25,25,63.64,0,0,0,0,45,0.08,False
2026-08-03 13:42:44,BANDUSDT,DOWNTREND,SELL,0,0,31.58,0,0,0,0,0,0.0,False
2026-08-03 13:42:44,XTZUSDT,SIDEWAYS,SELL,0,0,50.0,0,0,0,0,20,0.16,False
2026-08-03 13:42:44,RVNUSDT,UPTREND,SELL,25,25,66.67,0,0,0,0,0,0.0,False
2026-08-03 13:42:44,HBARUSDT,UPTREND,WAIT,80,80,63.27,0,0,0,0,100,0.77,False
2026-08-03 13:42:44,STXUSDT,UPTREND,SELL,25,25,62.5,0,0,0,0,0,0.1,False
2026-08-03 13:42:44,KAVAUSDT,DOWNTREND,SELL,0,0,25.0,0,0,0,0,0,0.0,False
2026-08-03 13:42:44,ARPAUSDT,SIDEWAYS,SELL,10,10,0.0,0,0,0,0,0,0.0,False
2026-08-03 13:42:44,IOTXUSDT,UPTREND,SELL,0,0,100,0,0,0,0,0,0.0,False
2026-08-03 13:42:44,RLCUSDT,DOWNTREND,SELL,0,0,36.67,0,0,0,0,20,0.0,False
2026-08-03 13:42:44,BCHUSDT,UPTREND,SELL,25,25,72.73,0,0,0,0,80,0.14,False
2026-08-03 13:42:44,FTTUSDT,UPTREND,SELL,10,10,60.34,0,0,0,0,60,0.16,False
2026-08-03 13:42:44,EURUSDT,SIDEWAYS,SELL,0,0,53.33,0,0,0,0,90,0.23,False
2026-08-03 13:42:44,OGNUSDT,UPTREND,SELL,25,25,75.0,0,0,0,0,0,0.0,False
2026-08-03 13:42:44,LSKUSDT,UPTREND,WAIT,75,75,62.16,0,0,0,0,50,2.58,False
2026-08-03 13:42:44,BNTUSDT,DOWNTREND,SELL,0,0,0.0,0,0,0,0,0,0.0,False
2026-08-03 13:42:44,MBLUSDT,DOWNTREND,SELL,5,5,33.33,0,0,0,0,100,0.35,False
2026-08-03 13:42:44,COTIUSDT,SIDEWAYS,SELL,25,25,35.0,0,0,0,0,75,0.04,False
2026-08-03 13:42:44,SOLUSDT,UPTREND,WAIT,55,55,75.36,0,0,0,0,100,0.45,False
2026-08-03 13:42:44,CTSIUSDT,UPTREND,WAIT,35,35,73.33,0,0,0,0,0,1.94,False
2026-08-03 13:42:44,HIVEUSDT,UPTREND,SELL,0,0,66.67,0,0,0,0,0,0.16,False
2026-08-03 13:42:44,CHRUSDT,UPTREND,SELL,20,20,60.0,0,0,0,0,0,0.26,False
2026-08-03 13:42:44,KNCUSDT,SIDEWAYS,SELL,25,25,44.44,0,0,0,0,0,0.0,False
2026-08-03 13:42:44,COMPUSDT,UPTREND,SELL,25,25,90.0,0,0,0,0,0,0.0,False
2026-08-03 13:42:44,SCUSDT,SIDEWAYS,SELL,20,20,50.0,0,0,0,0,0,0.0,False
2026-08-03 13:42:44,ZENUSDT,UPTREND,BUY,75,75,76.09,0,0,0,0,90,1.23,False
2026-08-03 13:42:44,SNXUSDT,UPTREND,SELL,10,10,100,0,0,0,0,0,0.0,False
2026-08-03 13:42:44,VTHOUSDT,UPTREND,SELL,0,0,100,0,0,0,0,0,0.0,False
2026-08-03 13:42:44,DGBUSDT,UPTREND,WAIT,45,45,64.29,0,0,0,0,0,0.53,False
2026-08-03 13:42:44,DCRUSDT,UPTREND,WAIT,40,40,65.22,0,0,0,0,20,0.66,False
2026-08-03 13:42:44,STORJUSDT,DOWNTREND,SELL,5,5,33.33,0,0,0,0,20,0.0,False
2026-08-03 13:42:44,MANAUSDT,DOWNTREND,SELL,0,0,40.0,0,0,0,0,0,0.04,False
2026-08-03 13:42:44,YFIUSDT,DOWNTREND,SELL,0,0,12.5,0,0,0,0,0,0.0,False
2026-08-03 13:42:44,JSTUSDT,DOWNTREND,SELL,25,25,31.91,0,0,0,0,90,0.13,False
2026-08-03 13:42:44,CRVUSDT,UPTREND,WAIT,45,45,60.87,0,0,0,0,50,0.37,False
2026-08-03 13:42:44,SANDUSDT,UPTREND,SELL,10,10,76.19,0,0,0,0,40,0.0,False
2026-08-03 13:42:44,NMRUSDT,UPTREND,SELL,25,25,100,0,0,0,0,0,0.0,False
2026-08-03 13:42:44,DOTUSDT,UPTREND,WAIT,55,55,66.67,0,0,0,0,100,0.29,False
2026-08-03 13:42:44,LUNAUSDT,SIDEWAYS,WAIT,40,40,50.0,0,0,0,0,0,7.46,False
2026-08-03 13:42:44,RSRUSDT,UPTREND,SELL,25,25,55.56,0,0,0,0,0,0.0,False
2026-08-03 13:42:44,PAXGUSDT,SIDEWAYS,SELL,20,20,47.65,0,0,0,0,90,0.19,False
2026-08-03 13:42:44,TRBUSDT,SIDEWAYS,SELL,15,15,46.67,0,0,0,0,0,0.0,False
2026-08-03 13:42:44,SUSHIUSDT,SIDEWAYS,SELL,0,0,50.0,0,0,0,0,0,0.22,False
2026-08-03 13:42:44,KSMUSDT,DOWNTREND,SELL,10,10,33.33,0,0,0,0,45,0.02,False
2026-08-03 13:42:44,EGLDUSDT,DOWNTREND,SELL,0,0,0.0,0,0,0,0,40,0.15,False
2026-08-03 13:42:44,DIAUSDT,DOWNTREND,SELL,25,25,43.75,0,0,0,0,90,0.13,False
2026-08-03 13:42:44,RUNEUSDT,SIDEWAYS,SELL,10,10,50.0,0,0,0,0,0,0.86,False
2026-08-03 13:42:44,UMAUSDT,SIDEWAYS,SELL,25,25,50.0,0,0,0,0,0,0.0,False
2026-08-03 13:42:44,BELUSDT,SIDEWAYS,SELL,0,0,55.56,0,0,0,0,0,0.0,False
2026-08-03 13:42:44,UNIUSDT,UPTREND,BUY,95,95,75.0,0,0,0,0,100,1.36,False
2026-08-03 13:42:44,SUNUSDT,SIDEWAYS,SELL,0,0,100,0,0,0,0,0,0.0,False
2026-08-03 13:42:44,AVAXUSDT,UPTREND,BUY,85,85,69.33,0,0,0,0,100,0.36,False
2026-08-03 13:42:44,XVSUSDT,UPTREND,WAIT,50,50,75.0,0,0,0,0,70,0.18,False
2026-08-03 13:42:44,AAVEUSDT,SIDEWAYS,WAIT,60,60,53.28,0,0,0,0,100,1.02,False
2026-08-03 13:42:44,NEARUSDT,UPTREND,WAIT,60,60,85.71,0,0,0,0,100,1.18,False
2026-08-03 13:42:44,FILUSDT,UPTREND,BUY,80,80,64.94,0,0,0,0,100,0.38,False
2026-08-03 13:42:44,INJUSDT,UPTREND,WAIT,55,55,71.43,0,0,0,0,80,0.22,False
2026-08-03 13:42:44,AUDIOUSDT,UPTREND,WAIT,35,35,63.64,0,0,0,0,20,0.35,False
2026-08-03 13:42:44,CTKUSDT,UPTREND,SELL,25,25,60.0,0,0,0,0,0,0.0,False
2026-08-03 13:42:44,AXSUSDT,SIDEWAYS,SELL,25,25,50.0,0,0,0,0,25,0.1,False
2026-08-03 13:42:44,STRAXUSDT,DOWNTREND,SELL,0,0,40.0,0,0,0,0,0,0.0,False
2026-08-03 13:42:44,ROSEUSDT,UPTREND,WAIT,70,70,62.5,0,0,0,0,0,7.47,False
2026-08-03 13:42:44,AVAUSDT,UPTREND,SELL,10,10,86.21,0,0,0,0,25,0.06,False
2026-08-03 13:42:44,SKLUSDT,SIDEWAYS,SELL,25,25,50.0,0,0,0,0,20,0.0,False
2026-08-03 13:42:44,GRTUSDT,UPTREND,WAIT,35,35,57.14,0,0,0,0,100,0.27,False
2026-08-03 13:42:44,JUVUSDT,SIDEWAYS,WAIT,50,50,50.0,0,0,0,0,70,0.61,False
2026-08-03 13:42:44,PSGUSDT,UPTREND,WAIT,35,35,75.0,0,0,0,0,20,0.6,False
2026-08-03 13:42:44,1INCHUSDT,SIDEWAYS,SELL,0,0,50.0,0,0,0,0,30,0.49,False
2026-08-03 13:42:44,OGUSDT,UPTREND,SELL,25,25,64.71,0,0,0,0,0,0.0,False
2026-08-03 13:42:44,ATMUSDT,UPTREND,SELL,25,25,66.67,0,0,0,0,20,0.0,False
2026-08-03 13:42:44,ASRUSDT,SIDEWAYS,SELL,0,0,50.0,0,0,0,0,0,0.3,False
2026-08-03 13:42:44,CELOUSDT,UPTREND,SELL,20,20,68.42,0,0,0,0,0,0.0,False
2026-08-03 13:42:44,RIFUSDT,DOWNTREND,SELL,5,5,22.22,0,0,0,0,75,0.05,False
2026-08-03 13:42:44,CKBUSDT,SIDEWAYS,SELL,20,20,50.0,0,0,0,0,0,0.0,False
2026-08-03 13:42:44,TWTUSDT,DOWNTREND,SELL,0,0,33.33,0,0,0,0,0,0.0,False
2026-08-03 13:42:44,SFPUSDT,SIDEWAYS,WAIT,45,45,37.5,0,0,0,0,30,3.03,False
2026-08-03 13:42:44,DODOUSDT,DOWNTREND,SELL,0,0,40.0,0,0,0,0,0,0.0,False
2026-08-03 13:42:44,CAKEUSDT,SIDEWAYS,SELL,10,10,50.0,0,0,0,0,20,0.0,False
2026-08-03 13:42:44,ACMUSDT,SIDEWAYS,WAIT,45,45,50.0,0,0,0,0,20,0.78,False
2026-08-03 13:42:44,ALICEUSDT,SIDEWAYS,SELL,15,15,40.0,0,0,0,0,0,0.0,False
2026-08-03 13:42:44,SUPERUSDT,UPTREND,SELL,25,25,57.14,0,0,0,0,0,0.0,False
2026-08-03 13:42:44,CFXUSDT,UPTREND,SELL,25,25,61.54,0,0,0,0,40,0.0,False
2026-08-03 13:42:44,TKOUSDT,UPTREND,SELL,0,0,66.67,0,0,0,0,60,0.22,False
2026-08-03 13:42:44,PUNDIXUSDT,SIDEWAYS,SELL,20,20,50.0,0,0,0,0,0,0.0,False
2026-08-03 13:42:44,TLMUSDT,SIDEWAYS,SELL,0,0,45.0,0,0,0,0,75,0.02,False
2026-08-03 13:42:44,BARUSDT,SIDEWAYS,SELL,25,25,50.0,0,0,0,0,0,0.0,False
2026-08-03 13:42:44,SLPUSDT,SIDEWAYS,WAIT,35,35,42.86,0,0,0,0,30,14.62,False
2026-08-03 13:42:44,SHIBUSDT,UPTREND,SELL,25,25,57.14,0,0,0,0,75,0.02,False
2026-08-03 13:42:44,ICPUSDT,UPTREND,BUY,90,90,61.54,0,0,0,0,90,0.63,False
2026-08-03 13:42:44,ARUSDT,DOWNTREND,SELL,0,0,40.0,0,0,0,0,65,0.01,False
2026-08-03 13:42:44,MASKUSDT,SIDEWAYS,SELL,25,25,50.0,0,0,0,0,0,0.0,False
2026-08-03 13:42:44,LPTUSDT,SIDEWAYS,SELL,25,25,53.85,0,0,0,0,65,0.03,False
2026-08-03 13:42:44,XVGUSDT,UPTREND,SELL,20,20,56.0,0,0,0,0,0,0.26,False
2026-08-03 13:42:44,GTCUSDT,UPTREND,SELL,25,25,70.77,0,0,0,0,40,0.0,False
2026-08-03 13:42:44,PHAUSDT,SIDEWAYS,SELL,25,25,50.0,0,0,0,0,25,0.04,False
2026-08-03 13:42:44,DEXEUSDT,DOWNTREND,WAIT,45,45,28.12,0,0,0,0,100,0.95,False
2026-08-03 13:42:44,C98USDT,UPTREND,SELL,25,25,59.38,0,0,0,0,20,0.0,False
2026-08-03 13:42:44,QNTUSDT,SIDEWAYS,SELL,25,25,50.5,0,0,0,0,45,0.03,False
2026-08-03 13:42:44,FLOWUSDT,DOWNTREND,SELL,0,0,43.48,0,0,0,0,65,0.04,False
2026-08-03 13:42:44,MINAUSDT,SIDEWAYS,SELL,25,25,33.33,0,0,0,0,0,0.0,False
2026-08-03 13:42:44,RAYUSDT,UPTREND,BUY,85,85,67.53,0,0,0,0,80,1.91,False
2026-08-03 13:42:44,QUICKUSDT,UPTREND,SELL,0,0,100,0,0,0,0,0,0.0,False
2026-08-03 13:42:44,REQUSDT,UPTREND,SELL,25,25,60.0,0,0,0,0,0,0.0,False
2026-08-03 13:42:44,WAXPUSDT,DOWNTREND,SELL,0,0,36.84,0,0,0,0,100,0.32,False
2026-08-03 13:42:44,GNOUSDT,SIDEWAYS,SELL,25,25,47.73,0,0,0,0,0,0.0,False
2026-08-03 13:42:44,XECUSDT,SIDEWAYS,SELL,0,0,50.0,0,0,0,0,0,0.0,False
2026-08-03 13:42:44,DYDXUSDT,SIDEWAYS,SELL,25,25,54.08,0,0,0,0,0,0.0,False
2026-08-03 13:42:44,USDPUSDT,UPTREND,SELL,0,0,100,0,0,0,0,0,0.0,False
2026-08-03 13:42:44,GALAUSDT,SIDEWAYS,WAIT,30,30,42.86,0,0,0,0,50,2.05,False
2026-08-03 13:42:44,ILVUSDT,UPTREND,WAIT,70,70,66.67,0,0,0,0,30,1.81,False
2026-08-03 13:42:44,YGGUSDT,DOWNTREND,SELL,0,0,41.18,0,0,0,0,0,0.0,False
2026-08-03 13:42:44,FIDAUSDT,UPTREND,WAIT,60,60,66.67,0,0,0,0,50,30.76,False
2026-08-03 13:42:44,AGLDUSDT,DOWNTREND,SELL,0,0,31.58,0,0,0,0,0,0.0,False
2026-08-03 13:42:44,RADUSDT,DOWNTREND,SELL,0,0,40.0,0,0,0,0,60,0.11,False
2026-08-03 13:42:44,RAREUSDT,SIDEWAYS,WAIT,40,40,47.71,0,0,0,0,50,14.03,False
2026-08-03 13:42:44,LAZIOUSDT,UPTREND,BUY,90,90,57.14,0,0,0,0,80,1.05,False
2026-08-03 13:42:44,ADXUSDT,UPTREND,WAIT,70,70,66.67,0,0,0,0,70,1.81,False
2026-08-03 13:42:44,AUCTIONUSDT,SIDEWAYS,SELL,25,25,46.15,0,0,0,0,0,0.0,False
2026-08-03 13:42:44,MOVRUSDT,UPTREND,SELL,25,25,57.14,0,0,0,0,0,0.0,False
2026-08-03 13:42:44,CITYUSDT,UPTREND,WAIT,35,35,57.14,0,0,0,0,20,0.52,False
2026-08-03 13:42:44,ENSUSDT,DOWNTREND,SELL,0,0,40.0,0,0,0,0,0,0.0,False
2026-08-03 13:42:44,QIUSDT,SIDEWAYS,WAIT,60,60,53.57,0,0,0,0,70,2.76,False
2026-08-03 13:42:44,PORTOUSDT,UPTREND,BUY,85,85,60.0,0,0,0,0,80,0.72,False
2026-08-03 13:42:44,POWRUSDT,UPTREND,SELL,0,0,100,0,0,0,0,0,0.0,False
2026-08-03 13:42:44,JASMYUSDT,SIDEWAYS,SELL,20,20,50.0,0,0,0,0,0,0.0,False
2026-08-03 13:42:44,AMPUSDT,SIDEWAYS,SELL,0,0,50.0,0,0,0,0,10,0.11,False
2026-08-03 13:42:44,PYRUSDT,UPTREND,BUY,90,90,58.33,0,0,0,0,100,0.54,False
2026-08-03 13:42:44,SANTOSUSDT,UPTREND,SELL,0,0,100,0,0,0,0,30,0.36,False
2026-08-03 13:42:44,BICOUSDT,SIDEWAYS,WAIT,60,60,50.0,0,0,0,0,100,0.5,False
2026-08-03 13:42:44,FLUXUSDT,SIDEWAYS,SELL,20,20,50.0,0,0,0,0,0,0.0,False
2026-08-03 13:42:44,CVXUSDT,UPTREND,WAIT,60,60,62.5,0,0,0,0,0,0.4,False
2026-08-03 13:42:44,PEOPLEUSDT,SIDEWAYS,WAIT,40,40,55.56,0,0,0,0,90,0.79,False
2026-08-03 13:42:44,SPELLUSDT,SIDEWAYS,SELL,25,25,25.0,0,0,0,0,0,0.0,False
2026-08-03 13:42:44,JOEUSDT,UPTREND,SELL,25,25,60.0,0,0,0,0,55,0.07,False
2026-08-03 13:42:44,ACHUSDT,DOWNTREND,SELL,0,0,40.0,0,0,0,0,0,0.0,False
2026-08-03 13:42:44,IMXUSDT,SIDEWAYS,SELL,25,25,50.0,0,0,0,0,0,0.0,False
2026-08-03 13:42:44,GLMRUSDT,SIDEWAYS,SELL,0,0,53.01,0,0,0,0,60,0.15,False
2026-08-03 13:42:44,SCRTUSDT,UPTREND,SELL,25,25,66.67,0,0,0,0,40,0.0,False
2026-08-03 13:42:44,API3USDT,UPTREND,WAIT,60,60,60.0,0,0,0,0,50,4.48,False
2026-08-03 13:42:44,BTTCUSDT,DOWNTREND,SELL,10,10,33.33,0,0,0,0,80,0.51,False
2026-08-03 13:42:44,XNOUSDT,UPTREND,SELL,10,10,100,0,0,0,0,0,0.0,False
2026-08-03 13:42:44,WOOUSDT,SIDEWAYS,SELL,25,25,53.85,0,0,0,0,0,0.0,False
2026-08-03 13:42:44,ALPINEUSDT,UPTREND,SELL,10,10,100,0,0,0,0,0,0.0,False
2026-08-03 13:42:44,TUSDT,DOWNTREND,SELL,0,0,33.33,0,0,0,0,60,0.19,False
2026-08-03 13:42:44,ASTRUSDT,UPTREND,WAIT,70,70,64.94,0,0,0,0,0,8.08,False
2026-08-03 13:42:44,GMTUSDT,UPTREND,SELL,25,25,62.5,0,0,0,0,40,0.0,False
2026-08-03 13:42:44,APEUSDT,UPTREND,SELL,25,25,72.73,0,0,0,0,0,0.0,False
2026-08-03 13:42:44,STEEMUSDT,UPTREND,SELL,25,25,63.64,0,0,0,0,0,0.0,False
2026-08-03 13:42:44,NEXOUSDT,UPTREND,SELL,25,25,77.78,0,0,0,0,65,0.09,False
2026-08-03 13:42:44,LDOUSDT,SIDEWAYS,SELL,20,20,62.96,0,0,0,0,80,0.2,False
2026-08-03 13:42:44,OPUSDT,SIDEWAYS,SELL,25,25,66.67,0,0,0,0,80,0.12,False
2026-08-03 13:42:44,STGUSDT,UPTREND,SELL,25,25,66.67,0,0,0,0,0,0.0,False
2026-08-03 13:42:44,LUNCUSDT,SIDEWAYS,SELL,25,25,49.21,0,0,0,0,75,0.09,False
2026-08-03 13:42:44,GMXUSDT,UPTREND,WAIT,70,70,66.67,0,0,0,0,100,0.29,False
2026-08-03 13:42:44,POLYXUSDT,UPTREND,SELL,25,25,66.67,0,0,0,0,0,0.0,False
2026-08-03 13:42:44,APTUSDT,UPTREND,BUY,100,100,66.67,0,0,0,0,90,2.12,False
2026-08-03 13:42:44,OSMOUSDT,UPTREND,SELL,20,20,60.0,0,0,0,0,20,0.26,False
2026-08-03 13:42:44,HFTUSDT,UPTREND,BUY,80,80,73.72,0,0,0,0,100,1.63,False
2026-08-03 13:42:44,MAGICUSDT,SIDEWAYS,SELL,20,20,50.0,0,0,0,0,0,0.0,False
2026-08-03 13:42:44,RPLUSDT,UPTREND,SELL,25,25,100,0,0,0,0,0,0.0,False
2026-08-03 13:42:44,GNSUSDT,UPTREND,WAIT,80,80,57.14,0,0,0,0,0,25.99,False
2026-08-03 13:42:44,SYNUSDT,SIDEWAYS,WAIT,45,45,52.94,0,0,0,0,100,0.86,False
2026-08-03 13:42:44,SSVUSDT,DOWNTREND,SELL,0,0,5.0,0,0,0,0,0,0.0,False
2026-08-03 13:42:44,LQTYUSDT,UPTREND,SELL,25,25,57.14,0,0,0,0,0,0.0,False
2026-08-03 13:42:44,USTCUSDT,SIDEWAYS,SELL,25,25,50.0,0,0,0,0,25,0.02,False
2026-08-03 13:42:44,GASUSDT,UPTREND,WAIT,55,55,63.64,0,0,0,0,30,2.55,False
2026-08-03 13:42:44,GLMUSDT,UPTREND,SELL,25,25,66.67,0,0,0,0,0,0.0,False
2026-08-03 13:42:44,PROMUSDT,DOWNTREND,SELL,0,0,41.03,0,0,0,0,40,0.0,False
2026-08-03 13:42:44,QKCUSDT,UPTREND,SELL,0,0,90.91,0,0,0,0,20,0.32,False
2026-08-03 13:42:44,IDUSDT,UPTREND,SELL,0,0,100,0,0,0,0,0,0.0,False
2026-08-03 13:42:44,ARBUSDT,SIDEWAYS,SELL,10,10,50.0,0,0,0,0,80,0.19,False
2026-08-03 13:42:44,WBTCUSDT,UPTREND,SELL,25,25,63.42,0,0,0,0,0,0.07,False
2026-08-03 13:42:44,EDUUSDT,SIDEWAYS,WAIT,70,70,55.56,0,0,0,0,100,2.02,False
2026-08-03 13:42:44,SUIUSDT,UPTREND,WAIT,40,40,76.92,0,0,0,0,100,0.39,False
2026-08-03 13:42:44,PEPEUSDT,SIDEWAYS,SELL,25,25,50.0,0,0,0,0,75,0.08,False
2026-08-03 13:42:44,FLOKIUSDT,UPTREND,SELL,25,25,63.16,0,0,0,0,80,0.11,False
2026-08-03 13:42:44,MAVUSDT,UPTREND,WAIT,70,70,61.11,0,0,0,0,0,22.33,False
2026-08-03 13:42:44,PENDLEUSDT,UPTREND,BUY,80,80,61.54,0,0,0,0,90,0.38,False
2026-08-03 13:42:44,ARKMUSDT,UPTREND,SELL,10,10,72.73,0,0,0,0,40,0.19,False
2026-08-03 13:42:44,WBETHUSDT,SIDEWAYS,SELL,25,25,51.74,0,0,0,0,0,0.0,False
2026-08-03 13:42:44,WLDUSDT,UPTREND,WAIT,60,60,80.0,0,0,0,0,100,1.51,False
2026-08-03 13:42:44,FDUSDUSDT,SIDEWAYS,SELL,0,0,100,0,0,0,0,75,0.03,False
2026-08-03 13:42:44,SEIUSDT,UPTREND,WAIT,100,100,61.7,0,0,0,0,90,3.21,False
2026-08-03 13:42:44,CYBERUSDT,SIDEWAYS,SELL,25,25,50.0,0,0,0,0,0,0.0,False
2026-08-03 13:42:44,ARKUSDT,UPTREND,SELL,20,20,80.0,0,0,0,0,0,0.0,False
2026-08-03 13:42:44,IQUSDT,UPTREND,SELL,0,0,100,0,0,0,0,0,0.0,False
2026-08-03 13:42:44,TIAUSDT,SIDEWAYS,SELL,25,25,50.0,0,0,0,0,75,0.02,False
2026-08-03 13:42:44,MEMEUSDT,UPTREND,SELL,25,25,100,0,0,0,0,70,0.99,False
2026-08-03 13:42:44,ORDIUSDT,UPTREND,SELL,25,25,67.92,0,0,0,0,75,0.04,False
2026-08-03 13:42:44,BEAMXUSDT,SIDEWAYS,SELL,0,0,55.0,0,0,0,0,40,0.24,False
2026-08-03 13:42:44,PIVXUSDT,UPTREND,SELL,25,25,67.65,0,0,0,0,75,0.07,False
2026-08-03 13:42:44,VICUSDT,UPTREND,BUY,80,80,73.08,0,0,0,0,100,1.34,False
2026-08-03 13:42:44,BLURUSDT,SIDEWAYS,SELL,25,25,50.0,0,0,0,0,0,0.0,False
2026-08-03 13:42:46,VANRYUSDT,UPTREND,WAIT,95,95,65.95,0,0,0,0,100,3.07,False
2026-08-03 13:42:46,JTOUSDT,UPTREND,SELL,25,25,63.29,0,0,0,0,65,0.03,False
2026-08-03 13:42:46,1000SATSUSDT,SIDEWAYS,WAIT,40,40,52.38,0,0,0,0,90,0.37,False
2026-08-03 13:42:46,BONKUSDT,UPTREND,SELL,25,25,60.0,0,0,0,0,0,0.0,False
2026-08-03 13:42:46,ACEUSDT,DOWNTREND,SELL,15,15,33.33,0,0,0,0,100,0.35,False
2026-08-03 13:42:46,AIUSDT,DOWNTREND,SELL,0,0,33.33,0,0,0,0,30,0.0,False
2026-08-03 13:42:46,XAIUSDT,UPTREND,WAIT,35,35,57.14,0,0,0,0,50,1.68,False
2026-08-03 13:42:46,MANTAUSDT,SIDEWAYS,SELL,15,15,62.2,0,0,0,0,70,0.28,False
2026-08-03 13:42:46,ALTUSDT,UPTREND,WAIT,65,65,60.0,0,0,0,0,20,2.61,False
2026-08-03 13:42:46,JUPUSDT,UPTREND,SELL,25,25,68.0,0,0,0,0,25,0.06,False
2026-08-03 13:42:46,PYTHUSDT,UPTREND,WAIT,65,65,66.67,0,0,0,0,70,1.18,False
2026-08-03 13:42:46,RONINUSDT,SIDEWAYS,SELL,0,0,50.0,0,0,0,0,5,0.07,False
2026-08-03 13:42:46,DYMUSDT,UPTREND,SELL,25,25,72.22,0,0,0,0,0,0.0,False
2026-08-03 13:42:46,PIXELUSDT,SIDEWAYS,SELL,20,20,50.0,0,0,0,0,0,0.0,False
2026-08-03 13:42:46,STRKUSDT,UPTREND,SELL,25,25,55.56,0,0,0,0,75,0.01,False
2026-08-03 13:42:46,PORTALUSDT,UPTREND,WAIT,80,80,65.0,0,0,0,0,100,0.73,False
2026-08-03 13:42:46,AXLUSDT,UPTREND,SELL,0,0,100,0,0,0,0,0,0.0,False
2026-08-03 13:42:46,WIFUSDT,UPTREND,SELL,25,25,62.5,0,0,0,0,20,0.0,False
2026-08-03 13:42:46,METISUSDT,UPTREND,WAIT,35,35,100,0,0,0,0,70,1.03,False
2026-08-03 13:42:46,AEVOUSDT,DOWNTREND,SELL,0,0,19.05,0,0,0,0,40,0.0,False
2026-08-03 13:42:46,BOMEUSDT,UPTREND,WAIT,35,35,73.68,0,0,0,0,90,0.18,False
2026-08-03 13:42:46,ETHFIUSDT,UPTREND,SELL,25,25,60.71,0,0,0,0,90,0.12,False
2026-08-03 13:42:46,ENAUSDT,UPTREND,BUY,90,90,65.0,0,0,0,0,100,0.67,False
2026-08-03 13:42:46,WUSDT,UPTREND,SELL,25,25,57.14,0,0,0,0,0,0.0,False
2026-08-03 13:42:46,TNSRUSDT,DOWNTREND,SELL,0,0,0.0,0,0,0,0,0,0.0,False
2026-08-03 13:42:46,SAGAUSDT,UPTREND,SELL,25,25,58.33,0,0,0,0,80,0.13,False
2026-08-03 13:42:46,TAOUSDT,SIDEWAYS,SELL,25,25,52.38,0,0,0,0,75,0.05,False
2026-08-03 13:42:46,REZUSDT,SIDEWAYS,WAIT,30,30,54.17,0,0,0,0,70,1.9,False
2026-08-03 13:42:46,BBUSDT,UPTREND,WAIT,45,45,57.78,0,0,0,0,70,0.16,False
2026-08-03 13:42:46,NOTUSDT,SIDEWAYS,SELL,20,20,50.0,0,0,0,0,0,0.0,False
2026-08-03 13:42:46,IOUSDT,UPTREND,WAIT,35,35,58.33,0,0,0,0,30,0.62,False
2026-08-03 13:42:46,ZKUSDT,UPTREND,WAIT,45,45,62.5,0,0,0,0,50,0.53,False
2026-08-03 13:42:46,LISTAUSDT,UPTREND,WAIT,40,40,66.67,0,0,0,0,0,1.16,False
2026-08-03 13:42:46,ZROUSDT,SIDEWAYS,SELL,20,20,57.14,0,0,0,0,25,0.03,False
2026-08-03 13:42:46,GUSDT,SIDEWAYS,SELL,25,25,50.0,0,0,0,0,30,0.48,False
2026-08-03 13:42:46,BANANAUSDT,SIDEWAYS,SELL,25,25,51.61,0,0,0,0,45,0.05,False
2026-08-03 13:42:46,RENDERUSDT,UPTREND,BUY,100,100,66.67,0,0,0,0,70,3.82,False
2026-08-03 13:42:46,DOGSUSDT,UPTREND,SELL,25,25,59.46,0,0,0,0,40,0.0,False
2026-08-03 13:42:46,EURIUSDT,SIDEWAYS,SELL,10,10,53.85,0,0,0,0,70,0.63,False
2026-08-03 13:42:46,POLUSDT,UPTREND,SELL,25,25,60.0,0,0,0,0,75,0.05,False
2026-08-03 13:42:46,NEIROUSDT,UPTREND,WAIT,45,45,67.21,0,0,0,0,90,0.16,False
2026-08-03 13:42:46,TURBOUSDT,UPTREND,SELL,25,25,75.0,0,0,0,0,0,0.0,False
2026-08-03 13:42:46,1MBABYDOGEUSDT,UPTREND,SELL,25,25,62.07,0,0,0,0,0,0.0,False
2026-08-03 13:42:46,CATIUSDT,DOWNTREND,SELL,0,0,40.0,0,0,0,0,45,0.02,False
2026-08-03 13:42:46,HMSTRUSDT,DOWNTREND,SELL,0,0,43.59,0,0,0,0,65,0.01,False
2026-08-03 13:42:46,EIGENUSDT,UPTREND,SELL,25,25,60.0,0,0,0,0,20,0.0,False
2026-08-03 13:42:46,SCRUSDT,SIDEWAYS,SELL,20,20,53.12,0,0,0,0,80,0.2,False
2026-08-03 13:42:46,BNSOLUSDT,UPTREND,WAIT,50,50,66.67,0,0,0,0,0,0.34,False
2026-08-03 13:42:46,LUMIAUSDT,UPTREND,WAIT,30,30,80.0,0,0,0,0,50,10.48,False
2026-08-03 13:42:46,KAIAUSDT,SIDEWAYS,SELL,0,0,100,0,0,0,0,0,0.0,False
2026-08-03 13:42:46,COWUSDT,SIDEWAYS,SELL,25,25,40.0,0,0,0,0,0,0.0,False
2026-08-03 13:42:46,CETUSUSDT,UPTREND,SELL,25,25,75.0,0,0,0,0,0,0.0,False
2026-08-03 13:42:46,PNUTUSDT,UPTREND,SELL,25,25,66.67,0,0,0,0,0,0.0,False
2026-08-03 13:42:46,ACTUSDT,SIDEWAYS,SELL,25,25,50.0,0,0,0,0,5,0.07,False
2026-08-03 13:42:46,USUALUSDT,SIDEWAYS,SELL,15,15,36.36,0,0,0,0,20,0.0,False
2026-08-03 13:42:46,THEUSDT,SIDEWAYS,WAIT,35,35,50.0,0,0,0,0,0,2.02,False
2026-08-03 13:42:46,ACXUSDT,UPTREND,WAIT,50,50,66.1,0,0,0,0,100,0.39,False
2026-08-03 13:42:46,ORCAUSDT,UPTREND,SELL,10,10,83.33,0,0,0,0,0,0.0,False
2026-08-03 13:42:46,MOVEUSDT,SIDEWAYS,SELL,0,0,100,0,0,0,0,75,0.08,False
2026-08-03 13:42:46,MEUSDT,UPTREND,SELL,0,0,80.36,0,0,0,0,20,0.0,False
2026-08-03 13:42:46,VELODROMEUSDT,UPTREND,SELL,0,0,75.0,0,0,0,0,40,0.2,False
2026-08-03 13:42:46,VANAUSDT,DOWNTREND,SELL,20,20,40.0,0,0,0,0,50,2.76,False
2026-08-03 13:42:46,1000CATUSDT,SIDEWAYS,SELL,0,0,100,0,0,0,0,0,0.0,False
2026-08-03 13:42:46,PENGUUSDT,UPTREND,SELL,25,25,70.67,0,0,0,0,90,0.14,False
2026-08-03 13:42:46,BIOUSDT,SIDEWAYS,SELL,20,20,51.52,0,0,0,0,45,0.04,False
2026-08-03 13:42:46,AIXBTUSDT,SIDEWAYS,SELL,25,25,52.38,0,0,0,0,5,0.01,False
2026-08-03 13:42:46,CGPTUSDT,UPTREND,WAIT,75,75,72.41,0,0,0,0,70,3.66,False
2026-08-03 13:42:46,COOKIEUSDT,UPTREND,SELL,0,0,100,0,0,0,0,0,0.14,False
2026-08-03 13:42:46,SUSDT,DOWNTREND,SELL,0,0,37.04,0,0,0,0,90,0.2,False
2026-08-03 13:42:46,SOLVUSDT,DOWNTREND,SELL,0,0,25.0,0,0,0,0,0,0.0,False
2026-08-03 13:42:46,TRUMPUSDT,SIDEWAYS,SELL,25,25,53.33,0,0,0,0,75,0.01,False
2026-08-03 13:42:46,ANIMEUSDT,UPTREND,SELL,25,25,66.67,0,0,0,0,0,0.09,False
2026-08-03 13:42:46,BERAUSDT,UPTREND,BUY,85,85,72.73,0,0,0,0,70,6.03,False
2026-08-03 13:42:46,1000CHEEMSUSDT,SIDEWAYS,WAIT,40,40,50.0,0,0,0,0,100,1.72,False
2026-08-03 13:42:46,TSTUSDT,SIDEWAYS,SELL,0,0,47.37,0,0,0,0,45,0.01,False
2026-08-03 13:42:46,LAYERUSDT,UPTREND,SELL,25,25,60.0,0,0,0,0,0,0.0,False
2026-08-03 13:42:46,HEIUSDT,SIDEWAYS,WAIT,40,40,50.0,0,0,0,0,90,0.57,False
2026-08-03 13:42:46,KAITOUSDT,SIDEWAYS,WAIT,35,35,47.66,0,0,0,0,100,0.45,False
2026-08-03 13:42:46,SHELLUSDT,UPTREND,SELL,0,0,100,0,0,0,0,0,0.0,False
2026-08-03 13:42:46,REDUSDT,SIDEWAYS,SELL,25,25,50.0,0,0,0,0,0,0.0,False
2026-08-03 13:42:46,GPSUSDT,UPTREND,SELL,25,25,65.71,0,0,0,0,20,0.0,False
2026-08-03 13:42:46,EPICUSDT,SIDEWAYS,WAIT,55,55,48.86,0,0,0,0,100,0.44,False
2026-08-03 13:42:46,BMTUSDT,SIDEWAYS,SELL,15,15,40.0,0,0,0,0,60,0.13,False
2026-08-03 13:42:46,FORMUSDT,DOWNTREND,SELL,0,0,29.41,0,0,0,0,20,0.0,False
2026-08-03 13:42:46,XUSDUSDT,UPTREND,SELL,0,0,100,0,0,0,0,0,0.0,False
2026-08-03 13:42:46,NILUSDT,DOWNTREND,SELL,20,20,37.66,0,0,0,0,100,0.99,False
2026-08-03 13:42:46,PARTIUSDT,UPTREND,SELL,0,0,100,0,0,0,0,0,0.0,False
2026-08-03 13:42:46,MUBARAKUSDT,DOWNTREND,SELL,0,0,28.57,0,0,0,0,90,0.21,False
2026-08-03 13:42:46,TUTUSDT,SIDEWAYS,SELL,15,15,45.71,0,0,0,0,100,0.28,False
2026-08-03 13:42:46,BROCCOLI714USDT,SIDEWAYS,SELL,10,10,56.25,0,0,0,0,90,0.42,False
2026-08-03 13:42:46,BANANAS31USDT,UPTREND,SELL,25,25,57.69,0,0,0,0,80,0.1,False
2026-08-03 13:42:46,GUNUSDT,UPTREND,SELL,25,25,100,0,0,0,0,75,0.03,False
2026-08-03 13:42:46,BABYUSDT,UPTREND,WAIT,45,45,70.0,0,0,0,0,90,0.15,False
2026-08-03 13:42:46,ONDOUSDT,UPTREND,SELL,25,25,66.67,0,0,0,0,90,0.12,False
2026-08-03 13:42:46,BIGTIMEUSDT,UPTREND,SELL,0,0,83.33,0,0,0,0,0,0.0,False
2026-08-03 13:42:46,VIRTUALUSDT,UPTREND,BUY,90,90,71.08,0,0,0,0,90,2.79,False
2026-08-03 13:42:46,KERNELUSDT,SIDEWAYS,SELL,20,20,50.0,0,0,0,0,0,0.11,False
2026-08-03 13:42:46,WCTUSDT,UPTREND,WAIT,70,70,69.77,0,0,0,0,70,1.36,False
2026-08-03 13:42:46,HYPERUSDT,UPTREND,SELL,25,25,57.14,0,0,0,0,40,0.0,False
2026-08-03 13:42:46,INITUSDT,UPTREND,SELL,15,15,75.0,0,0,0,0,0,0.32,False
2026-08-03 13:42:46,SIGNUSDT,DOWNTREND,SELL,0,0,25.0,0,0,0,0,65,0.03,False
2026-08-03 13:42:46,STOUSDT,DOWNTREND,SELL,0,0,40.0,0,0,0,0,5,0.05,False
2026-08-03 13:42:46,SYRUPUSDT,UPTREND,WAIT,35,35,75.0,0,0,0,0,70,0.29,False
2026-08-03 13:42:46,KMNOUSDT,UPTREND,SELL,25,25,60.0,0,0,0,0,0,0.0,False
2026-08-03 13:42:46,SXTUSDT,SIDEWAYS,SELL,25,25,50.0,0,0,0,0,0,0.0,False
2026-08-03 13:42:46,NXPCUSDT,SIDEWAYS,SELL,25,25,50.0,0,0,0,0,0,0.0,False
2026-08-03 13:42:46,AWEUSDT,DOWNTREND,SELL,0,0,31.03,0,0,0,0,0,0.0,False
2026-08-03 13:42:46,HAEDALUSDT,UPTREND,SELL,15,15,64.29,0,0,0,0,30,0.36,False
2026-08-03 13:42:46,USD1USDT,UPTREND,WAIT,55,55,61.54,0,0,0,0,100,0.28,False
2026-08-03 13:42:46,HUMAUSDT,UPTREND,SELL,25,25,64.1,0,0,0,0,0,0.0,False
2026-08-03 13:42:46,AUSDT,UPTREND,WAIT,45,45,75.0,0,0,0,0,50,1.39,False
2026-08-03 13:42:46,SOPHUSDT,UPTREND,SELL,0,0,100,0,0,0,0,0,0.0,False
2026-08-03 13:42:46,RESOLVUSDT,UPTREND,SELL,25,25,58.33,0,0,0,0,0,0.0,False
2026-08-03 13:42:46,HOMEUSDT,SIDEWAYS,WAIT,60,60,50.0,0,0,0,0,100,0.36,False
2026-08-03 13:42:46,SPKUSDT,SIDEWAYS,SELL,0,0,45.51,0,0,0,0,80,0.18,False
2026-08-03 13:42:46,NEWTUSDT,UPTREND,SELL,20,20,66.67,0,0,0,0,0,0.0,False
2026-08-03 13:42:46,SAHARAUSDT,UPTREND,SELL,10,10,77.78,0,0,0,0,40,0.0,False
2026-08-03 13:42:46,LAUSDT,DOWNTREND,SELL,0,0,0.0,0,0,0,0,45,0.07,False
2026-08-03 13:42:46,ERAUSDT,SIDEWAYS,SELL,25,25,50.0,0,0,0,0,75,0.0,False
2026-08-03 13:42:46,CUSDT,UPTREND,BUY,80,80,62.5,0,0,0,0,100,0.42,False
2026-08-03 13:42:46,TREEUSDT,UPTREND,SELL,0,0,100,0,0,0,0,30,1.18,False
2026-08-03 13:42:46,TOWNSUSDT,UPTREND,WAIT,45,45,75.0,0,0,0,0,50,2.39,False
2026-08-03 13:42:46,PROVEUSDT,SIDEWAYS,SELL,0,0,20.0,0,0,0,0,30,0.42,False
2026-08-03 13:42:46,BFUSDUSDT,SIDEWAYS,SELL,0,0,100,0,0,0,0,0,0.0,False
2026-08-03 13:42:46,PLUMEUSDT,UPTREND,SELL,0,0,84.62,0,0,0,0,25,0.04,False
2026-08-03 13:42:46,DOLOUSDT,UPTREND,SELL,10,10,78.13,0,0,0,0,0,0.0,False
2026-08-03 13:42:46,MITOUSDT,SIDEWAYS,SELL,0,0,47.37,0,0,0,0,70,0.3,False
2026-08-03 13:42:46,WLFIUSDT,UPTREND,SELL,0,0,100,0,0,0,0,20,0.0,False
2026-08-03 13:42:46,SOMIUSDT,UPTREND,WAIT,60,60,71.43,0,0,0,0,100,0.32,False
2026-08-03 13:42:46,OPENUSDT,UPTREND,SELL,25,25,58.54,0,0,0,0,65,0.08,False
2026-08-03 13:42:46,USDEUSDT,UPTREND,SELL,0,0,100,0,0,0,0,0,0.0,False
2026-08-03 13:42:46,LINEAUSDT,UPTREND,SELL,25,25,64.29,0,0,0,0,0,0.0,False
2026-08-03 13:42:46,HOLOUSDT,UPTREND,BUY,80,80,66.67,0,0,0,0,90,0.72,False
2026-08-03 13:42:46,PUMPUSDT,SIDEWAYS,WAIT,50,50,53.33,0,0,0,0,100,0.56,False
2026-08-03 13:42:46,AVNTUSDT,UPTREND,SELL,25,25,57.14,0,0,0,0,5,0.02,False
2026-08-03 13:42:46,ZKCUSDT,UPTREND,SELL,25,25,75.0,0,0,0,0,0,0.0,False
2026-08-03 13:42:46,SKYUSDT,UPTREND,SELL,20,20,81.97,0,0,0,0,50,4.52,False
2026-08-03 13:42:46,BARDUSDT,UPTREND,SELL,25,25,60.0,0,0,0,0,0,0.0,False
2026-08-03 13:42:46,0GUSDT,SIDEWAYS,SELL,0,0,50.0,0,0,0,0,0,0.0,False
2026-08-03 13:42:46,HEMIUSDT,SIDEWAYS,SELL,20,20,50.0,0,0,0,0,45,0.02,False
2026-08-03 13:42:46,XPLUSDT,UPTREND,BUY,90,90,68.79,0,0,0,0,100,1.49,False
2026-08-03 13:42:46,MIRAUSDT,UPTREND,WAIT,65,65,55.56,0,0,0,0,90,0.19,False
2026-08-03 13:42:46,FFUSDT,DOWNTREND,SELL,15,15,17.14,0,0,0,0,75,0.07,False
2026-08-03 13:42:46,EDENUSDT,SIDEWAYS,SELL,25,25,50.0,0,0,0,0,90,0.18,False
2026-08-03 13:42:46,NOMUSDT,SIDEWAYS,WAIT,40,40,50.0,0,0,0,0,50,4.67,False
2026-08-03 13:42:46,2ZUSDT,UPTREND,WAIT,45,45,60.0,0,0,0,0,30,1.83,False
2026-08-03 13:42:46,MORPHOUSDT,SIDEWAYS,SELL,25,25,46.67,0,0,0,0,75,0.09,False
2026-08-03 13:42:46,ASTERUSDT,SIDEWAYS,WAIT,45,45,57.14,0,0,0,0,70,1.1,False
2026-08-03 13:42:46,WALUSDT,SIDEWAYS,SELL,20,20,50.0,0,0,0,0,0,0.0,False
2026-08-03 13:42:46,EULUSDT,UPTREND,WAIT,70,70,68.42,0,0,0,0,100,0.29,False
2026-08-03 13:42:46,ENSOUSDT,DOWNTREND,SELL,15,15,11.43,0,0,0,0,100,0.32,False
2026-08-03 13:42:46,YBUSDT,UPTREND,SELL,25,25,55.56,0,0,0,0,0,0.0,False
2026-08-03 13:42:46,ZBTUSDT,DOWNTREND,SELL,0,0,22.22,0,0,0,0,65,0.05,False
2026-08-03 13:42:46,TURTLEUSDT,DOWNTREND,SELL,15,15,33.33,0,0,0,0,30,13.88,False
2026-08-03 13:42:46,GIGGLEUSDT,DOWNTREND,WAIT,30,30,25.19,0,0,0,0,100,0.47,False
2026-08-03 13:42:46,FUSDT,UPTREND,SELL,0,0,100,0,0,0,0,0,0.0,False
2026-08-03 13:42:46,KITEUSDT,SIDEWAYS,WAIT,60,60,50.0,0,0,0,0,100,0.52,False
2026-08-03 13:42:46,MMTUSDT,SIDEWAYS,SELL,25,25,50.0,0,0,0,0,75,0.03,False
2026-08-03 13:42:46,SAPIENUSDT,UPTREND,SELL,10,10,80.0,0,0,0,0,0,0.0,False
2026-08-03 13:42:46,ALLOUSDT,DOWNTREND,SELL,25,25,38.69,0,0,0,0,90,0.13,False
2026-08-03 13:42:46,BANKUSDT,DOWNTREND,SELL,20,20,37.5,0,0,0,0,100,0.85,False
2026-08-03 13:42:46,METUSDT,SIDEWAYS,SELL,20,20,56.25,0,0,0,0,0,0.0,False
2026-08-03 13:42:46,ATUSDT,DOWNTREND,SELL,0,0,25.0,0,0,0,0,0,0.0,False
2026-08-03 13:42:46,KGSTUSDT,SIDEWAYS,SELL,25,25,50.0,0,0,0,0,0,0.0,False
2026-08-03 13:42:46,BREVUSDT,DOWNTREND,SELL,0,0,16.67,0,0,0,0,45,0.01,False
2026-08-03 13:42:46,币安人生USDT,UPTREND,SELL,25,25,62.42,0,0,0,0,90,0.11,False
2026-08-03 13:42:46,ZKPUSDT,DOWNTREND,SELL,5,5,33.33,0,0,0,0,30,25.25,False
2026-08-03 13:42:46,UUSDT,SIDEWAYS,SELL,25,25,50.0,0,0,0,0,75,0.04,False
2026-08-03 13:42:46,FRAXUSDT,DOWNTREND,SELL,0,0,40.0,0,0,0,0,60,0.1,False
2026-08-03 13:42:46,FOGOUSDT,UPTREND,WAIT,50,50,71.43,0,0,0,0,50,7.35,False
2026-08-03 13:42:46,RLUSDUSDT,SIDEWAYS,SELL,25,25,50.0,0,0,0,0,0,0.0,False
2026-08-03 13:42:46,SENTUSDT,DOWNTREND,SELL,5,5,25.0,0,0,0,0,90,0.3,False
2026-08-03 13:42:46,ZAMAUSDT,UPTREND,BUY,80,80,62.34,0,0,0,0,100,0.3,False
2026-08-03 13:42:46,ESPUSDT,DOWNTREND,SELL,20,20,40.45,0,0,0,0,90,0.12,False
2026-08-03 13:42:46,MANTRAUSDT,DOWNTREND,SELL,0,0,37.5,0,0,0,0,75,0.04,False
2026-08-03 13:42:46,ROBOUSDT,DOWNTREND,SELL,0,0,35.71,0,0,0,0,0,0.0,False
2026-08-03 13:42:46,OPNUSDT,DOWNTREND,SELL,10,10,20.0,0,0,0,0,70,2.36,False
2026-08-03 13:42:46,NIGHTUSDT,SIDEWAYS,WAIT,70,70,54.55,0,0,0,0,100,0.53,False
2026-08-03 13:42:46,CFGUSDT,SIDEWAYS,SELL,0,0,46.67,0,0,0,0,0,0.0,False
2026-08-03 13:42:46,KATUSDT,UPTREND,SELL,0,0,100,0,0,0,0,0,0.0,False
2026-08-03 13:42:46,XAUTUSDT,SIDEWAYS,SELL,25,25,47.16,0,0,0,0,75,0.08,False
2026-08-03 13:42:46,USDSUSDT,SIDEWAYS,SELL,0,0,100,0,0,0,0,0,0.0,False
2026-08-03 13:42:46,CHIPUSDT,UPTREND,SELL,25,25,57.89,0,0,0,0,25,0.02,False
2026-08-03 13:42:46,MEGAUSDT,UPTREND,WAIT,40,40,68.29,0,0,0,0,80,0.15,False
2026-08-03 13:42:46,AIGENSYNUSDT,UPTREND,WAIT,70,70,57.14,0,0,0,0,70,0.62,False
2026-08-03 13:42:46,GENIUSUSDT,SIDEWAYS,SELL,25,25,43.79,0,0,0,0,80,0.12,False
2026-08-03 13:42:46,OPGUSDT,DOWNTREND,SELL,0,0,38.46,0,0,0,0,20,2.43,False
2026-08-03 13:42:46,MUBUSDT,DOWNTREND,WAIT,35,35,39.06,0,0,0,0,100,1.08,False
2026-08-03 13:42:46,CRCLBUSDT,SIDEWAYS,SELL,0,0,45.21,0,0,0,0,90,0.19,False
2026-08-03 13:42:46,NVDABUSDT,UPTREND,SELL,25,25,57.27,0,0,0,0,65,0.09,False
2026-08-03 13:42:46,SNDKBUSDT,UPTREND,BUY,100,100,55.06,0,0,0,0,100,2.78,False
2026-08-03 13:42:46,TSLABUSDT,UPTREND,BUY,75,75,80.95,0,0,0,0,100,2.55,False
2026-08-03 13:42:46,SPCXBUSDT,UPTREND,BUY,100,100,59.68,0,0,0,0,100,0.71,False
2026-08-03 13:42:46,REUSDT,DOWNTREND,SELL,25,25,41.98,0,0,0,0,100,1.54,False
2026-08-03 13:42:46,AMDBUSDT,DOWNTREND,WAIT,55,55,41.78,0,0,0,0,90,3.92,False
2026-08-03 13:42:46,EWYBUSDT,DOWNTREND,WAIT,55,55,32.03,0,0,0,0,70,3.58,False
2026-08-03 13:42:46,INTCBUSDT,DOWNTREND,WAIT,60,60,32.33,0,0,0,0,90,2.16,False
2026-08-03 13:42:46,MSTRBUSDT,UPTREND,BUY,85,85,70.26,0,0,0,0,70,1.4,False
2026-08-03 13:42:46,LITEBUSDT,SIDEWAYS,WAIT,35,35,46.75,0,0,0,0,55,3.56,False
2026-08-03 13:42:46,METABUSDT,UPTREND,SELL,15,15,79.56,0,0,0,0,25,0.23,False
2026-08-03 13:42:47,MSFTBUSDT,UPTREND,WAIT,30,30,82.94,0,0,0,0,15,1.38,False
2026-08-03 13:42:47,PLTRBUSDT,DOWNTREND,SELL,25,25,44.36,0,0,0,0,50,1.23,False
2026-08-03 13:42:47,QQQBUSDT,UPTREND,SELL,25,25,56.28,0,0,0,0,65,0.05,False
2026-08-03 13:42:47,GRAMUSDT,UPTREND,BUY,100,100,66.67,0,0,0,0,100,1.84,False
2026-08-03 13:42:47,CBRSBUSDT,SIDEWAYS,SELL,0,0,46.58,0,0,0,0,0,0.15,False
2026-08-03 13:42:47,COINBUSDT,SIDEWAYS,WAIT,35,35,48.13,0,0,0,0,50,12.41,False
2026-08-03 13:42:47,DRAMBUSDT,DOWNTREND,WAIT,65,65,34.94,0,0,0,0,90,4.64,False
2026-08-03 13:42:47,GLWBUSDT,UPTREND,WAIT,60,60,69.14,0,0,0,0,15,0.52,False
2026-08-03 13:42:47,GOOGLBUSDT,UPTREND,BUY,75,75,87.23,0,0,0,0,90,2.13,False
2026-08-03 13:42:47,NBISBUSDT,UPTREND,BUY,100,100,60.52,0,0,0,0,100,2.22,False
2026-08-03 13:42:47,QCOMBUSDT,DOWNTREND,WAIT,30,30,34.76,0,0,0,0,0,5.21,False
2026-08-03 13:42:47,SOXLBUSDT,DOWNTREND,WAIT,55,55,40.17,0,0,0,0,100,4.54,False
2026-08-03 13:42:47,SPYBUSDT,UPTREND,SELL,25,25,64.18,0,0,0,0,0,0.0,False
2026-08-03 13:42:47,WDCBUSDT,DOWNTREND,WAIT,30,30,33.65,0,0,0,0,35,3.11,False
2026-08-03 13:42:47,SKHYBUSDT,DOWNTREND,WAIT,45,45,28.02,0,0,0,0,100,1.13,False
2026-08-03 13:42:47,AAOIBUSDT,UPTREND,WAIT,75,75,61.23,0,0,0,0,0,0.87,False
2026-08-03 13:42:47,ARMBUSDT,DOWNTREND,SELL,20,20,44.11,0,0,0,0,65,0.1,False
2026-08-03 13:42:47,AVGOBUSDT,DOWNTREND,WAIT,30,30,27.51,0,0,0,0,0,4.86,False
2026-08-03 13:42:47,BABABUSDT,UPTREND,WAIT,30,30,78.81,0,0,0,0,0,0.63,False
2026-08-03 13:42:47,HOODBUSDT,SIDEWAYS,SELL,25,25,50.1,0,0,0,0,0,0.0,False
2026-08-03 13:42:47,IBMBUSDT,DOWNTREND,SELL,25,25,31.37,0,0,0,0,0,0.0,False
2026-08-03 13:42:47,MRVLBUSDT,SIDEWAYS,WAIT,40,40,45.46,0,0,0,0,70,5.15,False
2026-08-03 13:42:47,NOKBUSDT,SIDEWAYS,SELL,25,25,52.94,0,0,0,0,0,0.0,False
2026-08-03 13:42:47,TSMBUSDT,SIDEWAYS,WAIT,55,55,48.8,0,0,0,0,35,15.84,False
2026-08-03 13:42:47,RKLBBUSDT,UPTREND,SELL,25,25,64.87,0,0,0,0,0,0.0,False
2026-08-03 13:42:47,AEROUSDT,UPTREND,BUY,95,95,69.81,0,0,0,0,70,3.32,False
2026-08-03 13:42:47,AXTIBUSDT,UPTREND,BUY,100,100,60.92,0,0,0,0,90,15.0,False
2026-08-03 13:42:47,CRWVBUSDT,UPTREND,SELL,25,25,84.68,0,0,0,0,30,0.99,False
2026-08-03 13:42:47,INTWBUSDT,DOWNTREND,SELL,10,10,31.98,0,0,0,0,40,0.11,False
2026-08-03 13:42:47,KORUBUSDT,DOWNTREND,WAIT,65,65,30.36,0,0,0,0,90,5.37,False
2026-08-03 13:42:47,MUUBUSDT,DOWNTREND,WAIT,55,55,40.99,0,0,0,0,90,6.37,False
2026-08-03 13:42:47,MVLLBUSDT,SIDEWAYS,WAIT,60,60,46.55,0,0,0,0,70,4.58,False
2026-08-03 13:42:47,ORCLBUSDT,UPTREND,SELL,25,25,79.97,0,0,0,0,45,0.07,False
2026-08-03 13:42:47,QNTBUSDT,SIDEWAYS,SELL,25,25,48.35,0,0,0,0,0,0.0,False
2026-08-03 13:42:47,SNXXBUSDT,SIDEWAYS,BUY,100,100,54.94,0,0,0,0,100,2.51,False
2026-08-03 13:42:47,TQQQBUSDT,SIDEWAYS,WAIT,85,85,51.32,0,0,0,0,0,3.63,False
2026-08-03 13:42:47,AAPLBUSDT,DOWNTREND,SELL,20,20,41.58,0,0,0,0,0,0.0,False
2026-08-03 13:42:47,AMATBUSDT,SIDEWAYS,SELL,0,0,45.03,0,0,0,0,0,1.03,False
2026-08-03 13:42:47,AMZNBUSDT,UPTREND,SELL,25,25,78.38,0,0,0,0,0,0.1,False
2026-08-03 13:42:47,BEBUSDT,DOWNTREND,SELL,20,20,44.89,0,0,0,0,0,0.0,False
2026-08-03 13:42:47,DELLBUSDT,DOWNTREND,SELL,20,20,44.59,0,0,0,0,0,0.0,False
2026-08-03 13:42:47,FLNCBUSDT,UPTREND,SELL,25,25,64.66,0,0,0,0,0,0.0,False
2026-08-03 13:42:47,GSBUSDT,DOWNTREND,SELL,15,15,0.0,0,0,0,0,0,14.48,False
2026-08-03 13:42:47,PYPLBUSDT,UPTREND,SELL,25,25,75.73,0,0,0,0,0,0.0,False
2026-08-03 13:42:47,SMHBUSDT,DOWNTREND,SELL,5,5,37.91,0,0,0,0,0,1.43,False
2026-08-03 13:42:47,SOXSBUSDT,SIDEWAYS,SELL,25,25,52.28,0,0,0,0,40,0.0,False
2026-08-03 13:43:24,BTCUSDT,UPTREND,BUY,95,95,56.53,0,0,0,0,90,0.19,False
2026-08-03 13:43:24,ETHUSDT,UPTREND,BUY,95,95,58.81,0,0,0,0,100,0.37,False
2026-08-03 13:43:24,BNBUSDT,SIDEWAYS,SELL,25,25,53.98,0,0,0,0,90,0.11,False
2026-08-03 13:43:24,NEOUSDT,UPTREND,SELL,25,25,73.68,0,0,0,0,0,0.0,False
2026-08-03 13:43:24,LTCUSDT,UPTREND,BUY,80,80,62.16,0,0,0,0,90,0.16,False
2026-08-03 13:43:24,QTUMUSDT,UPTREND,SELL,25,25,66.67,0,0,0,0,0,0.0,False
2026-08-03 13:43:24,ADAUSDT,UPTREND,SELL,25,25,66.67,0,0,0,0,75,0.01,False
2026-08-03 13:43:24,XRPUSDT,UPTREND,BUY,95,95,56.79,0,0,0,0,100,0.95,False
2026-08-03 13:43:24,TUSDUSDT,UPTREND,SELL,0,0,100,0,0,0,0,0,0.0,False
2026-08-03 13:43:24,IOTAUSDT,DOWNTREND,SELL,5,5,33.33,0,0,0,0,0,0.0,False
2026-08-03 13:43:24,XLMUSDT,UPTREND,SELL,25,25,75.0,0,0,0,0,75,0.02,False
2026-08-03 13:43:24,ONTUSDT,SIDEWAYS,SELL,25,25,29.03,0,0,0,0,0,0.0,False
2026-08-03 13:43:24,TRXUSDT,UPTREND,SELL,25,25,55.56,0,0,0,0,75,0.04,False
2026-08-03 13:43:24,ETCUSDT,UPTREND,BUY,95,95,71.43,0,0,0,0,90,1.36,False
2026-08-03 13:43:24,ICXUSDT,SIDEWAYS,SELL,20,20,50.0,0,0,0,0,0,0.0,False
2026-08-03 13:43:24,VETUSDT,UPTREND,SELL,25,25,59.26,0,0,0,0,0,0.0,False
2026-08-03 13:43:24,USDCUSDT,SIDEWAYS,SELL,0,0,46.15,0,0,0,0,75,0.04,False
2026-08-03 13:43:24,LINKUSDT,UPTREND,SELL,25,25,59.46,0,0,0,0,90,0.13,False
2026-08-03 13:43:24,ONGUSDT,UPTREND,SELL,25,25,61.22,0,0,0,0,0,0.0,False
2026-08-03 13:43:24,HOTUSDT,SIDEWAYS,SELL,0,0,100,0,0,0,0,0,0.0,False
2026-08-03 13:43:24,ZILUSDT,UPTREND,SELL,0,0,75.0,0,0,0,0,40,0.17,False
2026-08-03 13:43:24,ZRXUSDT,UPTREND,SELL,0,0,100,0,0,0,0,0,0.0,False
2026-08-03 13:43:24,FETUSDT,UPTREND,BUY,90,90,60.0,0,0,0,0,100,0.65,False
2026-08-03 13:43:24,BATUSDT,UPTREND,SELL,10,10,72.73,0,0,0,0,20,0.19,False
2026-08-03 13:43:24,ZECUSDT,UPTREND,SELL,25,25,65.95,0,0,0,0,90,0.1,False
2026-08-03 13:43:24,IOSTUSDT,DOWNTREND,SELL,0,0,37.5,0,0,0,0,0,0.0,False
2026-08-03 13:43:24,CELRUSDT,UPTREND,SELL,25,25,65.0,0,0,0,0,75,0.07,False
2026-08-03 13:43:24,DASHUSDT,UPTREND,SELL,25,25,67.5,0,0,0,0,40,0.0,False
2026-08-03 13:43:24,THETAUSDT,UPTREND,SELL,25,25,55.56,0,0,0,0,0,0.0,False
2026-08-03 13:43:24,ENJUSDT,DOWNTREND,SELL,0,0,42.35,0,0,0,0,65,0.07,False
2026-08-03 13:43:24,ATOMUSDT,UPTREND,SELL,25,25,61.11,0,0,0,0,40,0.0,False
2026-08-03 13:43:24,TFUELUSDT,SIDEWAYS,SELL,15,15,43.75,0,0,0,0,0,0.0,False
2026-08-03 13:43:24,ONEUSDT,UPTREND,SELL,25,25,66.67,0,0,0,0,0,0.0,False
2026-08-03 13:43:24,ALGOUSDT,SIDEWAYS,WAIT,55,55,58.33,0,0,0,0,100,0.9,False
2026-08-03 13:43:24,DOGEUSDT,UPTREND,WAIT,65,65,72.73,0,0,0,0,100,0.85,False
2026-08-03 13:43:24,DUSKUSDT,UPTREND,SELL,0,0,100,0,0,0,0,0,0.0,False
2026-08-03 13:43:24,ANKRUSDT,SIDEWAYS,SELL,20,20,50.0,0,0,0,0,0,0.0,False
2026-08-03 13:43:24,WINUSDT,SIDEWAYS,SELL,15,15,44.09,0,0,0,0,40,0.0,False
2026-08-03 13:43:24,MTLUSDT,UPTREND,WAIT,30,30,60.0,0,0,0,0,40,0.18,False
2026-08-03 13:43:24,CVCUSDT,UPTREND,SELL,25,25,68.0,0,0,0,0,60,0.13,False
2026-08-03 13:43:24,CHZUSDT,UPTREND,WAIT,45,45,58.33,0,0,0,0,70,0.26,False
2026-08-03 13:43:24,BANDUSDT,DOWNTREND,SELL,0,0,31.58,0,0,0,0,0,0.0,False
2026-08-03 13:43:24,XTZUSDT,SIDEWAYS,SELL,25,25,53.85,0,0,0,0,0,0.0,False
2026-08-03 13:43:24,RVNUSDT,UPTREND,SELL,25,25,66.67,0,0,0,0,0,0.0,False
2026-08-03 13:43:24,HBARUSDT,UPTREND,WAIT,60,60,65.31,0,0,0,0,100,0.33,False
2026-08-03 13:43:24,STXUSDT,UPTREND,WAIT,30,30,58.82,0,0,0,0,0,0.19,False
2026-08-03 13:43:24,KAVAUSDT,DOWNTREND,SELL,0,0,25.0,0,0,0,0,0,0.0,False
2026-08-03 13:43:24,ARPAUSDT,DOWNTREND,SELL,0,0,0.0,0,0,0,0,0,0.0,False
2026-08-03 13:43:24,IOTXUSDT,UPTREND,SELL,0,0,100,0,0,0,0,0,0.0,False
2026-08-03 13:43:24,RLCUSDT,DOWNTREND,SELL,5,5,37.93,0,0,0,0,70,0.64,False
2026-08-03 13:43:24,BCHUSDT,UPTREND,BUY,100,100,69.23,0,0,0,0,90,3.22,False
2026-08-03 13:43:24,FTTUSDT,UPTREND,SELL,25,25,55.36,0,0,0,0,60,0.12,False
2026-08-03 13:43:24,EURUSDT,DOWNTREND,SELL,10,10,41.67,0,0,0,0,75,0.05,False
2026-08-03 13:43:24,OGNUSDT,UPTREND,SELL,10,10,80.0,0,0,0,0,0,0.0,False
2026-08-03 13:43:24,LSKUSDT,UPTREND,SELL,25,25,64.86,0,0,0,0,0,0.0,False
2026-08-03 13:43:24,BNTUSDT,DOWNTREND,SELL,0,0,0.0,0,0,0,0,0,0.0,False
2026-08-03 13:43:24,MBLUSDT,DOWNTREND,SELL,20,20,28.57,0,0,0,0,90,0.14,False
2026-08-03 13:43:24,COTIUSDT,SIDEWAYS,SELL,20,20,36.84,0,0,0,0,90,0.21,False
2026-08-03 13:43:24,SOLUSDT,UPTREND,BUY,85,85,69.01,0,0,0,0,100,0.35,False
2026-08-03 13:43:24,CTSIUSDT,UPTREND,SELL,10,10,78.57,0,0,0,0,0,0.0,False
2026-08-03 13:43:24,HIVEUSDT,UPTREND,SELL,25,25,66.67,0,0,0,0,0,0.0,False
2026-08-03 13:43:24,CHRUSDT,UPTREND,SELL,25,25,60.0,0,0,0,0,0,0.0,False
2026-08-03 13:43:24,KNCUSDT,SIDEWAYS,SELL,25,25,44.44,0,0,0,0,0,0.0,False
2026-08-03 13:43:24,COMPUSDT,UPTREND,SELL,25,25,90.0,0,0,0,0,0,0.0,False
2026-08-03 13:43:24,SCUSDT,SIDEWAYS,SELL,20,20,50.0,0,0,0,0,0,0.0,False
2026-08-03 13:43:24,ZENUSDT,UPTREND,SELL,25,25,76.09,0,0,0,0,40,0.0,False
2026-08-03 13:43:24,SNXUSDT,UPTREND,SELL,10,10,100,0,0,0,0,0,0.0,False
2026-08-03 13:43:24,VTHOUSDT,UPTREND,SELL,0,0,100,0,0,0,0,0,0.0,False
2026-08-03 13:43:24,DGBUSDT,UPTREND,SELL,25,25,60.0,0,0,0,0,0,0.0,False
2026-08-03 13:43:24,DCRUSDT,SIDEWAYS,WAIT,40,40,50.0,0,0,0,0,20,0.7,False
2026-08-03 13:43:24,STORJUSDT,SIDEWAYS,SELL,0,0,50.0,0,0,0,0,20,0.0,False
2026-08-03 13:43:24,MANAUSDT,DOWNTREND,SELL,0,0,36.36,0,0,0,0,0,0.0,False
2026-08-03 13:43:24,YFIUSDT,DOWNTREND,SELL,0,0,12.5,0,0,0,0,0,0.0,False
2026-08-03 13:43:24,JSTUSDT,DOWNTREND,SELL,25,25,34.78,0,0,0,0,75,0.04,False
2026-08-03 13:43:24,CRVUSDT,UPTREND,SELL,10,10,82.35,0,0,0,0,0,0.0,False
2026-08-03 13:43:24,SANDUSDT,UPTREND,SELL,25,25,72.09,0,0,0,0,80,0.11,False
2026-08-03 13:43:24,NMRUSDT,UPTREND,SELL,25,25,100,0,0,0,0,0,0.0,False
2026-08-03 13:43:24,DOTUSDT,UPTREND,WAIT,70,70,66.67,0,0,0,0,100,0.38,False
2026-08-03 13:43:24,LUNAUSDT,SIDEWAYS,SELL,20,20,50.0,0,0,0,0,0,0.0,False
2026-08-03 13:43:24,RSRUSDT,UPTREND,SELL,25,25,62.5,0,0,0,0,0,0.0,False
2026-08-03 13:43:24,PAXGUSDT,SIDEWAYS,SELL,25,25,48.55,0,0,0,0,75,0.0,False
2026-08-03 13:43:24,TRBUSDT,SIDEWAYS,WAIT,30,30,58.82,0,0,0,0,0,0.76,False
2026-08-03 13:43:24,SUSHIUSDT,DOWNTREND,SELL,0,0,37.5,0,0,0,0,0,0.0,False
2026-08-03 13:43:24,KSMUSDT,DOWNTREND,SELL,10,10,33.33,0,0,0,0,20,0.0,False
2026-08-03 13:43:24,EGLDUSDT,DOWNTREND,SELL,0,0,0.0,0,0,0,0,0,0.0,False
2026-08-03 13:43:24,DIAUSDT,SIDEWAYS,SELL,25,25,63.64,0,0,0,0,75,0.03,False
2026-08-03 13:43:24,RUNEUSDT,SIDEWAYS,SELL,10,10,50.0,0,0,0,0,0,0.0,False
2026-08-03 13:43:24,UMAUSDT,SIDEWAYS,SELL,25,25,50.0,0,0,0,0,0,0.0,False
2026-08-03 13:43:24,BELUSDT,DOWNTREND,SELL,0,0,42.86,0,0,0,0,0,0.0,False
2026-08-03 13:43:24,UNIUSDT,UPTREND,WAIT,70,70,67.21,0,0,0,0,90,0.17,False
2026-08-03 13:43:24,SUNUSDT,SIDEWAYS,SELL,0,0,100,0,0,0,0,0,0.0,False
2026-08-03 13:43:24,AVAXUSDT,UPTREND,SELL,25,25,64.0,0,0,0,0,75,0.02,False
2026-08-03 13:43:24,XVSUSDT,UPTREND,SELL,25,25,75.0,0,0,0,0,70,0.11,False
2026-08-03 13:43:24,AAVEUSDT,SIDEWAYS,SELL,25,25,48.2,0,0,0,0,100,0.72,False
2026-08-03 13:43:24,NEARUSDT,UPTREND,SELL,25,25,86.67,0,0,0,0,90,0.1,False
2026-08-03 13:43:24,FILUSDT,UPTREND,WAIT,45,45,71.83,0,0,0,0,100,0.26,False
2026-08-03 13:43:24,INJUSDT,UPTREND,SELL,25,25,71.43,0,0,0,0,65,0.04,False
2026-08-03 13:43:24,AUDIOUSDT,SIDEWAYS,SELL,15,15,41.67,0,0,0,0,0,0.0,False
2026-08-03 13:43:24,CTKUSDT,UPTREND,SELL,25,25,60.0,0,0,0,0,0,0.0,False
2026-08-03 13:43:24,AXSUSDT,SIDEWAYS,SELL,25,25,50.0,0,0,0,0,25,0.08,False
2026-08-03 13:43:24,STRAXUSDT,SIDEWAYS,SELL,10,10,57.14,0,0,0,0,25,0.04,False
2026-08-03 13:43:24,ROSEUSDT,UPTREND,SELL,25,25,62.5,0,0,0,0,0,0.0,False
2026-08-03 13:43:24,AVAUSDT,UPTREND,SELL,10,10,96.15,0,0,0,0,0,0.0,False
2026-08-03 13:43:24,SKLUSDT,SIDEWAYS,SELL,25,25,50.0,0,0,0,0,20,0.0,False
2026-08-03 13:43:24,GRTUSDT,SIDEWAYS,SELL,20,20,54.55,0,0,0,0,50,0.0,False
2026-08-03 13:43:24,JUVUSDT,SIDEWAYS,SELL,25,25,50.0,0,0,0,0,45,0.09,False
2026-08-03 13:43:24,PSGUSDT,UPTREND,SELL,25,25,66.67,0,0,0,0,0,0.0,False
2026-08-03 13:43:24,1INCHUSDT,UPTREND,WAIT,65,65,60.0,0,0,0,0,30,2.65,False
2026-08-03 13:43:24,OGUSDT,UPTREND,SELL,25,25,64.71,0,0,0,0,0,0.0,False
2026-08-03 13:43:24,ATMUSDT,UPTREND,SELL,25,25,57.14,0,0,0,0,60,0.12,False
2026-08-03 13:43:24,ASRUSDT,SIDEWAYS,SELL,25,25,50.0,0,0,0,0,0,0.0,False
2026-08-03 13:43:24,CELOUSDT,UPTREND,SELL,25,25,58.54,0,0,0,0,0,0.0,False
2026-08-03 13:43:24,RIFUSDT,DOWNTREND,SELL,20,20,25.0,0,0,0,0,75,0.01,False
2026-08-03 13:43:24,CKBUSDT,UPTREND,SELL,25,25,57.14,0,0,0,0,0,0.0,False
2026-08-03 13:43:24,TWTUSDT,DOWNTREND,SELL,0,0,33.33,0,0,0,0,0,0.0,False
2026-08-03 13:43:24,SFPUSDT,SIDEWAYS,SELL,25,25,37.5,0,0,0,0,0,0.0,False
2026-08-03 13:43:24,DODOUSDT,SIDEWAYS,SELL,15,15,57.14,0,0,0,0,50,1.52,False
2026-08-03 13:43:24,CAKEUSDT,SIDEWAYS,WAIT,35,35,50.0,0,0,0,0,70,0.87,False
2026-08-03 13:43:24,ACMUSDT,SIDEWAYS,SELL,25,25,50.0,0,0,0,0,0,0.0,False
2026-08-03 13:43:24,ALICEUSDT,SIDEWAYS,SELL,15,15,40.0,0,0,0,0,0,0.0,False
2026-08-03 13:43:24,SUPERUSDT,UPTREND,SELL,25,25,57.14,0,0,0,0,0,0.0,False
2026-08-03 13:43:24,CFXUSDT,UPTREND,SELL,25,25,66.67,0,0,0,0,40,0.0,False
2026-08-03 13:43:24,TKOUSDT,UPTREND,SELL,25,25,57.14,0,0,0,0,20,0.0,False
2026-08-03 13:43:24,PUNDIXUSDT,SIDEWAYS,SELL,20,20,50.0,0,0,0,0,0,0.0,False
2026-08-03 13:43:24,TLMUSDT,UPTREND,WAIT,85,85,57.14,0,0,0,0,100,0.91,False
2026-08-03 13:43:24,BARUSDT,SIDEWAYS,SELL,25,25,50.0,0,0,0,0,0,0.0,False
2026-08-03 13:43:24,SLPUSDT,DOWNTREND,SELL,0,0,42.86,0,0,0,0,0,0.0,False
2026-08-03 13:43:24,SHIBUSDT,UPTREND,SELL,25,25,55.56,0,0,0,0,75,0.0,False
2026-08-03 13:43:24,ICPUSDT,UPTREND,SELL,10,10,88.89,0,0,0,0,65,0.07,False
2026-08-03 13:43:24,ARUSDT,DOWNTREND,SELL,20,20,40.0,0,0,0,0,90,0.34,False
2026-08-03 13:43:24,MASKUSDT,SIDEWAYS,SELL,25,25,50.0,0,0,0,0,0,0.0,False
2026-08-03 13:43:24,LPTUSDT,UPTREND,SELL,25,25,63.64,0,0,0,0,65,0.0,False
2026-08-03 13:43:24,XVGUSDT,UPTREND,SELL,25,25,66.67,0,0,0,0,0,0.0,False
2026-08-03 13:43:24,GTCUSDT,UPTREND,SELL,25,25,70.77,0,0,0,0,40,0.0,False
2026-08-03 13:43:24,PHAUSDT,UPTREND,SELL,25,25,66.67,0,0,0,0,0,0.0,False
2026-08-03 13:43:24,DEXEUSDT,DOWNTREND,SELL,25,25,25.51,0,0,0,0,75,0.1,False
2026-08-03 13:43:24,C98USDT,SIDEWAYS,WAIT,65,65,33.33,0,0,0,0,70,2.37,False
2026-08-03 13:43:24,QNTUSDT,UPTREND,BUY,100,100,60.0,0,0,0,0,70,0.82,False
2026-08-03 13:43:24,FLOWUSDT,DOWNTREND,SELL,0,0,38.1,0,0,0,0,40,0.0,False
2026-08-03 13:43:24,MINAUSDT,SIDEWAYS,SELL,25,25,33.33,0,0,0,0,0,0.0,False
2026-08-03 13:43:24,RAYUSDT,UPTREND,BUY,75,75,69.57,0,0,0,0,80,0.51,False
2026-08-03 13:43:24,QUICKUSDT,UPTREND,SELL,0,0,100,0,0,0,0,0,0.0,False
2026-08-03 13:43:24,REQUSDT,UPTREND,SELL,25,25,55.56,0,0,0,0,0,0.0,False
2026-08-03 13:43:24,WAXPUSDT,DOWNTREND,SELL,0,0,41.18,0,0,0,0,50,0.0,False
2026-08-03 13:43:24,GNOUSDT,SIDEWAYS,SELL,25,25,47.73,0,0,0,0,0,0.0,False
2026-08-03 13:43:24,XECUSDT,DOWNTREND,SELL,0,0,41.67,0,0,0,0,50,0.35,False
2026-08-03 13:43:24,DYDXUSDT,SIDEWAYS,SELL,25,25,54.08,0,0,0,0,0,0.0,False
2026-08-03 13:43:24,USDPUSDT,UPTREND,SELL,0,0,100,0,0,0,0,0,0.0,False
2026-08-03 13:43:24,GALAUSDT,SIDEWAYS,SELL,15,15,43.75,0,0,0,0,25,0.03,False
2026-08-03 13:43:24,ILVUSDT,UPTREND,WAIT,85,85,69.23,0,0,0,0,30,9.7,False
2026-08-03 13:43:24,YGGUSDT,DOWNTREND,SELL,0,0,41.18,0,0,0,0,0,0.0,False
2026-08-03 13:43:24,FIDAUSDT,UPTREND,SELL,25,25,66.67,0,0,0,0,0,0.0,False
2026-08-03 13:43:24,AGLDUSDT,DOWNTREND,SELL,0,0,33.33,0,0,0,0,0,0.0,False
2026-08-03 13:43:24,RADUSDT,DOWNTREND,SELL,5,5,40.0,0,0,0,0,20,0.0,False
2026-08-03 13:43:24,RAREUSDT,SIDEWAYS,WAIT,45,45,43.69,0,0,0,0,50,5.34,False
2026-08-03 13:43:24,LAZIOUSDT,DOWNTREND,SELL,0,0,44.44,0,0,0,0,30,0.0,False
2026-08-03 13:43:24,ADXUSDT,UPTREND,SELL,25,25,66.67,0,0,0,0,20,0.0,False
2026-08-03 13:43:24,AUCTIONUSDT,SIDEWAYS,SELL,25,25,44.0,0,0,0,0,0,0.0,False
2026-08-03 13:43:24,MOVRUSDT,UPTREND,SELL,25,25,57.14,0,0,0,0,0,0.0,False
2026-08-03 13:43:24,CITYUSDT,SIDEWAYS,SELL,25,25,50.0,0,0,0,0,0,0.0,False
2026-08-03 13:43:24,ENSUSDT,DOWNTREND,SELL,0,0,40.0,0,0,0,0,0,0.0,False
2026-08-03 13:43:24,QIUSDT,SIDEWAYS,SELL,20,20,50.0,0,0,0,0,20,0.0,False
2026-08-03 13:43:24,PORTOUSDT,UPTREND,SELL,25,25,60.0,0,0,0,0,30,0.0,False
2026-08-03 13:43:24,POWRUSDT,UPTREND,SELL,0,0,100,0,0,0,0,0,0.0,False
2026-08-03 13:43:24,JASMYUSDT,SIDEWAYS,SELL,20,20,50.0,0,0,0,0,0,0.0,False
2026-08-03 13:43:24,AMPUSDT,DOWNTREND,SELL,0,0,33.33,0,0,0,0,0,0.0,False
2026-08-03 13:43:24,PYRUSDT,UPTREND,BUY,100,100,56.25,0,0,0,0,100,2.93,False
2026-08-03 13:43:24,SANTOSUSDT,UPTREND,SELL,10,10,100,0,0,0,0,0,0.0,False
2026-08-03 13:43:24,BICOUSDT,SIDEWAYS,SELL,25,25,50.46,0,0,0,0,90,0.12,False
2026-08-03 13:43:24,FLUXUSDT,SIDEWAYS,SELL,20,20,50.0,0,0,0,0,0,0.0,False
2026-08-03 13:43:24,CVXUSDT,UPTREND,SELL,20,20,76.92,0,0,0,0,0,0.0,False
2026-08-03 13:43:24,PEOPLEUSDT,SIDEWAYS,SELL,0,0,50.0,0,0,0,0,65,0.03,False
2026-08-03 13:43:24,SPELLUSDT,SIDEWAYS,SELL,25,25,33.33,0,0,0,0,0,0.0,False
2026-08-03 13:43:24,JOEUSDT,UPTREND,SELL,25,25,60.0,0,0,0,0,55,0.07,False
2026-08-03 13:43:24,ACHUSDT,SIDEWAYS,SELL,0,0,50.0,0,0,0,0,0,0.0,False
2026-08-03 13:43:24,IMXUSDT,SIDEWAYS,SELL,25,25,54.55,0,0,0,0,0,0.08,False
2026-08-03 13:43:24,GLMRUSDT,SIDEWAYS,SELL,10,10,45.83,0,0,0,0,20,0.0,False
2026-08-03 13:43:24,SCRTUSDT,UPTREND,SELL,25,25,66.67,0,0,0,0,40,0.0,False
2026-08-03 13:43:24,API3USDT,UPTREND,SELL,25,25,60.0,0,0,0,0,0,0.0,False
2026-08-03 13:43:24,BTTCUSDT,SIDEWAYS,SELL,15,15,50.0,0,0,0,0,80,1.5,False
2026-08-03 13:43:24,XNOUSDT,UPTREND,SELL,10,10,100,0,0,0,0,0,0.0,False
2026-08-03 13:43:24,WOOUSDT,SIDEWAYS,SELL,25,25,53.85,0,0,0,0,0,0.0,False
2026-08-03 13:43:24,ALPINEUSDT,UPTREND,SELL,10,10,100,0,0,0,0,0,0.0,False
2026-08-03 13:43:24,TUSDT,SIDEWAYS,SELL,5,5,50.0,0,0,0,0,70,0.98,False
2026-08-03 13:43:24,ASTRUSDT,UPTREND,WAIT,35,35,66.18,0,0,0,0,0,0.5,False
2026-08-03 13:43:24,GMTUSDT,UPTREND,SELL,25,25,55.56,0,0,0,0,65,0.08,False
2026-08-03 13:43:24,APEUSDT,UPTREND,SELL,25,25,72.73,0,0,0,0,0,0.0,False
2026-08-03 13:43:24,STEEMUSDT,UPTREND,SELL,25,25,63.64,0,0,0,0,0,0.0,False
2026-08-03 13:43:24,NEXOUSDT,UPTREND,SELL,25,25,76.47,0,0,0,0,40,0.0,False
2026-08-03 13:43:24,LDOUSDT,SIDEWAYS,SELL,20,20,55.17,0,0,0,0,80,0.24,False
2026-08-03 13:43:24,OPUSDT,SIDEWAYS,SELL,25,25,66.67,0,0,0,0,80,0.1,False
2026-08-03 13:43:24,STGUSDT,UPTREND,SELL,25,25,66.67,0,0,0,0,0,0.0,False
2026-08-03 13:43:24,LUNCUSDT,SIDEWAYS,WAIT,35,35,47.69,0,0,0,0,90,0.25,False
2026-08-03 13:43:24,GMXUSDT,UPTREND,SELL,25,25,66.67,0,0,0,0,50,0.0,False
2026-08-03 13:43:24,POLYXUSDT,UPTREND,SELL,25,25,66.67,0,0,0,0,0,0.0,False
2026-08-03 13:43:24,APTUSDT,UPTREND,SELL,25,25,66.67,0,0,0,0,40,0.0,False
2026-08-03 13:43:24,OSMOUSDT,SIDEWAYS,SELL,25,25,50.0,0,0,0,0,0,0.0,False
2026-08-03 13:43:24,HFTUSDT,UPTREND,WAIT,45,45,70.64,0,0,0,0,90,0.19,False
2026-08-03 13:43:24,MAGICUSDT,UPTREND,SELL,0,0,100,0,0,0,0,0,0.0,False
2026-08-03 13:43:24,RPLUSDT,UPTREND,SELL,25,25,100,0,0,0,0,0,0.0,False
2026-08-03 13:43:24,GNSUSDT,UPTREND,SELL,25,25,57.14,0,0,0,0,0,0.0,False
2026-08-03 13:43:24,SYNUSDT,SIDEWAYS,SELL,10,10,53.96,0,0,0,0,50,0.0,False
2026-08-03 13:43:24,SSVUSDT,DOWNTREND,SELL,0,0,16.67,0,0,0,0,0,0.0,False
2026-08-03 13:43:24,LQTYUSDT,UPTREND,SELL,25,25,57.14,0,0,0,0,0,0.0,False
2026-08-03 13:43:24,USTCUSDT,SIDEWAYS,SELL,25,25,50.0,0,0,0,0,0,0.0,False
2026-08-03 13:43:24,GASUSDT,UPTREND,SELL,25,25,70.0,0,0,0,0,0,0.0,False
2026-08-03 13:43:24,GLMUSDT,UPTREND,SELL,25,25,66.67,0,0,0,0,0,0.0,False
2026-08-03 13:43:24,PROMUSDT,SIDEWAYS,SELL,0,0,48.48,0,0,0,0,40,0.0,False
2026-08-03 13:43:24,QKCUSDT,UPTREND,SELL,0,0,90.91,0,0,0,0,0,0.0,False
2026-08-03 13:43:24,IDUSDT,UPTREND,SELL,0,0,100,0,0,0,0,0,0.0,False
2026-08-03 13:43:24,ARBUSDT,SIDEWAYS,SELL,20,20,55.56,0,0,0,0,65,0.09,False
2026-08-03 13:43:24,WBTCUSDT,UPTREND,SELL,25,25,63.42,0,0,0,0,0,0.0,False
2026-08-03 13:43:24,EDUUSDT,DOWNTREND,SELL,25,25,44.44,0,0,0,0,90,0.14,False
2026-08-03 13:43:24,SUIUSDT,UPTREND,BUY,75,75,71.64,0,0,0,0,100,0.91,False
2026-08-03 13:43:24,PEPEUSDT,UPTREND,WAIT,65,65,57.14,0,0,0,0,100,1.0,False
2026-08-03 13:43:24,FLOKIUSDT,UPTREND,SELL,25,25,63.16,0,0,0,0,65,0.01,False
2026-08-03 13:43:24,MAVUSDT,UPTREND,SELL,25,25,61.11,0,0,0,0,0,0.0,False
2026-08-03 13:43:24,PENDLEUSDT,UPTREND,SELL,25,25,66.67,0,0,0,0,40,0.0,False
2026-08-03 13:43:24,ARKMUSDT,UPTREND,SELL,20,20,80.0,0,0,0,0,0,0.0,False
2026-08-03 13:43:24,WBETHUSDT,SIDEWAYS,SELL,25,25,51.74,0,0,0,0,0,0.0,False
2026-08-03 13:43:24,WLDUSDT,UPTREND,WAIT,70,70,69.01,0,0,0,0,100,0.41,False
2026-08-03 13:43:24,FDUSDUSDT,SIDEWAYS,SELL,0,0,100,0,0,0,0,40,0.0,False
2026-08-03 13:43:24,SEIUSDT,UPTREND,SELL,25,25,61.7,0,0,0,0,65,0.08,False
2026-08-03 13:43:24,CYBERUSDT,SIDEWAYS,SELL,25,25,50.0,0,0,0,0,0,0.0,False
2026-08-03 13:43:24,ARKUSDT,UPTREND,SELL,20,20,80.0,0,0,0,0,0,0.0,False
2026-08-03 13:43:24,IQUSDT,UPTREND,SELL,0,0,100,0,0,0,0,0,0.0,False
2026-08-03 13:43:24,TIAUSDT,SIDEWAYS,SELL,25,25,51.16,0,0,0,0,75,0.03,False
2026-08-03 13:43:24,MEMEUSDT,UPTREND,SELL,0,0,100,0,0,0,0,0,0.0,False
2026-08-03 13:43:24,ORDIUSDT,UPTREND,BUY,100,100,64.29,0,0,0,0,100,3.95,False
2026-08-03 13:43:24,BEAMXUSDT,SIDEWAYS,SELL,15,15,50.0,0,0,0,0,50,0.65,False
2026-08-03 13:43:24,PIVXUSDT,UPTREND,BUY,90,90,65.71,0,0,0,0,100,1.49,False
2026-08-03 13:43:24,VICUSDT,UPTREND,WAIT,55,55,76.04,0,0,0,0,100,1.17,False
2026-08-03 13:43:24,BLURUSDT,UPTREND,SELL,25,25,60.0,0,0,0,0,0,0.0,False
2026-08-03 13:43:24,VANRYUSDT,UPTREND,WAIT,50,50,58.82,0,0,0,0,100,0.43,False
2026-08-03 13:43:24,JTOUSDT,UPTREND,SELL,25,25,67.11,0,0,0,0,65,0.03,False
2026-08-03 13:43:25,1000SATSUSDT,SIDEWAYS,SELL,10,10,45.0,0,0,0,0,65,0.0,False
2026-08-03 13:43:25,BONKUSDT,UPTREND,SELL,25,25,75.0,0,0,0,0,0,0.0,False
2026-08-03 13:43:25,ACEUSDT,DOWNTREND,SELL,20,20,35.71,0,0,0,0,90,0.1,False
2026-08-03 13:43:25,AIUSDT,SIDEWAYS,SELL,5,5,50.0,0,0,0,0,80,0.6,False
2026-08-03 13:43:25,XAIUSDT,SIDEWAYS,SELL,20,20,50.0,0,0,0,0,0,0.0,False
2026-08-03 13:43:25,MANTAUSDT,UPTREND,WAIT,65,65,78.15,0,0,0,0,70,5.6,False
2026-08-03 13:43:25,ALTUSDT,UPTREND,SELL,25,25,75.0,0,0,0,0,0,0.0,False
2026-08-03 13:43:25,JUPUSDT,UPTREND,SELL,25,25,70.83,0,0,0,0,0,0.0,False
2026-08-03 13:43:25,PYTHUSDT,UPTREND,SELL,25,25,69.77,0,0,0,0,20,0.0,False
2026-08-03 13:43:25,RONINUSDT,SIDEWAYS,SELL,0,0,50.0,0,0,0,0,30,0.81,False
2026-08-03 13:43:25,DYMUSDT,UPTREND,SELL,25,25,73.68,0,0,0,0,25,0.09,False
2026-08-03 13:43:25,PIXELUSDT,SIDEWAYS,SELL,20,20,50.0,0,0,0,0,0,0.0,False
2026-08-03 13:43:25,STRKUSDT,UPTREND,WAIT,85,85,56.76,0,0,0,0,100,0.83,False
2026-08-03 13:43:25,PORTALUSDT,UPTREND,WAIT,45,45,66.67,0,0,0,0,90,0.15,False
2026-08-03 13:43:25,AXLUSDT,UPTREND,SELL,0,0,100,0,0,0,0,0,0.0,False
2026-08-03 13:43:25,WIFUSDT,UPTREND,WAIT,50,50,62.5,0,0,0,0,70,0.46,False
2026-08-03 13:43:25,METISUSDT,UPTREND,SELL,20,20,100,0,0,0,0,70,0.47,False
2026-08-03 13:43:25,AEVOUSDT,DOWNTREND,SELL,0,0,20.0,0,0,0,0,40,0.0,False
2026-08-03 13:43:25,BOMEUSDT,DOWNTREND,WAIT,50,50,39.84,0,0,0,0,100,38.04,False
2026-08-03 13:43:25,ETHFIUSDT,SIDEWAYS,SELL,25,25,54.55,0,0,0,0,90,0.11,False
2026-08-03 13:43:25,ENAUSDT,UPTREND,SELL,25,25,68.18,0,0,0,0,75,0.01,False
2026-08-03 13:43:25,WUSDT,UPTREND,SELL,25,25,66.67,0,0,0,0,0,0.0,False
2026-08-03 13:43:25,TNSRUSDT,DOWNTREND,SELL,0,0,0.0,0,0,0,0,0,0.0,False
2026-08-03 13:43:25,SAGAUSDT,SIDEWAYS,WAIT,50,50,50.0,0,0,0,0,90,0.54,False
2026-08-03 13:43:25,TAOUSDT,SIDEWAYS,SELL,25,25,50.0,0,0,0,0,75,0.08,False
2026-08-03 13:43:25,REZUSDT,SIDEWAYS,WAIT,40,40,50.0,0,0,0,0,70,2.97,False
2026-08-03 13:43:25,BBUSDT,UPTREND,WAIT,75,75,56.82,0,0,0,0,80,0.6,False
2026-08-03 13:43:25,NOTUSDT,UPTREND,SELL,0,0,100,0,0,0,0,0,0.0,False
2026-08-03 13:43:25,IOUSDT,UPTREND,SELL,25,25,58.33,0,0,0,0,0,0.0,False
2026-08-03 13:43:25,ZKUSDT,UPTREND,SELL,25,25,62.5,0,0,0,0,0,0.0,False
2026-08-03 13:43:25,LISTAUSDT,UPTREND,SELL,25,25,66.67,0,0,0,0,0,0.0,False
2026-08-03 13:43:25,ZROUSDT,SIDEWAYS,SELL,20,20,57.14,0,0,0,0,0,0.0,False
2026-08-03 13:43:25,GUSDT,SIDEWAYS,SELL,20,20,50.0,0,0,0,0,0,0.0,False
2026-08-03 13:43:25,BANANAUSDT,SIDEWAYS,SELL,25,25,50.0,0,0,0,0,20,0.0,False
2026-08-03 13:43:25,RENDERUSDT,UPTREND,SELL,25,25,71.43,0,0,0,0,20,0.0,False
2026-08-03 13:43:25,DOGSUSDT,UPTREND,SELL,25,25,59.46,0,0,0,0,40,0.0,False
2026-08-03 13:43:25,EURIUSDT,DOWNTREND,SELL,0,0,40.0,0,0,0,0,20,0.0,False
2026-08-03 13:43:25,POLUSDT,UPTREND,WAIT,90,90,60.0,0,0,0,0,100,1.23,False
2026-08-03 13:43:25,NEIROUSDT,UPTREND,SELL,25,25,67.09,0,0,0,0,75,0.01,False
2026-08-03 13:43:25,TURBOUSDT,UPTREND,SELL,25,25,75.0,0,0,0,0,0,0.51,False
2026-08-03 13:43:25,1MBABYDOGEUSDT,UPTREND,WAIT,35,35,62.07,0,0,0,0,0,0.41,False
2026-08-03 13:43:25,CATIUSDT,DOWNTREND,SELL,0,0,42.11,0,0,0,0,20,0.0,False
2026-08-03 13:43:25,HMSTRUSDT,DOWNTREND,SELL,0,0,43.59,0,0,0,0,40,0.0,False
2026-08-03 13:43:25,EIGENUSDT,UPTREND,BUY,80,80,60.0,0,0,0,0,70,0.51,False
2026-08-03 13:43:25,SCRUSDT,SIDEWAYS,WAIT,40,40,50.0,0,0,0,0,90,0.32,False
2026-08-03 13:43:25,BNSOLUSDT,UPTREND,SELL,25,25,66.67,0,0,0,0,0,0.0,False
2026-08-03 13:43:25,LUMIAUSDT,UPTREND,WAIT,30,30,80.0,0,0,0,0,50,3.88,False
2026-08-03 13:43:25,KAIAUSDT,SIDEWAYS,SELL,0,0,100,0,0,0,0,0,0.0,False
2026-08-03 13:43:25,COWUSDT,UPTREND,SELL,25,25,75.0,0,0,0,0,0,0.0,False
2026-08-03 13:43:25,CETUSUSDT,UPTREND,SELL,0,0,81.82,0,0,0,0,0,0.0,False
2026-08-03 13:43:25,PNUTUSDT,UPTREND,SELL,25,25,66.67,0,0,0,0,50,0.3,False
2026-08-03 13:43:25,ACTUSDT,SIDEWAYS,SELL,20,20,50.0,0,0,0,0,0,0.0,False
2026-08-03 13:43:25,USUALUSDT,SIDEWAYS,SELL,20,20,50.0,0,0,0,0,20,0.0,False
2026-08-03 13:43:25,THEUSDT,SIDEWAYS,SELL,20,20,50.0,0,0,0,0,0,0.0,False
2026-08-03 13:43:25,ACXUSDT,UPTREND,BUY,90,90,64.91,0,0,0,0,100,2.02,False
2026-08-03 13:43:25,ORCAUSDT,UPTREND,SELL,10,10,83.33,0,0,0,0,0,0.0,False
2026-08-03 13:43:25,MOVEUSDT,SIDEWAYS,SELL,0,0,100,0,0,0,0,75,0.04,False
2026-08-03 13:43:25,MEUSDT,UPTREND,SELL,0,0,80.36,0,0,0,0,20,0.0,False
2026-08-03 13:43:25,VELODROMEUSDT,UPTREND,SELL,0,0,81.82,0,0,0,0,0,0.0,False
2026-08-03 13:43:25,VANAUSDT,DOWNTREND,SELL,5,5,40.0,0,0,0,0,0,0.0,False
2026-08-03 13:43:25,1000CATUSDT,SIDEWAYS,SELL,0,0,100,0,0,0,0,0,0.0,False
2026-08-03 13:43:25,PENGUUSDT,UPTREND,WAIT,70,70,63.75,0,0,0,0,100,0.42,False
2026-08-03 13:43:25,BIOUSDT,UPTREND,SELL,25,25,65.38,0,0,0,0,20,0.0,False
2026-08-03 13:43:25,AIXBTUSDT,UPTREND,SELL,25,25,57.89,0,0,0,0,0,0.0,False
2026-08-03 13:43:25,CGPTUSDT,UPTREND,WAIT,85,85,65.15,0,0,0,0,70,5.23,False
2026-08-03 13:43:25,COOKIEUSDT,UPTREND,SELL,0,0,100,0,0,0,0,0,0.0,False
2026-08-03 13:43:25,SUSDT,DOWNTREND,SELL,10,10,32.14,0,0,0,0,75,0.02,False
2026-08-03 13:43:25,SOLVUSDT,DOWNTREND,SELL,0,0,25.0,0,0,0,0,0,0.0,False
2026-08-03 13:43:25,TRUMPUSDT,SIDEWAYS,SELL,25,25,46.67,0,0,0,0,75,0.0,False
2026-08-03 13:43:25,ANIMEUSDT,UPTREND,SELL,25,25,66.67,0,0,0,0,0,0.0,False
2026-08-03 13:43:25,BERAUSDT,UPTREND,BUY,80,80,72.73,0,0,0,0,70,2.66,False
2026-08-03 13:43:25,1000CHEEMSUSDT,SIDEWAYS,SELL,25,25,60.0,0,0,0,0,90,0.12,False
2026-08-03 13:43:25,TSTUSDT,SIDEWAYS,SELL,0,0,47.37,0,0,0,0,45,0.02,False
2026-08-03 13:43:25,LAYERUSDT,UPTREND,SELL,25,25,60.0,0,0,0,0,0,0.0,False
2026-08-03 13:43:25,HEIUSDT,SIDEWAYS,WAIT,30,30,45.45,0,0,0,0,90,0.53,False
2026-08-03 13:43:25,KAITOUSDT,SIDEWAYS,SELL,25,25,51.71,0,0,0,0,75,0.04,False
2026-08-03 13:43:25,SHELLUSDT,UPTREND,SELL,0,0,100,0,0,0,0,0,0.0,False
2026-08-03 13:43:25,REDUSDT,SIDEWAYS,SELL,25,25,50.0,0,0,0,0,0,0.0,False
2026-08-03 13:43:25,GPSUSDT,SIDEWAYS,SELL,25,25,54.76,0,0,0,0,60,0.14,False
2026-08-03 13:43:25,EPICUSDT,SIDEWAYS,WAIT,45,45,38.39,0,0,0,0,90,0.24,False
2026-08-03 13:43:25,BMTUSDT,DOWNTREND,SELL,0,0,40.0,0,0,0,0,20,0.0,False
2026-08-03 13:43:25,FORMUSDT,DOWNTREND,SELL,0,0,31.25,0,0,0,0,20,0.0,False
2026-08-03 13:43:25,XUSDUSDT,UPTREND,SELL,0,0,100,0,0,0,0,0,0.0,False
2026-08-03 13:43:25,NILUSDT,DOWNTREND,SELL,10,10,36.25,0,0,0,0,75,0.02,False
2026-08-03 13:43:25,PARTIUSDT,UPTREND,SELL,0,0,100,0,0,0,0,0,0.0,False
2026-08-03 13:43:25,MUBARAKUSDT,DOWNTREND,SELL,0,0,24.14,0,0,0,0,100,0.28,False
2026-08-03 13:43:25,TUTUSDT,SIDEWAYS,SELL,25,25,44.12,0,0,0,0,75,0.02,False
2026-08-03 13:43:25,BROCCOLI714USDT,SIDEWAYS,SELL,10,10,56.25,0,0,0,0,65,0.07,False
2026-08-03 13:43:25,BANANAS31USDT,UPTREND,SELL,25,25,69.74,0,0,0,0,40,0.0,False
2026-08-03 13:43:25,GUNUSDT,UPTREND,SELL,0,0,100,0,0,0,0,50,0.0,False
2026-08-03 13:43:25,BABYUSDT,UPTREND,SELL,25,25,70.0,0,0,0,0,75,0.08,False
2026-08-03 13:43:25,ONDOUSDT,UPTREND,BUY,100,100,59.26,0,0,0,0,100,3.29,False
2026-08-03 13:43:25,BIGTIMEUSDT,UPTREND,SELL,0,0,83.33,0,0,0,0,0,0.0,False
2026-08-03 13:43:25,VIRTUALUSDT,UPTREND,BUY,80,80,66.28,0,0,0,0,90,0.69,False
2026-08-03 13:43:25,KERNELUSDT,UPTREND,SELL,0,0,100,0,0,0,0,0,0.0,False
2026-08-03 13:43:25,WCTUSDT,UPTREND,WAIT,40,40,56.86,0,0,0,0,70,0.34,False
2026-08-03 13:43:25,HYPERUSDT,UPTREND,SELL,25,25,57.14,0,0,0,0,40,0.0,False
2026-08-03 13:43:25,INITUSDT,UPTREND,SELL,25,25,75.0,0,0,0,0,0,0.0,False
2026-08-03 13:43:25,SIGNUSDT,DOWNTREND,SELL,0,0,25.0,0,0,0,0,40,0.0,False
2026-08-03 13:43:25,STOUSDT,SIDEWAYS,SELL,0,0,50.0,0,0,0,0,5,0.02,False
2026-08-03 13:43:25,SYRUPUSDT,UPTREND,WAIT,55,55,60.0,0,0,0,0,70,0.28,False
2026-08-03 13:43:25,KMNOUSDT,UPTREND,SELL,25,25,60.0,0,0,0,0,0,0.0,False
2026-08-03 13:43:25,SXTUSDT,UPTREND,SELL,25,25,66.67,0,0,0,0,0,0.0,False
2026-08-03 13:43:25,NXPCUSDT,UPTREND,SELL,25,25,66.67,0,0,0,0,0,0.0,False
2026-08-03 13:43:25,AWEUSDT,DOWNTREND,SELL,5,5,31.03,0,0,0,0,0,0.0,False
2026-08-03 13:43:25,HAEDALUSDT,UPTREND,SELL,25,25,64.29,0,0,0,0,0,0.0,False
2026-08-03 13:43:25,USD1USDT,UPTREND,WAIT,55,55,57.14,0,0,0,0,100,0.26,False
2026-08-03 13:43:25,HUMAUSDT,UPTREND,WAIT,35,35,60.98,0,0,0,0,50,1.82,False
2026-08-03 13:43:25,AUSDT,UPTREND,WAIT,55,55,81.82,0,0,0,0,70,14.6,False
2026-08-03 13:43:25,SOPHUSDT,UPTREND,SELL,0,0,100,0,0,0,0,0,0.0,False
2026-08-03 13:43:25,RESOLVUSDT,UPTREND,SELL,25,25,63.64,0,0,0,0,0,0.0,False
2026-08-03 13:43:25,HOMEUSDT,UPTREND,SELL,25,25,62.07,0,0,0,0,75,0.08,False
2026-08-03 13:43:25,SPKUSDT,SIDEWAYS,SELL,0,0,45.56,0,0,0,0,80,0.15,False
2026-08-03 13:43:25,NEWTUSDT,UPTREND,SELL,20,20,66.67,0,0,0,0,0,0.0,False
2026-08-03 13:43:25,SAHARAUSDT,UPTREND,SELL,10,10,77.78,0,0,0,0,40,0.0,False
2026-08-03 13:43:25,LAUSDT,DOWNTREND,SELL,0,0,0.0,0,0,0,0,45,0.07,False
2026-08-03 13:43:25,ERAUSDT,SIDEWAYS,SELL,25,25,50.0,0,0,0,0,75,0.0,False
2026-08-03 13:43:25,CUSDT,UPTREND,WAIT,65,65,62.5,0,0,0,0,90,0.17,False
2026-08-03 13:43:25,TREEUSDT,UPTREND,SELL,0,0,100,0,0,0,0,30,6.98,False
2026-08-03 13:43:25,TOWNSUSDT,UPTREND,SELL,10,10,66.67,0,0,0,0,40,0.24,False
2026-08-03 13:43:25,PROVEUSDT,SIDEWAYS,SELL,10,10,20.0,0,0,0,0,0,0.0,False
2026-08-03 13:43:25,BFUSDUSDT,SIDEWAYS,SELL,0,0,100,0,0,0,0,0,0.0,False
2026-08-03 13:43:25,PLUMEUSDT,UPTREND,SELL,10,10,80.0,0,0,0,0,0,0.0,False
2026-08-03 13:43:25,DOLOUSDT,UPTREND,SELL,10,10,78.13,0,0,0,0,0,0.0,False
2026-08-03 13:43:25,MITOUSDT,SIDEWAYS,WAIT,50,50,45.0,0,0,0,0,70,0.61,False
2026-08-03 13:43:25,WLFIUSDT,SIDEWAYS,SELL,25,25,50.0,0,0,0,0,45,0.01,False
2026-08-03 13:43:25,SOMIUSDT,UPTREND,SELL,25,25,68.75,0,0,0,0,75,0.04,False
2026-08-03 13:43:25,OPENUSDT,UPTREND,BUY,75,75,56.41,0,0,0,0,90,0.8,False
2026-08-03 13:43:25,USDEUSDT,UPTREND,SELL,0,0,100,0,0,0,0,0,0.0,False
2026-08-03 13:43:25,LINEAUSDT,UPTREND,SELL,25,25,60.0,0,0,0,0,5,0.08,False
2026-08-03 13:43:25,HOLOUSDT,UPTREND,SELL,25,25,75.0,0,0,0,0,65,0.06,False
2026-08-03 13:43:25,PUMPUSDT,SIDEWAYS,SELL,25,25,51.61,0,0,0,0,90,0.13,False
2026-08-03 13:43:25,AVNTUSDT,SIDEWAYS,SELL,25,25,53.85,0,0,0,0,0,0.0,False
2026-08-03 13:43:25,ZKCUSDT,UPTREND,SELL,25,25,75.0,0,0,0,0,0,0.0,False
2026-08-03 13:43:25,SKYUSDT,UPTREND,SELL,0,0,84.13,0,0,0,0,40,0.14,False
2026-08-03 13:43:25,BARDUSDT,UPTREND,SELL,25,25,55.56,0,0,0,0,30,0.33,False
2026-08-03 13:43:25,0GUSDT,SIDEWAYS,SELL,0,0,50.0,0,0,0,0,0,0.0,False
2026-08-03 13:43:25,HEMIUSDT,SIDEWAYS,WAIT,40,40,50.0,0,0,0,0,70,0.52,False
2026-08-03 13:43:25,XPLUSDT,UPTREND,WAIT,45,45,71.85,0,0,0,0,90,0.22,False
2026-08-03 13:43:25,MIRAUSDT,UPTREND,BUY,90,90,55.56,0,0,0,0,100,0.71,False
2026-08-03 13:43:25,FFUSDT,DOWNTREND,SELL,5,5,30.0,0,0,0,0,50,0.0,False
2026-08-03 13:43:25,EDENUSDT,SIDEWAYS,SELL,15,15,45.07,0,0,0,0,100,1.01,False
2026-08-03 13:43:25,NOMUSDT,SIDEWAYS,SELL,25,25,33.33,0,0,0,0,0,0.0,False
2026-08-03 13:43:25,2ZUSDT,UPTREND,SELL,25,25,57.95,0,0,0,0,5,0.07,False
2026-08-03 13:43:25,MORPHOUSDT,DOWNTREND,WAIT,55,55,41.18,0,0,0,0,100,1.01,False
2026-08-03 13:43:25,ASTERUSDT,SIDEWAYS,SELL,20,20,57.14,0,0,0,0,20,0.0,False
2026-08-03 13:43:25,WALUSDT,SIDEWAYS,SELL,20,20,50.0,0,0,0,0,0,0.0,False
2026-08-03 13:43:25,EULUSDT,UPTREND,WAIT,70,70,68.97,0,0,0,0,90,0.22,False
2026-08-03 13:43:25,ENSOUSDT,DOWNTREND,SELL,20,20,8.11,0,0,0,0,75,0.03,False
2026-08-03 13:43:25,YBUSDT,UPTREND,SELL,25,25,55.56,0,0,0,0,0,0.0,False
2026-08-03 13:43:25,ZBTUSDT,DOWNTREND,SELL,20,20,9.09,0,0,0,0,90,1.28,False
2026-08-03 13:43:25,TURTLEUSDT,DOWNTREND,SELL,0,0,33.33,0,0,0,0,0,0.0,False
2026-08-03 13:43:25,GIGGLEUSDT,DOWNTREND,WAIT,30,30,32.84,0,0,0,0,100,0.32,False
2026-08-03 13:43:25,FUSDT,UPTREND,SELL,0,0,100,0,0,0,0,0,0.0,False
2026-08-03 13:43:25,KITEUSDT,SIDEWAYS,WAIT,30,30,37.5,0,0,0,0,90,0.23,False
2026-08-03 13:43:25,MMTUSDT,SIDEWAYS,WAIT,45,45,54.55,0,0,0,0,100,0.96,False
2026-08-03 13:43:25,SAPIENUSDT,UPTREND,SELL,25,25,66.67,0,0,0,0,0,0.0,False
2026-08-03 13:43:25,ALLOUSDT,DOWNTREND,SELL,25,25,39.26,0,0,0,0,90,0.25,False
2026-08-03 13:43:25,BANKUSDT,DOWNTREND,SELL,25,25,33.33,0,0,0,0,90,0.12,False
2026-08-03 13:43:25,METUSDT,UPTREND,SELL,25,25,56.25,0,0,0,0,0,0.0,False
2026-08-03 13:43:25,ATUSDT,DOWNTREND,SELL,0,0,25.0,0,0,0,0,0,0.0,False
2026-08-03 13:43:25,KGSTUSDT,SIDEWAYS,SELL,25,25,50.0,0,0,0,0,0,0.0,False
2026-08-03 13:43:25,BREVUSDT,SIDEWAYS,SELL,0,0,50.0,0,0,0,0,20,0.0,False
2026-08-03 13:43:25,币安人生USDT,UPTREND,BUY,100,100,61.31,0,0,0,0,100,0.52,False
2026-08-03 13:43:25,ZKPUSDT,DOWNTREND,SELL,0,0,33.33,0,0,0,0,0,0.0,False
2026-08-03 13:43:25,UUSDT,UPTREND,BUY,100,100,55.56,0,0,0,0,100,1.33,False
2026-08-03 13:43:25,FRAXUSDT,DOWNTREND,SELL,0,0,35.14,0,0,0,0,20,0.0,False
2026-08-03 13:43:25,FOGOUSDT,UPTREND,SELL,25,25,66.67,0,0,0,0,0,0.0,False
2026-08-03 13:43:25,RLUSDUSDT,SIDEWAYS,SELL,25,25,50.0,0,0,0,0,25,0.02,False
2026-08-03 13:43:25,SENTUSDT,DOWNTREND,SELL,0,0,14.29,0,0,0,0,40,0.0,False
2026-08-03 13:43:25,ZAMAUSDT,UPTREND,SELL,25,25,59.21,0,0,0,0,75,0.02,False
2026-08-03 13:43:25,ESPUSDT,SIDEWAYS,SELL,5,5,47.62,0,0,0,0,75,0.0,False
2026-08-03 13:43:25,MANTRAUSDT,DOWNTREND,SELL,0,0,37.5,0,0,0,0,50,0.0,False
2026-08-03 13:43:25,ROBOUSDT,DOWNTREND,SELL,0,0,35.71,0,0,0,0,0,0.0,False
2026-08-03 13:43:25,OPNUSDT,DOWNTREND,SELL,0,0,20.0,0,0,0,0,20,0.0,False
2026-08-03 13:43:25,NIGHTUSDT,UPTREND,WAIT,85,85,57.14,0,0,0,0,100,1.16,False
2026-08-03 13:43:25,CFGUSDT,SIDEWAYS,SELL,0,0,46.67,0,0,0,0,0,0.0,False
2026-08-03 13:43:25,KATUSDT,UPTREND,SELL,0,0,100,0,0,0,0,0,0.0,False
2026-08-03 13:43:25,XAUTUSDT,SIDEWAYS,SELL,20,20,47.66,0,0,0,0,100,0.27,False
2026-08-03 13:43:25,USDSUSDT,SIDEWAYS,SELL,0,0,100,0,0,0,0,0,0.0,False
2026-08-03 13:43:25,CHIPUSDT,UPTREND,SELL,25,25,61.11,0,0,0,0,0,0.0,False
2026-08-03 13:43:25,MEGAUSDT,UPTREND,WAIT,60,60,65.12,0,0,0,0,90,0.45,False
2026-08-03 13:43:25,AIGENSYNUSDT,UPTREND,SELL,25,25,66.67,0,0,0,0,20,0.0,False
2026-08-03 13:43:25,GENIUSUSDT,SIDEWAYS,BUY,75,75,52.35,0,0,0,0,90,0.61,False
2026-08-03 13:43:25,OPGUSDT,DOWNTREND,SELL,0,0,41.67,0,0,0,0,0,0.0,False
2026-08-03 13:43:25,MUBUSDT,DOWNTREND,WAIT,35,35,41.24,0,0,0,0,100,0.8,False
2026-08-03 13:43:25,CRCLBUSDT,DOWNTREND,WAIT,40,40,42.14,0,0,0,0,100,1.89,False
2026-08-03 13:43:25,NVDABUSDT,SIDEWAYS,SELL,25,25,53.65,0,0,0,0,90,0.49,False
2026-08-03 13:43:25,SNDKBUSDT,UPTREND,BUY,100,100,55.67,0,0,0,0,100,3.34,False
2026-08-03 13:43:25,TSLABUSDT,UPTREND,SELL,25,25,80.97,0,0,0,0,75,0.06,False
2026-08-03 13:43:25,SPCXBUSDT,UPTREND,BUY,100,100,56.7,0,0,0,0,100,0.54,False
2026-08-03 13:43:25,REUSDT,DOWNTREND,SELL,20,20,35.63,0,0,0,0,100,0.94,False
2026-08-03 13:43:25,AMDBUSDT,DOWNTREND,WAIT,35,35,41.29,0,0,0,0,90,1.1,False
2026-08-03 13:43:25,EWYBUSDT,DOWNTREND,SELL,10,10,29.22,0,0,0,0,60,0.12,False
2026-08-03 13:43:25,INTCBUSDT,DOWNTREND,WAIT,50,50,31.91,0,0,0,0,90,1.81,False
2026-08-03 13:43:25,MSTRBUSDT,UPTREND,BUY,95,95,69.65,0,0,0,0,70,1.4,False
2026-08-03 13:43:25,LITEBUSDT,SIDEWAYS,SELL,10,10,48.29,0,0,0,0,55,0.51,False
2026-08-03 13:43:25,METABUSDT,UPTREND,SELL,25,25,78.96,0,0,0,0,0,0.0,False
2026-08-03 13:43:25,MSFTBUSDT,UPTREND,WAIT,40,40,77.74,0,0,0,0,15,1.29,False
2026-08-03 13:43:26,PLTRBUSDT,DOWNTREND,SELL,20,20,43.93,0,0,0,0,50,1.18,False
2026-08-03 13:43:26,QQQBUSDT,UPTREND,SELL,25,25,56.64,0,0,0,0,40,0.0,False
2026-08-03 13:43:26,GRAMUSDT,UPTREND,BUY,100,100,62.5,0,0,0,0,100,0.76,False
2026-08-03 13:43:26,CBRSBUSDT,SIDEWAYS,SELL,15,15,48.4,0,0,0,0,0,0.0,False
2026-08-03 13:43:26,COINBUSDT,SIDEWAYS,SELL,10,10,46.97,0,0,0,0,50,0.54,False
2026-08-03 13:43:26,DRAMBUSDT,DOWNTREND,WAIT,40,40,35.56,0,0,0,0,90,1.54,False
2026-08-03 13:43:26,GLWBUSDT,UPTREND,SELL,25,25,70.91,0,0,0,0,5,0.16,False
2026-08-03 13:43:26,GOOGLBUSDT,UPTREND,WAIT,60,60,86.48,0,0,0,0,90,0.83,False
2026-08-03 13:43:26,NBISBUSDT,UPTREND,BUY,100,100,61.04,0,0,0,0,100,0.77,False
2026-08-03 13:43:26,QCOMBUSDT,DOWNTREND,SELL,0,0,37.06,0,0,0,0,0,0.2,False
2026-08-03 13:43:26,SOXLBUSDT,DOWNTREND,WAIT,40,40,39.39,0,0,0,0,100,1.96,False
2026-08-03 13:43:26,SPYBUSDT,UPTREND,WAIT,55,55,70.19,0,0,0,0,15,0.9,False
2026-08-03 13:43:26,WDCBUSDT,DOWNTREND,SELL,25,25,33.33,0,0,0,0,35,2.23,False
2026-08-03 13:43:26,SKHYBUSDT,DOWNTREND,WAIT,40,40,32.65,0,0,0,0,100,0.74,False
2026-08-03 13:43:26,AAOIBUSDT,UPTREND,WAIT,60,60,63.43,0,0,0,0,0,0.43,False
2026-08-03 13:43:26,ARMBUSDT,DOWNTREND,SELL,20,20,44.11,0,0,0,0,65,0.08,False
2026-08-03 13:43:26,AVGOBUSDT,DOWNTREND,SELL,0,0,17.22,0,0,0,0,0,0.0,False
2026-08-03 13:43:26,BABABUSDT,UPTREND,WAIT,40,40,84.14,0,0,0,0,0,2.11,False
2026-08-03 13:43:26,HOODBUSDT,SIDEWAYS,SELL,25,25,50.91,0,0,0,0,0,0.0,False
2026-08-03 13:43:26,IBMBUSDT,DOWNTREND,SELL,25,25,34.48,0,0,0,0,0,0.0,False
2026-08-03 13:43:26,MRVLBUSDT,SIDEWAYS,SELL,0,0,47.09,0,0,0,0,45,0.03,False
2026-08-03 13:43:26,NOKBUSDT,UPTREND,SELL,25,25,66.67,0,0,0,0,0,0.0,False
2026-08-03 13:43:26,TSMBUSDT,SIDEWAYS,SELL,25,25,47.89,0,0,0,0,0,0.0,False
2026-08-03 13:43:26,RKLBBUSDT,UPTREND,SELL,25,25,61.83,0,0,0,0,0,0.0,False
2026-08-03 13:43:26,AEROUSDT,UPTREND,BUY,80,80,62.71,0,0,0,0,70,2.8,False
2026-08-03 13:43:26,AXTIBUSDT,UPTREND,SELL,25,25,59.09,0,0,0,0,65,0.06,False
2026-08-03 13:43:26,CRWVBUSDT,UPTREND,SELL,25,25,85.61,0,0,0,0,20,0.13,False
2026-08-03 13:43:26,INTWBUSDT,DOWNTREND,SELL,10,10,32.11,0,0,0,0,25,0.09,False
2026-08-03 13:43:26,KORUBUSDT,DOWNTREND,WAIT,45,45,30.29,0,0,0,0,90,0.99,False
2026-08-03 13:43:26,MUUBUSDT,DOWNTREND,WAIT,30,30,42.71,0,0,0,0,90,0.71,False
2026-08-03 13:43:26,MVLLBUSDT,SIDEWAYS,SELL,0,0,49.85,0,0,0,0,45,0.03,False
2026-08-03 13:43:26,ORCLBUSDT,UPTREND,BUY,75,75,74.77,0,0,0,0,70,0.66,False
2026-08-03 13:43:26,QNTBUSDT,SIDEWAYS,SELL,25,25,52.07,0,0,0,0,0,0.0,False
2026-08-03 13:43:26,SNXXBUSDT,UPTREND,BUY,100,100,55.61,0,0,0,0,100,3.69,False
2026-08-03 13:43:26,TQQQBUSDT,SIDEWAYS,SELL,25,25,51.32,0,0,0,0,0,0.0,False
2026-08-03 13:43:26,AAPLBUSDT,DOWNTREND,SELL,20,20,38.23,0,0,0,0,5,0.08,False
2026-08-03 13:43:26,AMATBUSDT,DOWNTREND,SELL,0,0,37.7,0,0,0,0,0,0.0,False
2026-08-03 13:43:26,AMZNBUSDT,UPTREND,SELL,5,5,77.62,0,0,0,0,0,0.18,False
2026-08-03 13:43:26,BEBUSDT,SIDEWAYS,WAIT,60,60,51.77,0,0,0,0,0,0.65,False
2026-08-03 13:43:26,DELLBUSDT,DOWNTREND,SELL,20,20,44.59,0,0,0,0,0,0.0,False
2026-08-03 13:43:26,FLNCBUSDT,UPTREND,SELL,25,25,65.22,0,0,0,0,0,0.0,False
2026-08-03 13:43:26,GSBUSDT,DOWNTREND,SELL,0,0,0.0,0,0,0,0,0,0.0,False
2026-08-03 13:43:26,PYPLBUSDT,UPTREND,SELL,25,25,59.68,0,0,0,0,0,0.0,False
2026-08-03 13:43:26,SMHBUSDT,DOWNTREND,SELL,0,0,37.91,0,0,0,0,0,0.0,False
2026-08-03 13:43:26,SOXSBUSDT,UPTREND,SELL,25,25,60.16,0,0,0,0,65,0.06,False
2026-08-03 13:44:40,BTCUSDT,UPTREND,BUY,100,100,64.81,0,0,0,0,100,0.39,False
2026-08-03 13:44:40,ETHUSDT,UPTREND,BUY,95,95,67.13,0,0,0,0,100,0.5,False
2026-08-03 13:44:40,BNBUSDT,SIDEWAYS,WAIT,65,65,59.75,0,0,0,0,100,0.56,False
2026-08-03 13:44:40,NEOUSDT,UPTREND,SELL,25,25,75.0,0,0,0,0,0,0.03,False
2026-08-03 13:44:40,LTCUSDT,UPTREND,WAIT,60,60,72.22,0,0,0,0,100,0.26,False
2026-08-03 13:44:40,QTUMUSDT,UPTREND,SELL,25,25,66.67,0,0,0,0,0,0.0,False
2026-08-03 13:44:40,ADAUSDT,UPTREND,WAIT,70,70,66.67,0,0,0,0,100,0.47,False
2026-08-03 13:44:40,XRPUSDT,UPTREND,SELL,25,25,64.0,0,0,0,0,90,0.13,False
2026-08-03 13:44:40,TUSDUSDT,UPTREND,SELL,0,0,100,0,0,0,0,0,0.0,False
2026-08-03 13:44:40,IOTAUSDT,UPTREND,SELL,25,25,66.67,0,0,0,0,0,0.0,False
2026-08-03 13:44:40,XLMUSDT,UPTREND,WAIT,60,60,76.92,0,0,0,0,100,1.93,False
2026-08-03 13:44:40,ONTUSDT,SIDEWAYS,SELL,25,25,33.33,0,0,0,0,0,0.0,False
2026-08-03 13:44:40,TRXUSDT,SIDEWAYS,SELL,25,25,55.56,0,0,0,0,100,0.28,False
2026-08-03 13:44:40,ETCUSDT,UPTREND,SELL,25,25,66.67,0,0,0,0,40,0.0,False
2026-08-03 13:44:40,ICXUSDT,SIDEWAYS,SELL,20,20,50.0,0,0,0,0,0,0.0,False
2026-08-03 13:44:40,VETUSDT,UPTREND,SELL,25,25,70.59,0,0,0,0,25,0.06,False
2026-08-03 13:44:40,USDCUSDT,SIDEWAYS,SELL,0,0,46.15,0,0,0,0,100,0.41,False
2026-08-03 13:44:40,LINKUSDT,UPTREND,SELL,25,25,63.55,0,0,0,0,75,0.05,False
2026-08-03 13:44:40,ONGUSDT,UPTREND,SELL,25,25,61.22,0,0,0,0,0,0.0,False
2026-08-03 13:44:40,HOTUSDT,SIDEWAYS,SELL,0,0,100,0,0,0,0,0,0.0,False
2026-08-03 13:44:40,ZILUSDT,UPTREND,SELL,0,0,77.78,0,0,0,0,0,0.0,False
2026-08-03 13:44:40,ZRXUSDT,SIDEWAYS,SELL,20,20,50.0,0,0,0,0,0,0.0,False
2026-08-03 13:44:40,FETUSDT,UPTREND,WAIT,55,55,66.67,0,0,0,0,100,0.25,False
2026-08-03 13:44:40,BATUSDT,UPTREND,WAIT,40,40,72.73,0,0,0,0,30,1.09,False
2026-08-03 13:44:40,ZECUSDT,UPTREND,WAIT,60,60,73.58,0,0,0,0,90,0.23,False
2026-08-03 13:44:40,IOSTUSDT,DOWNTREND,SELL,0,0,37.5,0,0,0,0,0,0.0,False
2026-08-03 13:44:40,CELRUSDT,UPTREND,WAIT,35,35,65.0,0,0,0,0,100,0.28,False
2026-08-03 13:44:40,DASHUSDT,UPTREND,SELL,25,25,67.44,0,0,0,0,80,0.11,False
2026-08-03 13:44:40,THETAUSDT,UPTREND,WAIT,45,45,60.0,0,0,0,0,0,1.93,False
2026-08-03 13:44:40,ENJUSDT,SIDEWAYS,SELL,25,25,51.32,0,0,0,0,90,1.1,False
2026-08-03 13:44:40,ATOMUSDT,SIDEWAYS,BUY,100,100,55.0,0,0,0,0,90,1.08,False
2026-08-03 13:44:40,TFUELUSDT,UPTREND,SELL,25,25,58.82,0,0,0,0,0,0.12,False
2026-08-03 13:44:40,ONEUSDT,SIDEWAYS,SELL,5,5,50.0,0,0,0,0,0,0.35,False
2026-08-03 13:44:40,ALGOUSDT,UPTREND,BUY,100,100,69.23,0,0,0,0,100,3.8,False
2026-08-03 13:44:40,DOGEUSDT,UPTREND,SELL,20,20,81.25,0,0,0,0,100,0.32,False
2026-08-03 13:44:40,DUSKUSDT,SIDEWAYS,SELL,0,0,66.67,0,0,0,0,25,0.03,False
2026-08-03 13:44:40,ANKRUSDT,SIDEWAYS,SELL,20,20,50.0,0,0,0,0,0,0.0,False
2026-08-03 13:44:40,WINUSDT,SIDEWAYS,SELL,15,15,44.0,0,0,0,0,65,0.03,False
2026-08-03 13:44:40,MTLUSDT,UPTREND,WAIT,55,55,60.0,0,0,0,0,50,0.65,False
2026-08-03 13:44:40,CVCUSDT,UPTREND,SELL,25,25,65.22,0,0,0,0,45,0.08,False
2026-08-03 13:44:40,CHZUSDT,UPTREND,SELL,25,25,58.33,0,0,0,0,20,0.0,False
2026-08-03 13:44:40,BANDUSDT,DOWNTREND,SELL,0,0,35.29,0,0,0,0,0,0.0,False
2026-08-03 13:44:40,XTZUSDT,SIDEWAYS,SELL,25,25,53.85,0,0,0,0,0,0.0,False
2026-08-03 13:44:40,RVNUSDT,UPTREND,SELL,25,25,66.67,0,0,0,0,0,0.0,False
2026-08-03 13:44:40,HBARUSDT,UPTREND,WAIT,80,80,65.31,0,0,0,0,100,1.73,False
2026-08-03 13:44:40,STXUSDT,UPTREND,SELL,25,25,58.82,0,0,0,0,0,0.0,False
2026-08-03 13:44:40,KAVAUSDT,DOWNTREND,SELL,0,0,25.0,0,0,0,0,0,0.0,False
2026-08-03 13:44:40,ARPAUSDT,DOWNTREND,SELL,0,0,0.0,0,0,0,0,0,0.0,False
2026-08-03 13:44:40,IOTXUSDT,UPTREND,SELL,0,0,100,0,0,0,0,0,0.0,False
2026-08-03 13:44:40,RLCUSDT,DOWNTREND,SELL,0,0,37.93,0,0,0,0,20,0.0,False
2026-08-03 13:44:40,BCHUSDT,UPTREND,SELL,25,25,72.73,0,0,0,0,40,0.0,False
2026-08-03 13:44:40,FTTUSDT,SIDEWAYS,SELL,25,25,50.0,0,0,0,0,45,0.05,False
2026-08-03 13:44:40,EURUSDT,DOWNTREND,SELL,25,25,41.67,0,0,0,0,100,0.36,False
2026-08-03 13:44:40,OGNUSDT,UPTREND,SELL,0,0,76.19,0,0,0,0,30,0.41,False
2026-08-03 13:44:40,LSKUSDT,UPTREND,WAIT,65,65,75.47,0,0,0,0,70,189.63,False
2026-08-03 13:44:40,BNTUSDT,SIDEWAYS,SELL,0,0,100,0,0,0,0,0,0.0,False
2026-08-03 13:44:40,MBLUSDT,DOWNTREND,SELL,5,5,28.57,0,0,0,0,100,0.31,False
2026-08-03 13:44:40,COTIUSDT,DOWNTREND,SELL,0,0,41.18,0,0,0,0,75,0.01,False
2026-08-03 13:44:40,SOLUSDT,UPTREND,BUY,100,100,68.42,0,0,0,0,100,1.36,False
2026-08-03 13:44:40,CTSIUSDT,UPTREND,SELL,0,0,94.44,0,0,0,0,0,0.0,False
2026-08-03 13:44:40,HIVEUSDT,UPTREND,SELL,0,0,100,0,0,0,0,0,0.0,False
2026-08-03 13:44:40,CHRUSDT,SIDEWAYS,SELL,20,20,52.94,0,0,0,0,0,0.0,False
2026-08-03 13:44:40,KNCUSDT,SIDEWAYS,SELL,25,25,44.44,0,0,0,0,0,0.0,False
2026-08-03 13:44:40,COMPUSDT,UPTREND,SELL,25,25,90.0,0,0,0,0,0,0.0,False
2026-08-03 13:44:40,SCUSDT,UPTREND,SELL,25,25,60.0,0,0,0,0,0,0.08,False
2026-08-03 13:44:40,ZENUSDT,UPTREND,BUY,75,75,83.33,0,0,0,0,90,2.56,False
2026-08-03 13:44:40,SNXUSDT,UPTREND,SELL,10,10,100,0,0,0,0,0,0.0,False
2026-08-03 13:44:40,VTHOUSDT,UPTREND,SELL,0,0,100,0,0,0,0,0,0.0,False
2026-08-03 13:44:40,DGBUSDT,SIDEWAYS,SELL,20,20,50.0,0,0,0,0,0,0.82,False
2026-08-03 13:44:40,DCRUSDT,SIDEWAYS,SELL,25,25,47.37,0,0,0,0,0,0.0,False
2026-08-03 13:44:40,STORJUSDT,DOWNTREND,SELL,10,10,33.33,0,0,0,0,70,0.89,False
2026-08-03 13:44:40,MANAUSDT,DOWNTREND,SELL,0,0,36.36,0,0,0,0,0,0.06,False
2026-08-03 13:44:40,YFIUSDT,DOWNTREND,SELL,10,10,25.0,0,0,0,0,0,0.0,False
2026-08-03 13:44:40,JSTUSDT,SIDEWAYS,SELL,25,25,48.57,0,0,0,0,90,0.12,False
2026-08-03 13:44:40,CRVUSDT,UPTREND,SELL,0,0,82.35,0,0,0,0,40,0.21,False
2026-08-03 13:44:40,SANDUSDT,UPTREND,SELL,25,25,73.81,0,0,0,0,65,0.06,False
2026-08-03 13:44:40,NMRUSDT,UPTREND,SELL,25,25,100,0,0,0,0,0,0.0,False
2026-08-03 13:44:40,DOTUSDT,UPTREND,WAIT,60,60,75.0,0,0,0,0,100,0.44,False
2026-08-03 13:44:40,LUNAUSDT,SIDEWAYS,SELL,20,20,50.0,0,0,0,0,0,0.0,False
2026-08-03 13:44:40,RSRUSDT,UPTREND,SELL,25,25,62.5,0,0,0,0,0,0.0,False
2026-08-03 13:44:40,PAXGUSDT,SIDEWAYS,WAIT,65,65,45.56,0,0,0,0,100,2.37,False
2026-08-03 13:44:40,TRBUSDT,SIDEWAYS,WAIT,30,30,62.5,0,0,0,0,0,0.73,False
2026-08-03 13:44:40,SUSHIUSDT,DOWNTREND,SELL,5,5,44.44,0,0,0,0,0,1.07,False
2026-08-03 13:44:40,KSMUSDT,DOWNTREND,SELL,10,10,33.33,0,0,0,0,45,0.01,False
2026-08-03 13:44:40,EGLDUSDT,DOWNTREND,SELL,0,0,0.0,0,0,0,0,25,0.07,False
2026-08-03 13:44:40,DIAUSDT,SIDEWAYS,SELL,25,25,53.85,0,0,0,0,75,0.0,False
2026-08-03 13:44:40,RUNEUSDT,UPTREND,SELL,20,20,66.67,0,0,0,0,0,0.16,False
2026-08-03 13:44:40,UMAUSDT,UPTREND,SELL,0,0,100,0,0,0,0,0,0.0,False
2026-08-03 13:44:40,BELUSDT,SIDEWAYS,SELL,25,25,42.86,0,0,0,0,0,0.0,False
2026-08-03 13:44:40,UNIUSDT,UPTREND,SELL,25,25,74.55,0,0,0,0,75,0.09,False
2026-08-03 13:44:40,SUNUSDT,SIDEWAYS,SELL,0,0,100,0,0,0,0,0,0.0,False
2026-08-03 13:44:40,AVAXUSDT,UPTREND,SELL,25,25,63.75,0,0,0,0,75,0.05,False
2026-08-03 13:44:40,XVSUSDT,UPTREND,SELL,25,25,100,0,0,0,0,70,0.12,False
2026-08-03 13:44:40,AAVEUSDT,SIDEWAYS,SELL,25,25,53.9,0,0,0,0,100,0.41,False
2026-08-03 13:44:40,NEARUSDT,UPTREND,WAIT,45,45,88.24,0,0,0,0,100,0.42,False
2026-08-03 13:44:40,FILUSDT,UPTREND,BUY,75,75,72.37,0,0,0,0,100,1.02,False
2026-08-03 13:44:40,INJUSDT,UPTREND,BUY,75,75,70.83,0,0,0,0,90,0.38,False
2026-08-03 13:44:40,AUDIOUSDT,SIDEWAYS,SELL,25,25,50.0,0,0,0,0,20,1.28,False
2026-08-03 13:44:40,CTKUSDT,UPTREND,SELL,25,25,60.0,0,0,0,0,0,0.0,False
2026-08-03 13:44:40,AXSUSDT,UPTREND,SELL,25,25,57.14,0,0,0,0,25,0.08,False
2026-08-03 13:44:40,STRAXUSDT,UPTREND,SELL,25,25,57.14,0,0,0,0,0,0.0,False
2026-08-03 13:44:40,ROSEUSDT,UPTREND,SELL,25,25,62.5,0,0,0,0,0,0.08,False
2026-08-03 13:44:40,AVAUSDT,UPTREND,SELL,25,25,96.67,0,0,0,0,50,2.87,False
2026-08-03 13:44:40,SKLUSDT,UPTREND,WAIT,50,50,75.0,0,0,0,0,70,0.5,False
2026-08-03 13:44:40,GRTUSDT,SIDEWAYS,SELL,20,20,50.0,0,0,0,0,50,0.0,False
2026-08-03 13:44:40,JUVUSDT,SIDEWAYS,SELL,25,25,50.0,0,0,0,0,20,0.0,False
2026-08-03 13:44:40,PSGUSDT,SIDEWAYS,SELL,25,25,50.0,0,0,0,0,20,0.69,False
2026-08-03 13:44:40,1INCHUSDT,UPTREND,SELL,25,25,66.67,0,0,0,0,0,0.0,False
2026-08-03 13:44:40,OGUSDT,UPTREND,SELL,25,25,73.33,0,0,0,0,0,0.0,False
2026-08-03 13:44:40,ATMUSDT,UPTREND,BUY,80,80,70.0,0,0,0,0,70,1.43,False
2026-08-03 13:44:40,ASRUSDT,UPTREND,SELL,25,25,66.67,0,0,0,0,0,0.0,False
2026-08-03 13:44:40,CELOUSDT,UPTREND,SELL,25,25,64.1,0,0,0,0,0,0.0,False
2026-08-03 13:44:40,RIFUSDT,DOWNTREND,SELL,10,10,37.5,0,0,0,0,75,0.01,False
2026-08-03 13:44:40,CKBUSDT,UPTREND,SELL,25,25,57.14,0,0,0,0,0,0.0,False
2026-08-03 13:44:40,TWTUSDT,DOWNTREND,SELL,0,0,33.33,0,0,0,0,0,0.0,False
2026-08-03 13:44:40,SFPUSDT,SIDEWAYS,SELL,25,25,40.0,0,0,0,0,0,0.0,False
2026-08-03 13:44:40,DODOUSDT,SIDEWAYS,SELL,0,0,53.12,0,0,0,0,50,0.38,False
2026-08-03 13:44:40,CAKEUSDT,SIDEWAYS,SELL,10,10,50.0,0,0,0,0,20,0.0,False
2026-08-03 13:44:40,ACMUSDT,SIDEWAYS,SELL,25,25,50.0,0,0,0,0,0,0.0,False
2026-08-03 13:44:40,ALICEUSDT,SIDEWAYS,SELL,15,15,40.0,0,0,0,0,0,0.0,False
2026-08-03 13:44:40,SUPERUSDT,UPTREND,SELL,25,25,57.14,0,0,0,0,0,0.0,False
2026-08-03 13:44:40,CFXUSDT,UPTREND,SELL,25,25,66.67,0,0,0,0,40,0.0,False
2026-08-03 13:44:40,TKOUSDT,UPTREND,SELL,25,25,57.14,0,0,0,0,45,0.07,False
2026-08-03 13:44:40,PUNDIXUSDT,UPTREND,SELL,10,10,75.0,0,0,0,0,0,0.0,False
2026-08-03 13:44:40,TLMUSDT,UPTREND,WAIT,70,70,59.09,0,0,0,0,100,0.43,False
2026-08-03 13:44:40,BARUSDT,UPTREND,SELL,25,25,66.67,0,0,0,0,0,0.0,False
2026-08-03 13:44:40,SLPUSDT,DOWNTREND,SELL,0,0,42.86,0,0,0,0,0,0.0,False
2026-08-03 13:44:40,SHIBUSDT,UPTREND,WAIT,100,100,55.56,0,0,0,0,100,2.48,False
2026-08-03 13:44:40,ICPUSDT,UPTREND,SELL,25,25,88.89,0,0,0,0,80,0.1,False
2026-08-03 13:44:40,ARUSDT,SIDEWAYS,SELL,25,25,58.33,0,0,0,0,80,0.14,False
2026-08-03 13:44:40,MASKUSDT,SIDEWAYS,SELL,25,25,50.0,0,0,0,0,0,0.0,False
2026-08-03 13:44:40,LPTUSDT,SIDEWAYS,WAIT,55,55,54.55,0,0,0,0,90,0.29,False
2026-08-03 13:44:40,XVGUSDT,UPTREND,SELL,20,20,60.87,0,0,0,0,0,0.27,False
2026-08-03 13:44:40,GTCUSDT,UPTREND,SELL,25,25,69.35,0,0,0,0,40,0.0,False
2026-08-03 13:44:40,PHAUSDT,UPTREND,SELL,25,25,66.67,0,0,0,0,25,0.03,False
2026-08-03 13:44:40,DEXEUSDT,DOWNTREND,WAIT,30,30,33.0,0,0,0,0,100,0.35,False
2026-08-03 13:44:40,C98USDT,UPTREND,WAIT,50,50,65.0,0,0,0,0,70,0.66,False
2026-08-03 13:44:40,QNTUSDT,UPTREND,SELL,25,25,69.51,0,0,0,0,20,0.0,False
2026-08-03 13:44:40,FLOWUSDT,SIDEWAYS,SELL,0,0,47.06,0,0,0,0,40,0.0,False
2026-08-03 13:44:40,MINAUSDT,SIDEWAYS,SELL,25,25,33.33,0,0,0,0,0,0.0,False
2026-08-03 13:44:40,RAYUSDT,UPTREND,BUY,90,90,71.43,0,0,0,0,80,14.5,False
2026-08-03 13:44:40,QUICKUSDT,UPTREND,SELL,0,0,100,0,0,0,0,0,0.0,False
2026-08-03 13:44:40,REQUSDT,UPTREND,WAIT,55,55,66.67,0,0,0,0,40,1.5,False
2026-08-03 13:44:40,WAXPUSDT,SIDEWAYS,SELL,0,0,46.67,0,0,0,0,75,0.03,False
2026-08-03 13:44:40,GNOUSDT,SIDEWAYS,SELL,25,25,46.67,0,0,0,0,0,0.04,False
2026-08-03 13:44:40,XECUSDT,DOWNTREND,SELL,0,0,38.46,0,0,0,0,0,0.0,False
2026-08-03 13:44:40,DYDXUSDT,UPTREND,WAIT,50,50,70.0,0,0,0,0,0,0.95,False
2026-08-03 13:44:40,USDPUSDT,UPTREND,SELL,0,0,100,0,0,0,0,0,0.0,False
2026-08-03 13:44:40,GALAUSDT,SIDEWAYS,SELL,15,15,41.18,0,0,0,0,0,0.0,False
2026-08-03 13:44:40,ILVUSDT,UPTREND,WAIT,75,75,75.0,0,0,0,0,30,8.53,False
2026-08-03 13:44:40,YGGUSDT,SIDEWAYS,SELL,20,20,52.63,0,0,0,0,0,0.0,False
2026-08-03 13:44:40,FIDAUSDT,UPTREND,SELL,15,15,63.64,0,0,0,0,50,0.43,False
2026-08-03 13:44:40,AGLDUSDT,DOWNTREND,SELL,0,0,33.33,0,0,0,0,0,0.23,False
2026-08-03 13:44:40,RADUSDT,SIDEWAYS,SELL,5,5,50.0,0,0,0,0,70,0.28,False
2026-08-03 13:44:40,RAREUSDT,SIDEWAYS,WAIT,35,35,46.08,0,0,0,0,50,2.49,False
2026-08-03 13:44:40,LAZIOUSDT,SIDEWAYS,SELL,0,0,50.0,0,0,0,0,55,0.08,False
2026-08-03 13:44:40,ADXUSDT,UPTREND,WAIT,70,70,66.67,0,0,0,0,70,1.44,False
2026-08-03 13:44:40,AUCTIONUSDT,SIDEWAYS,SELL,25,25,45.83,0,0,0,0,0,0.0,False
2026-08-03 13:44:40,MOVRUSDT,UPTREND,SELL,25,25,57.14,0,0,0,0,0,0.0,False
2026-08-03 13:44:40,CITYUSDT,SIDEWAYS,SELL,25,25,50.0,0,0,0,0,0,0.0,False
2026-08-03 13:44:40,ENSUSDT,SIDEWAYS,SELL,5,5,50.0,0,0,0,0,0,0.0,False
2026-08-03 13:44:40,QIUSDT,SIDEWAYS,WAIT,40,40,48.28,0,0,0,0,70,1.23,False
2026-08-03 13:44:40,PORTOUSDT,UPTREND,SELL,10,10,100,0,0,0,0,30,0.0,False
2026-08-03 13:44:40,POWRUSDT,UPTREND,SELL,0,0,100,0,0,0,0,0,0.0,False
2026-08-03 13:44:40,JASMYUSDT,DOWNTREND,SELL,0,0,33.33,0,0,0,0,0,0.0,False
2026-08-03 13:44:40,AMPUSDT,DOWNTREND,SELL,0,0,33.33,0,0,0,0,0,0.0,False
2026-08-03 13:44:40,PYRUSDT,UPTREND,SELL,25,25,58.82,0,0,0,0,75,0.01,False
2026-08-03 13:44:40,SANTOSUSDT,UPTREND,SELL,0,0,100,0,0,0,0,30,0.42,False
2026-08-03 13:44:40,BICOUSDT,UPTREND,BUY,100,100,64.86,0,0,0,0,100,3.2,False
2026-08-03 13:44:40,FLUXUSDT,UPTREND,SELL,25,25,60.0,0,0,0,0,0,0.0,False
2026-08-03 13:44:40,CVXUSDT,UPTREND,SELL,20,20,76.92,0,0,0,0,0,0.0,False
2026-08-03 13:44:40,PEOPLEUSDT,SIDEWAYS,SELL,0,0,50.0,0,0,0,0,40,0.0,False
2026-08-03 13:44:40,SPELLUSDT,SIDEWAYS,SELL,25,25,33.33,0,0,0,0,0,0.0,False
2026-08-03 13:44:40,JOEUSDT,UPTREND,SELL,25,25,60.0,0,0,0,0,55,0.06,False
2026-08-03 13:44:40,ACHUSDT,SIDEWAYS,SELL,0,0,50.0,0,0,0,0,30,3.36,False
2026-08-03 13:44:40,IMXUSDT,UPTREND,SELL,20,20,75.0,0,0,0,0,0,0.0,False
2026-08-03 13:44:40,GLMRUSDT,SIDEWAYS,SELL,10,10,46.15,0,0,0,0,45,0.04,False
2026-08-03 13:44:40,SCRTUSDT,UPTREND,BUY,95,95,75.0,0,0,0,0,90,5.47,False
2026-08-03 13:44:40,API3USDT,UPTREND,WAIT,50,50,66.67,0,0,0,0,50,3.58,False
2026-08-03 13:44:40,BTTCUSDT,DOWNTREND,SELL,0,0,40.0,0,0,0,0,80,0.77,False
2026-08-03 13:44:40,XNOUSDT,UPTREND,SELL,10,10,100,0,0,0,0,0,0.0,False
2026-08-03 13:44:40,WOOUSDT,UPTREND,SELL,20,20,70.0,0,0,0,0,0,0.0,False
2026-08-03 13:44:40,ALPINEUSDT,UPTREND,SELL,10,10,100,0,0,0,0,0,0.11,False
2026-08-03 13:44:40,TUSDT,DOWNTREND,SELL,0,0,40.0,0,0,0,0,70,0.69,False
2026-08-03 13:44:40,ASTRUSDT,UPTREND,SELL,25,25,66.18,0,0,0,0,0,0.0,False
2026-08-03 13:44:40,GMTUSDT,UPTREND,SELL,25,25,55.56,0,0,0,0,40,0.0,False
2026-08-03 13:44:40,APEUSDT,UPTREND,WAIT,55,55,66.67,0,0,0,0,50,1.46,False
2026-08-03 13:44:40,STEEMUSDT,UPTREND,SELL,20,20,70.0,0,0,0,0,0,0.0,False
2026-08-03 13:44:40,NEXOUSDT,UPTREND,BUY,85,85,72.22,0,0,0,0,90,0.57,False
2026-08-03 13:44:40,LDOUSDT,SIDEWAYS,SELL,20,20,60.71,0,0,0,0,80,0.24,False
2026-08-03 13:44:40,OPUSDT,SIDEWAYS,WAIT,35,35,66.67,0,0,0,0,90,1.18,False
2026-08-03 13:44:40,STGUSDT,UPTREND,SELL,25,25,66.67,0,0,0,0,0,0.0,False
2026-08-03 13:44:40,LUNCUSDT,UPTREND,WAIT,90,90,62.5,0,0,0,0,100,1.22,False
2026-08-03 13:44:40,GMXUSDT,UPTREND,BUY,85,85,66.67,0,0,0,0,100,0.44,False
2026-08-03 13:44:40,POLYXUSDT,UPTREND,SELL,25,25,66.67,0,0,0,0,0,0.0,False
2026-08-03 13:44:40,APTUSDT,UPTREND,BUY,100,100,66.67,0,0,0,0,90,2.66,False
2026-08-03 13:44:40,OSMOUSDT,SIDEWAYS,SELL,0,0,50.0,0,0,0,0,10,0.22,False
2026-08-03 13:44:40,HFTUSDT,UPTREND,WAIT,70,70,72.87,0,0,0,0,100,0.5,False
2026-08-03 13:44:40,MAGICUSDT,UPTREND,SELL,0,0,100,0,0,0,0,0,3.54,False
2026-08-03 13:44:40,RPLUSDT,UPTREND,SELL,25,25,100,0,0,0,0,0,0.0,False
2026-08-03 13:44:40,GNSUSDT,UPTREND,WAIT,60,60,62.5,0,0,0,0,0,0.89,False
2026-08-03 13:44:40,SYNUSDT,DOWNTREND,WAIT,45,45,43.56,0,0,0,0,100,1.62,False
2026-08-03 13:44:40,SSVUSDT,DOWNTREND,SELL,0,0,37.5,0,0,0,0,0,0.25,False
2026-08-03 13:44:40,LQTYUSDT,UPTREND,SELL,25,25,66.67,0,0,0,0,0,0.0,False
2026-08-03 13:44:40,USTCUSDT,SIDEWAYS,SELL,15,15,42.86,0,0,0,0,0,0.0,False
2026-08-03 13:44:40,GASUSDT,UPTREND,SELL,25,25,70.0,0,0,0,0,0,0.0,False
2026-08-03 13:44:40,GLMUSDT,UPTREND,WAIT,55,55,75.0,0,0,0,0,0,2.28,False
2026-08-03 13:44:40,PROMUSDT,DOWNTREND,WAIT,30,30,41.03,0,0,0,0,90,0.69,False
2026-08-03 13:44:40,QKCUSDT,UPTREND,SELL,0,0,92.31,0,0,0,0,20,0.35,False
2026-08-03 13:44:40,IDUSDT,UPTREND,SELL,0,0,100,0,0,0,0,0,0.0,False
2026-08-03 13:44:40,ARBUSDT,SIDEWAYS,SELL,20,20,60.0,0,0,0,0,80,0.25,False
2026-08-03 13:44:40,WBTCUSDT,UPTREND,SELL,25,25,70.43,0,0,0,0,0,0.0,False
2026-08-03 13:44:40,EDUUSDT,SIDEWAYS,SELL,25,25,50.0,0,0,0,0,75,0.06,False
2026-08-03 13:44:40,SUIUSDT,UPTREND,SELL,25,25,82.54,0,0,0,0,90,0.13,False
2026-08-03 13:44:40,PEPEUSDT,SIDEWAYS,SELL,25,25,50.0,0,0,0,0,75,0.07,False
2026-08-03 13:44:40,FLOKIUSDT,UPTREND,SELL,25,25,63.16,0,0,0,0,65,0.06,False
2026-08-03 13:44:40,MAVUSDT,UPTREND,WAIT,65,65,65.0,0,0,0,0,0,2.53,False
2026-08-03 13:44:40,PENDLEUSDT,UPTREND,WAIT,70,70,75.0,0,0,0,0,90,0.57,False
2026-08-03 13:44:40,ARKMUSDT,UPTREND,SELL,10,10,81.82,0,0,0,0,25,0.03,False
2026-08-03 13:44:40,WBETHUSDT,UPTREND,SELL,25,25,57.89,0,0,0,0,0,0.0,False
2026-08-03 13:44:40,WLDUSDT,UPTREND,WAIT,40,40,76.06,0,0,0,0,100,0.36,False
2026-08-03 13:44:40,FDUSDUSDT,SIDEWAYS,SELL,0,0,100,0,0,0,0,40,0.0,False
2026-08-03 13:44:40,SEIUSDT,UPTREND,WAIT,100,100,63.27,0,0,0,0,90,3.9,False
2026-08-03 13:44:40,CYBERUSDT,SIDEWAYS,SELL,25,25,50.0,0,0,0,0,0,0.0,False
2026-08-03 13:44:40,ARKUSDT,UPTREND,WAIT,30,30,81.25,0,0,0,0,0,3.85,False
2026-08-03 13:44:40,IQUSDT,UPTREND,SELL,0,0,100,0,0,0,0,0,0.0,False
2026-08-03 13:44:40,TIAUSDT,UPTREND,SELL,25,25,56.41,0,0,0,0,75,0.06,False
2026-08-03 13:44:40,MEMEUSDT,UPTREND,SELL,5,5,100,0,0,0,0,50,1.37,False
2026-08-03 13:44:40,ORDIUSDT,UPTREND,SELL,25,25,78.26,0,0,0,0,75,0.03,False
2026-08-03 13:44:40,BEAMXUSDT,UPTREND,SELL,25,25,60.0,0,0,0,0,0,0.0,False
2026-08-03 13:44:40,PIVXUSDT,UPTREND,SELL,25,25,57.14,0,0,0,0,75,0.08,False
2026-08-03 13:44:41,VICUSDT,UPTREND,BUY,95,95,74.23,0,0,0,0,100,4.34,False
2026-08-03 13:44:41,BLURUSDT,UPTREND,SELL,25,25,60.0,0,0,0,0,0,0.0,False
2026-08-03 13:44:41,VANRYUSDT,UPTREND,WAIT,35,35,61.66,0,0,0,0,90,0.19,False
2026-08-03 13:44:41,JTOUSDT,UPTREND,BUY,85,85,69.86,0,0,0,0,90,0.84,False
2026-08-03 13:44:41,1000SATSUSDT,SIDEWAYS,SELL,10,10,47.37,0,0,0,0,65,0.02,False
2026-08-03 13:44:41,BONKUSDT,UPTREND,SELL,25,25,75.0,0,0,0,0,0,0.0,False
2026-08-03 13:44:41,ACEUSDT,DOWNTREND,SELL,0,0,35.71,0,0,0,0,90,0.24,False
2026-08-03 13:44:41,AIUSDT,SIDEWAYS,SELL,0,0,50.0,0,0,0,0,30,0.0,False
2026-08-03 13:44:41,XAIUSDT,UPTREND,SELL,25,25,60.0,0,0,0,0,0,0.0,False
2026-08-03 13:44:41,MANTAUSDT,UPTREND,SELL,25,25,70.59,0,0,0,0,60,0.1,False
2026-08-03 13:44:41,ALTUSDT,UPTREND,SELL,20,20,60.0,0,0,0,0,10,0.19,False
2026-08-03 13:44:41,JUPUSDT,UPTREND,SELL,25,25,68.0,0,0,0,0,25,0.1,False
2026-08-03 13:44:41,PYTHUSDT,UPTREND,SELL,25,25,71.11,0,0,0,0,70,0.27,False
2026-08-03 13:44:41,RONINUSDT,SIDEWAYS,SELL,0,0,50.0,0,0,0,0,0,0.0,False
2026-08-03 13:44:41,DYMUSDT,UPTREND,SELL,0,0,80.95,0,0,0,0,25,0.1,False
2026-08-03 13:44:41,PIXELUSDT,SIDEWAYS,SELL,0,0,50.0,0,0,0,0,0,0.0,False
2026-08-03 13:44:41,STRKUSDT,UPTREND,SELL,25,25,58.97,0,0,0,0,75,0.01,False
2026-08-03 13:44:41,PORTALUSDT,UPTREND,SELL,25,25,63.16,0,0,0,0,50,0.0,False
2026-08-03 13:44:41,AXLUSDT,UPTREND,SELL,0,0,100,0,0,0,0,0,0.0,False
2026-08-03 13:44:41,WIFUSDT,UPTREND,WAIT,65,65,57.14,0,0,0,0,70,0.86,False
2026-08-03 13:44:41,METISUSDT,UPTREND,WAIT,35,35,100,0,0,0,0,70,0.95,False
2026-08-03 13:44:41,AEVOUSDT,SIDEWAYS,SELL,0,0,50.0,0,0,0,0,65,0.09,False
2026-08-03 13:44:41,BOMEUSDT,SIDEWAYS,SELL,10,10,46.22,0,0,0,0,100,1.4,False
2026-08-03 13:44:41,ETHFIUSDT,UPTREND,BUY,80,80,63.83,0,0,0,0,100,0.46,False
2026-08-03 13:44:41,ENAUSDT,UPTREND,BUY,85,85,65.38,0,0,0,0,100,0.83,False
2026-08-03 13:44:41,WUSDT,UPTREND,SELL,25,25,66.67,0,0,0,0,0,0.0,False
2026-08-03 13:44:41,TNSRUSDT,DOWNTREND,SELL,0,0,0.0,0,0,0,0,0,0.0,False
2026-08-03 13:44:41,SAGAUSDT,UPTREND,SELL,25,25,57.14,0,0,0,0,40,0.0,False
2026-08-03 13:44:41,TAOUSDT,SIDEWAYS,SELL,25,25,57.14,0,0,0,0,75,0.04,False
2026-08-03 13:44:41,REZUSDT,SIDEWAYS,SELL,0,0,48.0,0,0,0,0,70,0.44,False
2026-08-03 13:44:41,BBUSDT,UPTREND,SELL,25,25,61.54,0,0,0,0,70,0.14,False
2026-08-03 13:44:41,NOTUSDT,UPTREND,SELL,0,0,100,0,0,0,0,30,4.89,False
2026-08-03 13:44:41,IOUSDT,UPTREND,WAIT,45,45,70.0,0,0,0,0,30,2.45,False
2026-08-03 13:44:41,ZKUSDT,UPTREND,SELL,25,25,62.5,0,0,0,0,25,0.04,False
2026-08-03 13:44:41,LISTAUSDT,UPTREND,SELL,25,25,66.67,0,0,0,0,0,0.0,False
2026-08-03 13:44:41,ZROUSDT,DOWNTREND,SELL,25,25,42.86,0,0,0,0,50,3.88,False
2026-08-03 13:44:41,GUSDT,SIDEWAYS,SELL,20,20,50.0,0,0,0,0,0,0.0,False
2026-08-03 13:44:41,BANANAUSDT,DOWNTREND,SELL,10,10,34.48,0,0,0,0,65,0.03,False
2026-08-03 13:44:41,RENDERUSDT,UPTREND,WAIT,70,70,64.29,0,0,0,0,70,0.26,False
2026-08-03 13:44:41,DOGSUSDT,UPTREND,SELL,25,25,61.54,0,0,0,0,65,0.02,False
2026-08-03 13:44:41,EURIUSDT,DOWNTREND,SELL,0,0,40.0,0,0,0,0,20,0.0,False
2026-08-03 13:44:41,POLUSDT,UPTREND,SELL,25,25,58.0,0,0,0,0,75,0.08,False
2026-08-03 13:44:41,NEIROUSDT,UPTREND,SELL,25,25,65.33,0,0,0,0,75,0.05,False
2026-08-03 13:44:41,TURBOUSDT,UPTREND,SELL,0,0,100,0,0,0,0,0,0.0,False
2026-08-03 13:44:41,1MBABYDOGEUSDT,SIDEWAYS,SELL,25,25,54.84,0,0,0,0,0,0.01,False
2026-08-03 13:44:41,CATIUSDT,UPTREND,SELL,0,0,85.71,0,0,0,0,45,0.0,False
2026-08-03 13:44:41,HMSTRUSDT,SIDEWAYS,WAIT,65,65,60.0,0,0,0,0,90,5.91,False
2026-08-03 13:44:41,EIGENUSDT,UPTREND,BUY,90,90,62.5,0,0,0,0,70,1.92,False
2026-08-03 13:44:41,SCRUSDT,SIDEWAYS,SELL,25,25,54.55,0,0,0,0,80,0.11,False
2026-08-03 13:44:41,BNSOLUSDT,UPTREND,SELL,25,25,66.67,0,0,0,0,0,0.0,False
2026-08-03 13:44:41,LUMIAUSDT,SIDEWAYS,WAIT,45,45,36.36,0,0,0,0,50,11.33,False
2026-08-03 13:44:41,KAIAUSDT,SIDEWAYS,SELL,0,0,100,0,0,0,0,0,0.0,False
2026-08-03 13:44:41,COWUSDT,UPTREND,SELL,25,25,75.0,0,0,0,0,0,0.0,False
2026-08-03 13:44:41,CETUSUSDT,UPTREND,SELL,0,0,91.67,0,0,0,0,0,1.18,False
2026-08-03 13:44:41,PNUTUSDT,UPTREND,WAIT,40,40,66.67,0,0,0,0,50,1.07,False
2026-08-03 13:44:41,ACTUSDT,UPTREND,SELL,25,25,57.14,0,0,0,0,0,0.0,False
2026-08-03 13:44:41,USUALUSDT,SIDEWAYS,WAIT,60,60,44.44,0,0,0,0,70,3.56,False
2026-08-03 13:44:41,THEUSDT,SIDEWAYS,SELL,20,20,50.0,0,0,0,0,0,0.0,False
2026-08-03 13:44:41,ACXUSDT,UPTREND,BUY,95,95,72.6,0,0,0,0,100,11.62,False
2026-08-03 13:44:41,ORCAUSDT,UPTREND,SELL,10,10,83.33,0,0,0,0,0,0.0,False
2026-08-03 13:44:41,MOVEUSDT,SIDEWAYS,SELL,0,0,100,0,0,0,0,75,0.03,False
2026-08-03 13:44:41,MEUSDT,UPTREND,SELL,0,0,84.91,0,0,0,0,20,0.0,False
2026-08-03 13:44:41,VELODROMEUSDT,UPTREND,SELL,0,0,90.0,0,0,0,0,0,0.0,False
2026-08-03 13:44:41,VANAUSDT,SIDEWAYS,SELL,15,15,50.0,0,0,0,0,50,1.49,False
2026-08-03 13:44:41,1000CATUSDT,SIDEWAYS,SELL,0,0,100,0,0,0,0,0,0.0,False
2026-08-03 13:44:41,PENGUUSDT,UPTREND,WAIT,70,70,69.51,0,0,0,0,100,0.71,False
2026-08-03 13:44:41,BIOUSDT,UPTREND,SELL,25,25,60.0,0,0,0,0,20,0.0,False
2026-08-03 13:44:41,AIXBTUSDT,UPTREND,SELL,25,25,57.89,0,0,0,0,0,0.0,False
2026-08-03 13:44:41,CGPTUSDT,UPTREND,WAIT,85,85,66.15,0,0,0,0,70,4.98,False
2026-08-03 13:44:41,COOKIEUSDT,UPTREND,SELL,0,0,100,0,0,0,0,0,0.0,False
2026-08-03 13:44:41,SUSDT,DOWNTREND,SELL,20,20,33.33,0,0,0,0,100,1.15,False
2026-08-03 13:44:41,SOLVUSDT,DOWNTREND,SELL,0,0,33.33,0,0,0,0,0,0.0,False
2026-08-03 13:44:41,TRUMPUSDT,UPTREND,BUY,80,80,64.29,0,0,0,0,90,0.23,False
2026-08-03 13:44:41,ANIMEUSDT,UPTREND,SELL,25,25,66.67,0,0,0,0,0,0.0,False
2026-08-03 13:44:41,BERAUSDT,UPTREND,SELL,25,25,72.73,0,0,0,0,45,0.03,False
2026-08-03 13:44:41,1000CHEEMSUSDT,SIDEWAYS,WAIT,40,40,55.56,0,0,0,0,100,0.6,False
2026-08-03 13:44:41,TSTUSDT,DOWNTREND,SELL,0,0,38.89,0,0,0,0,20,0.0,False
2026-08-03 13:44:41,LAYERUSDT,SIDEWAYS,SELL,25,25,50.0,0,0,0,0,0,0.0,False
2026-08-03 13:44:41,HEIUSDT,SIDEWAYS,SELL,10,10,50.0,0,0,0,0,65,0.04,False
2026-08-03 13:44:41,KAITOUSDT,DOWNTREND,SELL,25,25,41.29,0,0,0,0,90,0.14,False
2026-08-03 13:44:41,SHELLUSDT,UPTREND,SELL,0,0,100,0,0,0,0,0,0.0,False
2026-08-03 13:44:41,REDUSDT,SIDEWAYS,SELL,25,25,50.0,0,0,0,0,0,0.0,False
2026-08-03 13:44:41,GPSUSDT,UPTREND,SELL,25,25,58.97,0,0,0,0,45,0.02,False
2026-08-03 13:44:41,EPICUSDT,SIDEWAYS,WAIT,65,65,48.59,0,0,0,0,100,0.5,False
2026-08-03 13:44:41,BMTUSDT,DOWNTREND,SELL,0,0,41.18,0,0,0,0,45,0.07,False
2026-08-03 13:44:41,FORMUSDT,DOWNTREND,SELL,0,0,41.67,0,0,0,0,20,0.0,False
2026-08-03 13:44:41,XUSDUSDT,UPTREND,SELL,0,0,100,0,0,0,0,0,0.0,False
2026-08-03 13:44:41,NILUSDT,DOWNTREND,SELL,20,20,40.0,0,0,0,0,100,1.13,False
2026-08-03 13:44:41,PARTIUSDT,UPTREND,SELL,0,0,100,0,0,0,0,0,0.0,False
2026-08-03 13:44:41,MUBARAKUSDT,DOWNTREND,SELL,10,10,25.0,0,0,0,0,75,0.02,False
2026-08-03 13:44:41,TUTUSDT,SIDEWAYS,SELL,25,25,45.71,0,0,0,0,75,0.03,False
2026-08-03 13:44:41,BROCCOLI714USDT,SIDEWAYS,SELL,0,0,53.33,0,0,0,0,40,0.0,False
2026-08-03 13:44:41,BANANAS31USDT,UPTREND,SELL,25,25,56.38,0,0,0,0,40,0.0,False
2026-08-03 13:44:41,GUNUSDT,UPTREND,SELL,5,5,100,0,0,0,0,75,0.03,False
2026-08-03 13:44:41,BABYUSDT,UPTREND,SELL,15,15,76.19,0,0,0,0,90,0.21,False
2026-08-03 13:44:41,ONDOUSDT,UPTREND,WAIT,65,65,60.0,0,0,0,0,100,0.26,False
2026-08-03 13:44:41,BIGTIMEUSDT,UPTREND,SELL,0,0,83.33,0,0,0,0,0,0.0,False
2026-08-03 13:44:41,VIRTUALUSDT,UPTREND,SELL,25,25,68.09,0,0,0,0,65,0.05,False
2026-08-03 13:44:41,KERNELUSDT,UPTREND,SELL,0,0,100,0,0,0,0,0,0.0,False
2026-08-03 13:44:41,WCTUSDT,UPTREND,WAIT,50,50,63.16,0,0,0,0,70,0.71,False
2026-08-03 13:44:41,HYPERUSDT,UPTREND,SELL,25,25,66.67,0,0,0,0,40,0.0,False
2026-08-03 13:44:41,INITUSDT,UPTREND,SELL,25,25,75.0,0,0,0,0,0,0.0,False
2026-08-03 13:44:41,SIGNUSDT,DOWNTREND,WAIT,30,30,40.0,0,0,0,0,90,5.26,False
2026-08-03 13:44:41,STOUSDT,UPTREND,WAIT,50,50,60.0,0,0,0,0,30,8.22,False
2026-08-03 13:44:41,SYRUPUSDT,UPTREND,SELL,25,25,60.0,0,0,0,0,20,0.0,False
2026-08-03 13:44:41,KMNOUSDT,SIDEWAYS,WAIT,40,40,52.94,0,0,0,0,0,27.86,False
2026-08-03 13:44:41,SXTUSDT,UPTREND,SELL,0,0,100,0,0,0,0,0,0.0,False
2026-08-03 13:44:41,NXPCUSDT,UPTREND,SELL,5,5,80.0,0,0,0,0,50,0.47,False
2026-08-03 13:44:41,AWEUSDT,DOWNTREND,SELL,5,5,31.03,0,0,0,0,0,0.0,False
2026-08-03 13:44:41,HAEDALUSDT,UPTREND,SELL,25,25,64.29,0,0,0,0,0,0.0,False
2026-08-03 13:44:41,USD1USDT,SIDEWAYS,SELL,25,25,50.0,0,0,0,0,90,0.14,False
2026-08-03 13:44:41,HUMAUSDT,SIDEWAYS,SELL,20,20,34.48,0,0,0,0,50,0.73,False
2026-08-03 13:44:41,AUSDT,UPTREND,SELL,10,10,83.33,0,0,0,0,20,0.0,False
2026-08-03 13:44:41,SOPHUSDT,UPTREND,SELL,0,0,100,0,0,0,0,0,0.0,False
2026-08-03 13:44:41,RESOLVUSDT,UPTREND,SELL,25,25,63.64,0,0,0,0,0,0.0,False
2026-08-03 13:44:41,HOMEUSDT,UPTREND,SELL,25,25,56.0,0,0,0,0,90,0.11,False
2026-08-03 13:44:41,SPKUSDT,SIDEWAYS,SELL,5,5,48.42,0,0,0,0,90,1.03,False
2026-08-03 13:44:41,NEWTUSDT,UPTREND,SELL,20,20,66.67,0,0,0,0,0,0.0,False
2026-08-03 13:44:41,SAHARAUSDT,UPTREND,SELL,0,0,88.89,0,0,0,0,40,0.0,False
2026-08-03 13:44:41,LAUSDT,DOWNTREND,SELL,0,0,0.0,0,0,0,0,70,0.51,False
2026-08-03 13:44:41,ERAUSDT,SIDEWAYS,SELL,25,25,33.33,0,0,0,0,75,0.0,False
2026-08-03 13:44:41,CUSDT,UPTREND,SELL,25,25,58.82,0,0,0,0,90,0.14,False
2026-08-03 13:44:41,TREEUSDT,UPTREND,SELL,0,0,100,0,0,0,0,0,0.0,False
2026-08-03 13:44:41,TOWNSUSDT,UPTREND,SELL,25,25,66.67,0,0,0,0,0,0.0,False
2026-08-03 13:44:41,PROVEUSDT,SIDEWAYS,SELL,25,25,25.0,0,0,0,0,0,0.0,False
2026-08-03 13:44:41,BFUSDUSDT,SIDEWAYS,SELL,0,0,100,0,0,0,0,0,0.0,False
2026-08-03 13:44:41,PLUMEUSDT,UPTREND,SELL,20,20,86.67,0,0,0,0,50,17.86,False
2026-08-03 13:44:41,DOLOUSDT,UPTREND,SELL,5,5,80.56,0,0,0,0,0,1.2,False
2026-08-03 13:44:41,MITOUSDT,SIDEWAYS,WAIT,40,40,56.25,0,0,0,0,70,1.52,False
2026-08-03 13:44:41,WLFIUSDT,SIDEWAYS,SELL,0,0,50.0,0,0,0,0,45,0.07,False
2026-08-03 13:44:41,SOMIUSDT,UPTREND,SELL,25,25,70.59,0,0,0,0,75,0.04,False
2026-08-03 13:44:41,OPENUSDT,SIDEWAYS,SELL,25,25,52.78,0,0,0,0,80,0.14,False
2026-08-03 13:44:41,USDEUSDT,UPTREND,SELL,0,0,100,0,0,0,0,0,0.0,False
2026-08-03 13:44:41,LINEAUSDT,UPTREND,SELL,25,25,75.0,0,0,0,0,0,0.0,False
2026-08-03 13:44:41,HOLOUSDT,UPTREND,WAIT,40,40,75.0,0,0,0,0,80,0.23,False
2026-08-03 13:44:41,PUMPUSDT,UPTREND,WAIT,35,35,55.88,0,0,0,0,90,0.2,False
2026-08-03 13:44:41,AVNTUSDT,SIDEWAYS,SELL,25,25,53.85,0,0,0,0,0,0.0,False
2026-08-03 13:44:41,ZKCUSDT,UPTREND,SELL,25,25,75.0,0,0,0,0,0,0.0,False
2026-08-03 13:44:41,SKYUSDT,UPTREND,SELL,10,10,80.28,0,0,0,0,25,0.06,False
2026-08-03 13:44:41,BARDUSDT,UPTREND,SELL,25,25,62.5,0,0,0,0,30,0.48,False
2026-08-03 13:44:41,0GUSDT,UPTREND,SELL,25,25,66.67,0,0,0,0,0,0.0,False
2026-08-03 13:44:41,HEMIUSDT,UPTREND,WAIT,40,40,55.56,0,0,0,0,70,0.47,False
2026-08-03 13:44:41,XPLUSDT,UPTREND,SELL,25,25,75.56,0,0,0,0,75,0.05,False
2026-08-03 13:44:41,MIRAUSDT,UPTREND,BUY,75,75,55.56,0,0,0,0,100,1.06,False
2026-08-03 13:44:41,FFUSDT,DOWNTREND,SELL,25,25,31.58,0,0,0,0,75,0.1,False
2026-08-03 13:44:41,EDENUSDT,SIDEWAYS,SELL,20,20,50.63,0,0,0,0,100,0.69,False
2026-08-03 13:44:41,NOMUSDT,SIDEWAYS,WAIT,35,35,50.0,0,0,0,0,50,2.48,False
2026-08-03 13:44:41,2ZUSDT,UPTREND,SELL,10,10,61.63,0,0,0,0,20,0.24,False
2026-08-03 13:44:41,MORPHOUSDT,SIDEWAYS,WAIT,30,30,53.85,0,0,0,0,100,0.43,False
2026-08-03 13:44:41,ASTERUSDT,UPTREND,SELL,25,25,57.14,0,0,0,0,20,0.0,False
2026-08-03 13:44:41,WALUSDT,SIDEWAYS,SELL,20,20,50.0,0,0,0,0,0,0.0,False
2026-08-03 13:44:41,EULUSDT,UPTREND,BUY,95,95,68.85,0,0,0,0,100,0.72,False
2026-08-03 13:44:41,ENSOUSDT,DOWNTREND,SELL,0,0,7.89,0,0,0,0,90,0.16,False
2026-08-03 13:44:41,YBUSDT,UPTREND,SELL,25,25,63.64,0,0,0,0,0,0.0,False
2026-08-03 13:44:41,ZBTUSDT,DOWNTREND,SELL,0,0,10.0,0,0,0,0,40,0.0,False
2026-08-03 13:44:41,TURTLEUSDT,DOWNTREND,SELL,0,0,33.33,0,0,0,0,0,0.0,False
2026-08-03 13:44:41,GIGGLEUSDT,DOWNTREND,WAIT,60,60,28.95,0,0,0,0,100,2.03,False
2026-08-03 13:44:41,FUSDT,UPTREND,SELL,0,0,100,0,0,0,0,0,0.0,False
2026-08-03 13:44:41,KITEUSDT,SIDEWAYS,WAIT,45,45,42.86,0,0,0,0,100,0.35,False
2026-08-03 13:44:41,MMTUSDT,SIDEWAYS,SELL,5,5,72.22,0,0,0,0,90,0.15,False
2026-08-03 13:44:41,SAPIENUSDT,UPTREND,SELL,25,25,66.67,0,0,0,0,0,0.0,False
2026-08-03 13:44:41,ALLOUSDT,DOWNTREND,WAIT,50,50,30.88,0,0,0,0,100,0.35,False
2026-08-03 13:44:41,BANKUSDT,DOWNTREND,SELL,5,5,44.44,0,0,0,0,100,0.43,False
2026-08-03 13:44:41,METUSDT,UPTREND,WAIT,55,55,56.25,0,0,0,0,0,0.72,False
2026-08-03 13:44:41,ATUSDT,DOWNTREND,SELL,0,0,25.0,0,0,0,0,0,0.0,False
2026-08-03 13:44:41,KGSTUSDT,SIDEWAYS,WAIT,55,55,50.0,0,0,0,0,30,2.18,False
2026-08-03 13:44:41,BREVUSDT,DOWNTREND,SELL,0,0,33.33,0,0,0,0,45,0.05,False
2026-08-03 13:44:41,币安人生USDT,UPTREND,WAIT,60,60,72.46,0,0,0,0,100,0.28,False
2026-08-03 13:44:41,ZKPUSDT,DOWNTREND,SELL,0,0,33.33,0,0,0,0,0,0.0,False
2026-08-03 13:44:41,UUSDT,SIDEWAYS,BUY,90,90,50.0,0,0,0,0,100,1.38,False
2026-08-03 13:44:41,FRAXUSDT,DOWNTREND,SELL,0,0,25.0,0,0,0,0,45,0.09,False
2026-08-03 13:44:41,FOGOUSDT,UPTREND,SELL,25,25,57.14,0,0,0,0,25,0.06,False
2026-08-03 13:44:41,RLUSDUSDT,DOWNTREND,SELL,0,0,40.0,0,0,0,0,25,0.07,False
2026-08-03 13:44:41,SENTUSDT,DOWNTREND,SELL,15,15,28.57,0,0,0,0,80,0.13,False
2026-08-03 13:44:41,ZAMAUSDT,UPTREND,SELL,25,25,61.33,0,0,0,0,75,0.04,False
2026-08-03 13:44:41,ESPUSDT,SIDEWAYS,SELL,0,0,50.0,0,0,0,0,50,0.0,False
2026-08-03 13:44:41,MANTRAUSDT,DOWNTREND,SELL,0,0,37.5,0,0,0,0,100,0.38,False
2026-08-03 13:44:41,ROBOUSDT,DOWNTREND,SELL,0,0,30.77,0,0,0,0,0,0.0,False
2026-08-03 13:44:41,OPNUSDT,DOWNTREND,SELL,0,0,33.33,0,0,0,0,45,0.02,False
2026-08-03 13:44:41,NIGHTUSDT,UPTREND,WAIT,100,100,57.14,0,0,0,0,100,2.55,False
2026-08-03 13:44:41,CFGUSDT,UPTREND,WAIT,55,55,58.82,0,0,0,0,50,0.65,False
2026-08-03 13:44:41,KATUSDT,UPTREND,SELL,25,25,66.67,0,0,0,0,0,0.42,False
2026-08-03 13:44:41,XAUTUSDT,SIDEWAYS,SELL,20,20,45.72,0,0,0,0,90,0.21,False
2026-08-03 13:44:41,USDSUSDT,SIDEWAYS,SELL,0,0,100,0,0,0,0,0,0.0,False
2026-08-03 13:44:41,CHIPUSDT,UPTREND,SELL,25,25,64.71,0,0,0,0,0,0.0,False
2026-08-03 13:44:41,MEGAUSDT,UPTREND,WAIT,70,70,69.57,0,0,0,0,90,0.74,False
2026-08-03 13:44:41,AIGENSYNUSDT,UPTREND,SELL,25,25,68.42,0,0,0,0,60,0.13,False
2026-08-03 13:44:41,GENIUSUSDT,SIDEWAYS,WAIT,70,70,45.55,0,0,0,0,90,0.85,False
2026-08-03 13:44:41,OPGUSDT,SIDEWAYS,SELL,0,0,45.45,0,0,0,0,0,0.0,False
2026-08-03 13:44:41,MUBUSDT,SIDEWAYS,BUY,75,75,62.44,0,0,0,0,100,1.59,False
2026-08-03 13:44:41,CRCLBUSDT,SIDEWAYS,SELL,0,0,48.03,0,0,0,0,100,0.26,False
2026-08-03 13:44:41,NVDABUSDT,SIDEWAYS,SELL,5,5,51.33,0,0,0,0,65,0.06,False
2026-08-03 13:44:41,SNDKBUSDT,UPTREND,BUY,100,100,71.75,0,0,0,0,100,3.93,False
2026-08-03 13:44:41,TSLABUSDT,UPTREND,BUY,85,85,73.95,0,0,0,0,100,0.55,False
2026-08-03 13:44:41,SPCXBUSDT,UPTREND,BUY,95,95,74.49,0,0,0,0,100,1.82,False
2026-08-03 13:44:41,REUSDT,DOWNTREND,SELL,10,10,41.38,0,0,0,0,75,0.05,False
2026-08-03 13:44:41,AMDBUSDT,SIDEWAYS,WAIT,55,55,55.25,0,0,0,0,90,1.36,False
2026-08-03 13:44:41,EWYBUSDT,DOWNTREND,SELL,10,10,40.56,0,0,0,0,70,0.46,False
2026-08-03 13:44:42,INTCBUSDT,SIDEWAYS,WAIT,60,60,52.42,0,0,0,0,90,3.29,False
2026-08-03 13:44:42,MSTRBUSDT,UPTREND,BUY,100,100,74.57,0,0,0,0,70,4.0,False
2026-08-03 13:44:42,LITEBUSDT,SIDEWAYS,WAIT,55,55,63.65,0,0,0,0,55,4.1,False
2026-08-03 13:44:42,METABUSDT,UPTREND,WAIT,65,65,73.42,0,0,0,0,35,1.0,False
2026-08-03 13:44:42,MSFTBUSDT,UPTREND,SELL,25,25,81.05,0,0,0,0,15,1.15,False
2026-08-03 13:44:42,PLTRBUSDT,SIDEWAYS,SELL,20,20,56.94,0,0,0,0,50,0.31,False
2026-08-03 13:44:42,QQQBUSDT,UPTREND,BUY,95,95,70.52,0,0,0,0,90,1.98,False
2026-08-03 13:44:42,GRAMUSDT,UPTREND,BUY,100,100,62.5,0,0,0,0,100,8.92,False
2026-08-03 13:44:42,CBRSBUSDT,SIDEWAYS,SELL,0,0,72.81,0,0,0,0,0,0.21,False
2026-08-03 13:44:42,COINBUSDT,SIDEWAYS,WAIT,55,55,57.08,0,0,0,0,50,31.31,False
2026-08-03 13:44:42,DRAMBUSDT,SIDEWAYS,WAIT,45,45,53.92,0,0,0,0,90,1.39,False
2026-08-03 13:44:42,GLWBUSDT,UPTREND,SELL,20,20,87.06,0,0,0,0,15,0.5,False
2026-08-03 13:44:42,GOOGLBUSDT,UPTREND,WAIT,60,60,90.23,0,0,0,0,90,0.87,False
2026-08-03 13:44:42,NBISBUSDT,UPTREND,WAIT,65,65,83.46,0,0,0,0,100,1.86,False
2026-08-03 13:44:42,QCOMBUSDT,DOWNTREND,SELL,0,0,32.38,0,0,0,0,0,0.19,False
2026-08-03 13:44:42,SOXLBUSDT,SIDEWAYS,WAIT,45,45,50.59,0,0,0,0,100,1.73,False
2026-08-03 13:44:42,SPYBUSDT,SIDEWAYS,WAIT,85,85,54.58,0,0,0,0,15,18.11,False
2026-08-03 13:44:42,WDCBUSDT,SIDEWAYS,SELL,15,15,45.45,0,0,0,0,35,3.2,False
2026-08-03 13:44:42,SKHYBUSDT,SIDEWAYS,WAIT,45,45,50.36,0,0,0,0,100,1.88,False
2026-08-03 13:44:42,AAOIBUSDT,UPTREND,WAIT,55,55,74.51,0,0,0,0,0,0.91,False
2026-08-03 13:44:42,ARMBUSDT,SIDEWAYS,SELL,25,25,67.81,0,0,0,0,80,0.11,False
2026-08-03 13:44:42,AVGOBUSDT,DOWNTREND,SELL,10,10,28.35,0,0,0,0,0,0.93,False
2026-08-03 13:44:42,BABABUSDT,UPTREND,WAIT,75,75,72.96,0,0,0,0,0,12.81,False
2026-08-03 13:44:42,HOODBUSDT,SIDEWAYS,SELL,15,15,49.61,0,0,0,0,25,0.07,False
2026-08-03 13:44:42,IBMBUSDT,DOWNTREND,SELL,15,15,42.46,0,0,0,0,0,0.56,False
2026-08-03 13:44:42,MRVLBUSDT,SIDEWAYS,SELL,5,5,53.91,0,0,0,0,60,0.14,False
2026-08-03 13:44:42,NOKBUSDT,UPTREND,SELL,0,0,90.48,0,0,0,0,0,0.16,False
2026-08-03 13:44:42,TSMBUSDT,UPTREND,WAIT,50,50,55.33,0,0,0,0,35,0.52,False
2026-08-03 13:44:42,RKLBBUSDT,UPTREND,SELL,0,0,80.92,0,0,0,0,0,0.17,False
2026-08-03 13:44:42,AEROUSDT,UPTREND,SELL,25,25,67.27,0,0,0,0,45,0.01,False
2026-08-03 13:44:42,AXTIBUSDT,UPTREND,BUY,80,80,83.67,0,0,0,0,90,5.35,False
2026-08-03 13:44:42,CRWVBUSDT,UPTREND,WAIT,40,40,91.03,0,0,0,0,30,2.67,False
2026-08-03 13:44:42,INTWBUSDT,SIDEWAYS,SELL,10,10,50.69,0,0,0,0,50,1.38,False
2026-08-03 13:44:42,KORUBUSDT,DOWNTREND,WAIT,55,55,42.92,0,0,0,0,90,4.05,False
2026-08-03 13:44:42,MUUBUSDT,SIDEWAYS,WAIT,70,70,60.51,0,0,0,0,90,0.81,False
2026-08-03 13:44:42,MVLLBUSDT,SIDEWAYS,SELL,15,15,53.47,0,0,0,0,70,0.36,False
2026-08-03 13:44:42,ORCLBUSDT,UPTREND,SELL,25,25,74.06,0,0,0,0,60,0.1,False
2026-08-03 13:44:42,QNTBUSDT,UPTREND,SELL,25,25,62.41,0,0,0,0,0,0.0,False
2026-08-03 13:44:42,SNXXBUSDT,UPTREND,BUY,100,100,70.18,0,0,0,0,100,4.9,False
2026-08-03 13:44:42,TQQQBUSDT,UPTREND,WAIT,95,95,63.51,0,0,0,0,0,3.92,False
2026-08-03 13:44:42,AAPLBUSDT,DOWNTREND,SELL,25,25,31.91,0,0,0,0,30,2.81,False
2026-08-03 13:44:42,AMATBUSDT,DOWNTREND,SELL,20,20,40.52,0,0,0,0,0,16.03,False
2026-08-03 13:44:42,AMZNBUSDT,UPTREND,SELL,25,25,69.14,0,0,0,0,0,0.0,False
2026-08-03 13:44:42,BEBUSDT,UPTREND,SELL,25,25,74.09,0,0,0,0,0,0.12,False
2026-08-03 13:44:42,DELLBUSDT,DOWNTREND,SELL,0,0,40.64,0,0,0,0,0,0.0,False
2026-08-03 13:44:42,FLNCBUSDT,UPTREND,SELL,25,25,77.32,0,0,0,0,0,0.0,False
2026-08-03 13:44:42,GSBUSDT,DOWNTREND,SELL,0,0,0.0,0,0,0,0,0,0.0,False
2026-08-03 13:44:42,PYPLBUSDT,UPTREND,SELL,25,25,57.81,0,0,0,0,0,0.0,False
2026-08-03 13:44:42,SMHBUSDT,DOWNTREND,SELL,0,0,37.91,0,0,0,0,0,0.0,False
2026-08-03 13:44:42,SOXSBUSDT,SIDEWAYS,WAIT,70,70,51.03,0,0,0,0,90,0.27,False
